frame,id,cx,cy,conf,x1,y1,x2,y2
1,1,87,891,0.864,33,795,141,986
1,2,704,752,0.864,663,649,744,854
1,3,1467,795,0.831,1411,703,1523,888
1,4,1503,557,0.819,1463,471,1543,643
1,5,1192,1012,0.817,1140,948,1244,1077
1,6,1175,582,0.815,1140,509,1210,656
1,7,786,536,0.812,750,450,821,622
1,8,294,524,0.808,260,438,329,610
1,9,956,238,0.754,926,171,986,306
1,10,1229,196,0.724,1203,128,1255,265
1,11,1189,213,0.683,1165,148,1212,278
1,12,738,314,0.675,708,238,768,390
1,13,598,344,0.65,569,279,627,410
1,14,1481,402,0.64,1446,320,1516,484
1,15,1821,209,0.592,1792,144,1850,273
1,16,118,191,0.547,94,132,143,250
1,17,371,569,0.54,344,495,398,644
1,18,874,131,0.513,853,70,895,192
1,19,912,152,0.499,891,91,933,212
1,20,821,141,0.483,797,77,845,205
1,21,233,103,0.441,200,43,266,162
1,22,594,248,0.439,570,202,618,295
1,23,1013,167,0.432,987,100,1038,234
1,24,1112,96,0.41,1091,43,1133,148
1,25,1600,70,0.392,1578,19,1622,121
1,26,1633,71,0.384,1612,15,1653,127
1,27,1699,75,0.362,1671,15,1726,134
2,1,91,894,0.888,37,798,144,989
2,4,1505,562,0.856,1465,476,1545,648
2,3,1460,795,0.851,1401,702,1520,887
2,2,707,741,0.849,668,639,745,842
2,5,1192,1009,0.835,1140,940,1244,1078
2,6,1175,576,0.812,1140,500,1211,652
2,7,790,531,0.804,754,444,826,618
2,8,291,526,0.777,256,442,326,611
2,9,956,245,0.776,928,177,984,314
2,14,1485,404,0.726,1450,322,1519,486
2,12,738,305,0.696,709,233,766,376
2,10,1229,192,0.684,1204,125,1255,260
2,13,598,348,0.659,569,281,628,414
2,11,1189,214,0.633,1167,146,1211,282
2,16,119,190,0.579,94,131,144,249
2,21,237,98,0.576,207,40,267,156
2,17,370,568,0.512,343,495,398,641
2,20,823,139,0.486,798,76,849,202
2,18,873,131,0.475,853,69,893,192
2,15,1824,212,0.463,1796,148,1852,277
2,23,1012,167,0.459,986,102,1039,233
2,22,595,250,0.456,571,202,619,299
2,27,1700,76,0.433,1673,16,1728,136
2,26,1633,72,0.431,1612,15,1654,128
2,25,1602,71,0.428,1581,19,1622,123
2,19,914,150,0.424,894,88,934,211
2,24,1112,98,0.363,1091,46,1134,150
3,1,91,894,0.883,37,799,144,989
3,5,1192,1007,0.837,1140,936,1244,1078
3,2,708,734,0.836,671,634,745,834
3,3,1458,795,0.824,1397,703,1518,887
3,4,1507,565,0.819,1467,482,1546,648
3,8,290,527,0.803,256,443,325,610
3,7,790,527,0.801,754,441,826,613
3,6,1175,571,0.777,1139,497,1211,646
3,9,956,247,0.762,927,178,985,317
3,12,738,301,0.752,709,229,766,372
3,14,1487,404,0.744,1452,323,1521,485
3,10,1229,190,0.697,1203,123,1255,257
3,11,1189,214,0.671,1168,145,1211,282
3,13,599,349,0.649,570,282,629,415
3,17,370,567,0.609,342,494,398,640
3,21,239,96,0.58,209,37,269,154
3,16,119,190,0.538,94,131,144,249
3,29,424,591,0.501,390,512,457,671
3,20,824,138,0.485,798,75,851,201
3,31,1886,779,0.47,1854,717,1919,842
3,32,1477,794,0.46,1437,702,1518,885
3,22,596,253,0.456,571,205,621,300
3,18,873,131,0.452,852,68,894,194
3,15,1823,214,0.444,1794,150,1852,278
3,30,1722,230,0.433,1697,166,1748,294
3,23,1013,170,0.432,985,103,1040,237
3,19,915,149,0.407,894,86,935,212
3,26,1634,72,0.385,1614,15,1654,129
3,28,1886,804,0.38,1853,716,1919,893
3,24,1113,100,0.359,1091,48,1134,153
3,25,1602,70,0.35,1581,19,1623,121
3,33,487,576,0.34,457,510,516,642
4,1,92,895,0.913,39,801,144,989
4,2,708,725,0.858,671,630,746,820
4,4,1507,564,0.844,1469,480,1546,649
4,5,1192,1005,0.824,1141,931,1244,1078
4,7,791,516,0.824,755,438,827,595
4,12,738,298,0.797,710,227,766,370
4,3,1457,795,0.794,1398,703,1515,886
4,8,289,527,0.779,254,443,324,611
4,9,956,249,0.774,926,180,985,318
4,6,1175,565,0.772,1137,492,1212,638
4,13,600,348,0.744,570,281,630,415
4,10,1228,188,0.721,1203,120,1254,256
4,11,1190,211,0.706,1170,143,1210,279
4,14,1487,404,0.7,1453,324,1522,485
4,17,371,567,0.613,343,493,399,640
4,28,1886,805,0.565,1853,716,1919,894
4,16,119,190,0.547,94,130,144,249
4,31,1886,780,0.533,1854,717,1919,844
4,21,239,92,0.532,211,35,268,150
4,29,423,593,0.527,389,515,457,670
4,20,823,138,0.495,798,75,848,200
4,32,1476,794,0.462,1438,703,1515,884
4,18,872,131,0.457,851,67,893,196
4,30,1726,229,0.422,1698,161,1754,297
4,22,597,254,0.404,572,206,622,301
4,19,916,150,0.402,896,89,936,211
4,33,485,577,0.387,453,510,517,644
4,26,1635,72,0.373,1615,15,1655,128
4,15,1824,216,0.371,1796,152,1853,280
4,24,1113,101,0.366,1091,48,1134,154
4,25,1602,71,0.312,1581,20,1623,121
4,23,1012,172,0.307,986,104,1038,240
5,1,92,895,0.9,40,801,144,989
5,2,709,717,0.863,671,625,746,809
5,5,1192,1000,0.842,1140,923,1243,1078
5,7,790,512,0.835,756,434,824,591
5,3,1454,795,0.828,1396,704,1513,887
5,4,1508,566,0.807,1469,485,1546,648
5,8,289,528,0.805,253,446,324,611
5,12,738,297,0.784,710,225,766,369
5,9,955,251,0.78,925,183,984,320
5,6,1174,560,0.77,1137,490,1210,629
5,13,600,348,0.751,571,282,630,414
5,14,1490,406,0.74,1456,327,1524,485
5,10,1228,186,0.695,1203,119,1254,253
5,17,372,566,0.623,342,492,401,641
5,11,1191,211,0.621,1170,143,1212,279
5,31,1886,781,0.606,1852,718,1919,843
5,16,119,189,0.561,94,130,144,249
5,29,422,592,0.555,388,512,457,671
5,21,241,91,0.54,215,33,267,149
5,23,1012,176,0.486,984,106,1040,245
5,20,822,137,0.477,798,74,845,199
5,18,872,131,0.44,851,67,892,196
5,33,484,577,0.428,451,510,516,644
5,19,918,149,0.428,898,88,939,209
5,22,597,256,0.376,572,209,621,302
5,15,1824,219,0.363,1795,154,1853,283
5,34,389,76,0.344,364,19,414,133
5,30,1726,230,0.341,1697,161,1755,300
5,24,1113,102,0.34,1091,50,1135,155
5,26,1637,72,0.323,1617,16,1657,129
6,1,93,895,0.901,41,802,144,988
6,2,710,710,0.866,673,619,748,801
6,5,1191,997,0.862,1140,918,1243,1077
6,7,790,510,0.856,756,431,823,589
6,8,288,529,0.834,251,448,325,610
6,3,1453,794,0.818,1398,704,1508,884
6,9,955,253,0.799,925,185,984,322
6,4,1509,567,0.797,1470,486,1547,648
6,12,738,296,0.794,711,223,766,368
6,6,1172,556,0.775,1137,488,1207,623
6,13,601,350,0.718,572,284,630,416
6,10,1228,186,0.716,1203,118,1253,253
6,14,1491,406,0.708,1457,330,1526,482
6,28,1885,790,0.677,1852,712,1919,869
6,17,371,566,0.663,343,493,400,640
6,11,1191,209,0.596,1171,141,1211,277
6,29,421,592,0.555,387,513,455,671
6,16,119,189,0.497,94,130,144,248
6,21,242,90,0.481,216,32,269,149
6,33,484,576,0.473,451,509,516,643
6,20,822,136,0.458,798,74,845,199
6,18,872,131,0.455,852,65,892,196
6,19,920,147,0.436,899,86,941,209
6,15,1824,220,0.425,1794,154,1854,285
6,24,1114,105,0.407,1092,51,1135,158
6,27,1705,77,0.406,1677,15,1733,139
6,30,1728,236,0.382,1705,169,1750,302
6,34,391,73,0.336,365,13,417,133
6,26,1637,72,0.307,1617,16,1657,129
7,1,93,896,0.9,42,804,144,988
7,3,1451,796,0.887,1394,706,1507,886
7,2,711,706,0.884,674,614,748,798
7,5,1192,995,0.844,1140,912,1243,1078
7,7,789,506,0.838,757,428,821,585
7,9,954,254,0.802,925,185,984,322
7,12,739,295,0.776,709,223,768,368
7,31,1885,762,0.772,1852,667,1919,856
7,8,286,534,0.769,250,450,323,618
7,4,1510,568,0.749,1471,487,1549,649
7,6,1172,553,0.741,1138,485,1205,620
7,13,601,350,0.741,571,283,631,416
7,10,1228,184,0.668,1204,117,1253,252
7,14,1493,410,0.665,1458,332,1528,488
7,17,371,566,0.664,343,493,398,638
7,11,1193,202,0.563,1171,137,1215,267
7,16,119,189,0.558,94,130,144,248
7,21,244,90,0.503,217,32,271,149
7,18,871,130,0.497,851,64,891,195
7,19,921,143,0.496,900,81,943,205
7,20,820,135,0.49,798,73,843,198
7,29,422,602,0.457,388,533,456,671
7,33,485,576,0.42,454,509,516,643
7,15,1825,221,0.411,1794,156,1855,286
7,24,1114,105,0.396,1093,52,1135,159
7,22,597,258,0.349,572,211,621,304
7,34,393,71,0.32,366,10,420,132
7,27,1706,77,0.317,1678,14,1734,139
7,30,1729,237,0.309,1708,169,1750,305
7,26,1638,73,0.308,1618,16,1657,129
8,1,94,897,0.882,44,807,143,988
8,5,1189,989,0.879,1140,900,1239,1078
8,3,1446,797,0.871,1390,707,1501,887
8,2,712,702,0.862,674,606,749,797
8,7,787,503,0.831,757,424,816,581
8,9,954,255,0.801,923,187,985,323
8,8,286,545,0.799,247,457,325,633
8,31,1886,750,0.772,1852,661,1919,840
8,12,739,294,0.767,709,220,768,369
8,13,601,350,0.755,571,286,630,415
8,6,1170,549,0.746,1141,479,1200,618
8,17,371,566,0.688,343,493,399,639
8,4,1513,570,0.676,1473,491,1553,650
8,10,1229,185,0.637,1204,114,1253,256
8,14,1494,420,0.598,1459,339,1529,500
8,11,1193,200,0.579,1170,135,1215,264
8,16,119,188,0.52,93,129,144,247
8,18,870,130,0.511,850,64,891,195
8,21,251,88,0.502,223,28,279,147
8,29,422,600,0.5,389,530,455,671
8,20,821,134,0.486,799,72,843,197
8,19,924,139,0.464,903,77,944,202
8,15,1826,221,0.449,1795,155,1857,286
8,24,1115,107,0.416,1094,54,1135,161
8,33,485,575,0.405,454,509,515,642
8,22,597,258,0.397,573,214,621,301
8,23,1014,183,0.382,984,112,1044,253
8,26,1639,72,0.321,1619,16,1659,128
9,3,1444,796,0.895,1391,706,1498,886
9,5,1188,986,0.882,1139,894,1237,1078
9,1,95,898,0.877,45,808,144,988
9,2,711,701,0.871,673,605,749,796
9,7,787,501,0.83,757,421,816,581
9,9,953,255,0.817,923,187,984,323
9,8,285,550,0.799,246,461,325,638
9,12,739,292,0.77,710,217,768,368
9,13,601,351,0.756,571,286,630,416
9,31,1886,745,0.749,1852,652,1919,837
9,6,1169,548,0.698,1142,477,1197,618
9,17,371,566,0.683,342,493,399,639
9,14,1496,422,0.629,1460,342,1532,501
9,21,255,86,0.6,227,26,283,146
9,11,1194,198,0.554,1172,134,1216,262
9,16,118,188,0.554,93,129,144,247
9,18,870,128,0.532,849,65,890,192
9,4,1516,576,0.531,1479,493,1553,658
9,20,820,134,0.521,798,71,842,197
9,10,1230,182,0.52,1206,113,1254,251
9,29,420,592,0.489,387,514,454,669
9,15,1826,221,0.464,1795,156,1857,285
9,19,923,138,0.455,903,77,944,200
9,24,1115,107,0.414,1094,55,1136,160
9,23,1014,184,0.397,984,113,1043,254
9,26,1639,72,0.372,1620,16,1659,128
9,34,397,71,0.361,373,12,421,131
9,33,484,575,0.347,453,508,515,642
9,25,1609,71,0.342,1589,18,1628,124
10,3,1444,796,0.9,1392,706,1495,886
10,2,712,699,0.881,673,603,750,795
10,1,98,898,0.88,46,809,149,987
10,5,1187,981,0.871,1137,888,1237,1074
10,7,787,500,0.842,757,418,817,581
10,8,286,553,0.832,246,465,326,641
10,9,953,255,0.794,924,187,983,323
10,13,601,353,0.764,571,287,631,418
10,31,1885,743,0.745,1852,649,1919,837
10,12,739,291,0.736,710,216,768,366
10,6,1173,546,0.718,1142,474,1204,618
10,17,371,565,0.695,343,492,400,639
10,4,1517,583,0.66,1475,497,1558,670
10,21,259,85,0.632,230,25,288,145
10,14,1498,426,0.629,1464,346,1532,507
10,16,118,188,0.577,93,128,144,248
10,15,1826,220,0.556,1795,155,1858,284
10,18,870,127,0.535,849,64,890,191
10,11,1194,196,0.531,1172,133,1217,259
10,20,820,135,0.53,799,71,842,199
10,10,1230,182,0.513,1206,112,1254,252
10,19,924,136,0.503,903,75,945,197
10,23,1015,185,0.484,985,114,1045,255
10,29,420,592,0.465,387,515,453,669
10,33,484,575,0.394,453,508,515,641
10,24,1115,107,0.39,1094,54,1135,161
10,25,1609,71,0.384,1590,18,1628,124
10,26,1640,72,0.382,1620,16,1660,127
10,35,745,45,0.348,720,0,769,91
10,34,399,68,0.319,373,7,425,130
11,5,1184,977,0.88,1135,883,1234,1072
11,1,99,899,0.875,48,811,151,987
11,3,1442,797,0.873,1392,708,1493,886
11,2,712,696,0.871,673,597,751,794
11,7,786,499,0.844,757,416,816,581
11,8,287,554,0.836,247,464,328,644
11,9,953,255,0.809,924,188,982,323
11,4,1516,591,0.779,1475,502,1557,680
11,12,739,288,0.762,710,214,768,362
11,31,1885,741,0.755,1850,646,1919,836
11,14,1499,429,0.752,1464,348,1534,511
11,13,601,356,0.751,571,286,631,425
11,6,1174,545,0.724,1144,473,1204,618
11,17,371,565,0.693,343,489,400,640
11,21,263,84,0.615,233,25,292,143
11,16,118,188,0.604,93,128,143,248
11,15,1827,220,0.54,1796,156,1859,284
11,18,869,127,0.531,849,63,890,191
11,20,820,134,0.518,799,70,841,198
11,11,1195,193,0.512,1171,132,1219,255
11,19,924,137,0.507,903,78,945,195
11,29,420,590,0.49,388,511,452,668
11,10,1230,179,0.485,1207,108,1253,251
11,23,1014,185,0.434,985,115,1044,255
11,33,483,575,0.418,450,508,515,641
11,35,745,45,0.378,719,0,770,91
11,25,1610,72,0.378,1591,18,1629,125
11,26,1640,72,0.377,1620,16,1661,127
11,24,1114,107,0.376,1093,55,1136,160
12,5,1182,975,0.89,1133,878,1232,1072
12,2,712,693,0.868,673,595,750,792
12,8,287,559,0.856,246,468,328,649
12,1,103,899,0.842,48,812,157,987
12,3,1438,797,0.837,1389,709,1486,886
12,7,785,498,0.832,757,415,814,581
12,9,953,256,0.819,924,189,982,323
12,4,1518,594,0.803,1477,504,1559,683
12,31,1884,740,0.782,1850,644,1919,835
12,13,601,357,0.753,571,285,631,429
12,6,1176,545,0.744,1145,472,1207,617
12,12,739,285,0.742,709,209,770,361
12,17,372,565,0.682,343,489,400,640
12,16,118,188,0.664,93,127,143,248
12,14,1499,433,0.639,1464,351,1534,515
12,21,265,83,0.563,235,24,294,143
12,18,869,127,0.522,848,63,890,190
12,20,819,133,0.517,799,69,839,198
12,11,1195,191,0.509,1170,128,1220,253
12,19,925,134,0.509,904,75,946,193
12,15,1828,220,0.494,1798,156,1859,284
12,23,1014,184,0.485,985,114,1044,255
12,29,420,592,0.42,386,517,453,666
12,10,1230,177,0.409,1207,105,1252,249
12,33,483,574,0.384,451,508,514,641
12,24,1114,107,0.357,1093,54,1136,159
12,34,400,64,0.33,376,3,425,124
12,25,1610,72,0.316,1592,18,1629,126
12,35,746,45,0.309,720,0,771,90
12,26,1640,71,0.305,1619,16,1661,126
13,5,1178,971,0.884,1129,871,1227,1071
13,3,1432,799,0.867,1388,712,1475,886
13,2,711,685,0.859,673,586,749,784
13,7,785,493,0.822,757,409,814,577
13,9,953,258,0.816,924,190,981,326
13,8,286,566,0.809,247,476,326,656
13,6,1178,541,0.805,1145,467,1210,615
13,4,1521,600,0.797,1480,511,1563,689
13,14,1503,437,0.772,1467,354,1539,520
13,12,738,279,0.766,709,204,768,353
13,31,1883,736,0.76,1847,639,1918,833
13,1,108,901,0.74,50,816,166,987
13,17,370,565,0.686,340,490,400,641
13,16,116,187,0.683,92,127,141,247
13,13,601,359,0.669,571,285,631,433
13,21,269,80,0.574,240,22,298,139
13,11,1194,188,0.56,1169,125,1218,252
13,15,1829,224,0.535,1799,159,1860,289
13,18,869,126,0.499,848,62,890,189
13,23,1014,184,0.491,985,114,1044,254
13,10,1228,171,0.488,1204,103,1251,239
13,20,819,130,0.485,800,67,838,194
13,19,925,134,0.41,905,77,945,191
13,22,599,264,0.408,575,217,623,311
13,33,480,574,0.404,448,507,513,640
13,29,420,596,0.394,387,525,453,666
13,30,1739,231,0.367,1704,158,1773,303
13,34,399,59,0.363,375,0,424,117
13,26,1639,71,0.34,1616,16,1662,126
13,35,746,43,0.336,720,0,772,86
13,24,1114,109,0.333,1092,57,1135,161
14,5,1177,969,0.881,1129,867,1225,1070
14,3,1429,799,0.863,1388,712,1470,886
14,2,711,680,0.862,673,581,748,780
14,6,1178,538,0.822,1146,464,1210,612
14,4,1523,603,0.817,1481,514,1565,692
14,7,785,491,0.812,756,407,814,575
14,9,952,261,0.809,924,191,980,332
14,1,115,901,0.8,51,816,180,986
14,31,1884,735,0.784,1848,636,1919,833
14,8,285,568,0.784,246,479,325,656
14,12,736,274,0.746,708,202,765,346
14,14,1505,438,0.74,1470,355,1540,520
14,13,600,360,0.734,570,283,630,437
14,16,116,186,0.669,91,127,141,246
14,17,369,566,0.655,340,490,399,642
14,21,270,80,0.606,242,21,299,138
14,15,1830,227,0.599,1800,161,1860,294
14,11,1192,188,0.554,1168,123,1216,252
14,18,869,125,0.507,848,62,890,189
14,10,1228,169,0.473,1204,101,1252,236
14,20,819,129,0.471,800,66,838,193
14,23,1014,185,0.413,985,116,1043,254
14,29,419,594,0.406,386,522,452,666
14,19,926,134,0.399,905,76,946,192
14,33,480,573,0.397,447,507,512,639
14,24,1113,112,0.343,1090,58,1136,165
14,34,402,58,0.337,380,1,423,115
14,26,1639,71,0.333,1616,16,1663,126
14,30,1738,234,0.321,1702,160,1775,308
14,22,600,265,0.321,575,218,625,312
15,5,1175,966,0.898,1127,862,1222,1071
15,2,709,676,0.863,673,577,746,775
15,3,1425,798,0.828,1385,712,1466,885
15,4,1523,604,0.828,1482,516,1564,693
15,7,784,486,0.808,755,401,814,571
15,1,118,902,0.807,53,818,184,986
15,31,1877,732,0.798,1835,632,1919,833
15,9,952,264,0.785,924,192,980,336
15,6,1179,536,0.772,1147,461,1211,610
15,8,283,569,0.77,243,483,324,656
15,12,736,270,0.756,708,199,764,342
15,13,600,362,0.72,570,285,630,438
15,14,1507,440,0.692,1472,358,1543,521
15,16,116,186,0.674,91,126,141,246
15,17,368,566,0.639,339,489,397,643
15,15,1831,231,0.623,1801,164,1860,297
15,21,272,75,0.583,245,17,299,134
15,18,867,125,0.527,846,60,889,190
15,20,818,129,0.49,799,66,837,192
15,11,1194,189,0.483,1171,123,1218,254
15,10,1228,167,0.472,1204,100,1251,233
15,29,419,591,0.472,385,516,452,666
15,30,1735,244,0.456,1703,175,1768,314
15,34,401,56,0.421,379,0,423,112
15,33,482,573,0.406,453,507,511,639
15,24,1111,115,0.373,1087,60,1135,170
15,19,926,135,0.343,906,80,946,190
15,26,1641,71,0.337,1619,16,1663,125
15,23,1015,184,0.321,985,115,1044,254
16,5,1173,964,0.886,1126,858,1220,1070
16,2,709,670,0.867,673,572,746,768
16,3,1423,797,0.851,1383,709,1464,884
16,4,1526,606,0.845,1486,518,1567,693
16,1,121,902,0.816,54,818,188,986
16,8,282,569,0.811,242,484,322,654
16,7,784,482,0.809,755,399,813,565
16,31,1875,729,0.782,1831,630,1919,829
16,9,952,264,0.773,924,193,980,336
16,6,1181,531,0.763,1148,458,1213,604
16,12,736,268,0.742,709,196,762,339
16,14,1508,440,0.683,1473,361,1544,520
16,13,600,368,0.681,570,298,630,439
16,16,116,186,0.67,91,126,140,245
16,17,368,565,0.656,339,489,397,641
16,15,1831,233,0.616,1801,167,1860,300
16,21,272,73,0.555,245,16,299,130
16,18,868,124,0.536,847,59,889,190
16,20,818,128,0.529,799,64,837,192
16,11,1195,189,0.516,1170,124,1219,254
16,29,420,581,0.516,385,496,455,666
16,30,1735,245,0.509,1701,172,1769,318
16,10,1228,162,0.502,1204,96,1251,227
16,34,402,54,0.468,380,0,423,109
16,24,1111,116,0.445,1086,61,1136,171
16,33,481,572,0.384,451,507,511,638
16,26,1641,70,0.372,1619,16,1663,125
16,19,927,132,0.364,906,74,947,190
16,23,1014,185,0.347,985,117,1043,254
16,25,1611,71,0.306,1592,18,1629,123
17,5,1170,960,0.896,1124,851,1216,1069
17,2,709,661,0.894,675,566,744,756
17,3,1419,797,0.846,1380,710,1459,883
17,1,122,903,0.844,56,820,189,987
17,7,784,476,0.824,755,395,814,557
17,6,1181,525,0.818,1148,454,1213,597
17,8,280,569,0.802,241,485,319,654
17,31,1874,726,0.791,1829,626,1919,826
17,9,952,267,0.764,924,195,980,338
17,4,1528,607,0.742,1488,521,1568,693
17,14,1509,441,0.688,1474,362,1545,520
17,12,735,265,0.685,708,195,763,336
17,13,599,367,0.669,569,295,628,439
17,16,116,185,0.638,92,126,140,245
17,17,369,565,0.617,339,488,399,641
17,15,1831,235,0.568,1802,169,1860,301
17,21,273,71,0.529,248,14,299,128
17,20,818,127,0.528,799,62,837,192
17,18,867,124,0.527,846,58,888,189
17,30,1735,254,0.51,1705,185,1766,322
17,11,1195,188,0.495,1171,124,1218,252
17,10,1227,160,0.494,1204,94,1251,225
17,29,419,587,0.477,385,508,453,665
17,24,1111,118,0.467,1086,64,1135,172
17,19,927,133,0.422,907,78,948,188
17,34,402,55,0.413,379,0,424,110
17,23,1015,185,0.396,985,116,1045,255
17,26,1642,71,0.346,1621,16,1663,125
17,33,481,572,0.324,452,506,511,638
18,5,1168,950,0.877,1122,842,1214,1059
18,2,710,647,0.873,675,557,745,737
18,1,124,905,0.857,59,821,189,989
18,3,1410,796,0.851,1367,708,1452,883
18,7,783,465,0.847,753,389,814,541
18,4,1530,608,0.824,1489,524,1571,693
18,8,276,570,0.824,239,487,313,653
18,31,1870,715,0.809,1826,616,1913,815
18,9,953,271,0.784,924,200,981,341
18,6,1180,515,0.753,1148,447,1212,583
18,14,1512,449,0.706,1477,366,1548,531
18,12,733,262,0.671,705,191,760,333
18,16,114,184,0.655,90,125,139,244
18,13,599,371,0.65,569,302,628,439
18,15,1832,241,0.592,1803,174,1860,308
18,17,370,561,0.585,339,486,400,636
18,18,867,123,0.543,846,58,889,189
18,10,1228,157,0.53,1204,91,1251,224
18,24,1111,118,0.518,1086,64,1135,173
18,20,817,126,0.505,798,60,836,192
18,21,276,68,0.501,251,10,301,127
18,30,1733,260,0.48,1704,192,1763,327
18,11,1193,183,0.466,1170,116,1216,249
18,34,403,54,0.459,381,0,425,108
18,19,928,127,0.409,908,68,949,186
18,29,418,580,0.403,384,496,451,664
18,23,1015,191,0.383,985,120,1046,263
18,26,1642,72,0.36,1621,17,1663,127
18,25,1610,73,0.305,1592,19,1629,127
19,5,1166,944,0.877,1120,837,1211,1051
19,1,125,907,0.862,61,822,188,992
19,2,710,643,0.858,675,554,745,733
19,7,783,461,0.823,753,385,813,538
19,8,275,573,0.817,239,489,312,656
19,4,1532,609,0.794,1490,526,1573,693
19,3,1407,796,0.791,1367,709,1446,883
19,31,1869,709,0.783,1826,612,1911,806
19,9,953,272,0.781,925,202,982,342
19,14,1514,454,0.776,1477,371,1550,537
19,6,1178,511,0.747,1146,444,1209,579
19,16,114,184,0.696,89,125,139,244
19,13,598,370,0.69,569,299,628,440
19,12,731,261,0.686,704,189,759,334
19,15,1831,242,0.621,1803,175,1860,309
19,17,369,561,0.573,337,486,400,636
19,10,1226,157,0.549,1203,90,1250,224
19,18,867,123,0.544,846,58,889,189
19,20,817,125,0.502,798,59,836,191
19,24,1111,119,0.484,1087,65,1135,173
19,21,280,65,0.471,252,7,308,123
19,11,1192,181,0.461,1169,116,1215,247
19,23,1015,194,0.456,986,123,1043,264
19,29,418,583,0.447,384,503,452,663
19,30,1735,261,0.431,1705,193,1765,329
19,34,404,54,0.417,382,0,426,108
19,26,1642,72,0.362,1621,17,1663,128
19,19,928,129,0.351,908,71,949,187
20,1,124,909,0.869,62,824,186,994
20,5,1164,938,0.862,1118,832,1209,1043
20,2,709,641,0.855,673,550,745,732
20,8,274,578,0.821,238,492,311,665
20,14,1514,459,0.818,1476,375,1552,542
20,3,1389,795,0.81,1336,711,1442,879
20,31,1866,702,0.807,1823,611,1909,794
20,7,783,460,0.8,753,382,813,537
20,9,954,273,0.789,925,203,982,343
20,6,1177,509,0.78,1145,442,1210,576
20,4,1533,611,0.777,1492,529,1573,692
20,16,114,184,0.696,89,124,139,244
20,15,1831,243,0.662,1803,176,1860,310
20,13,598,371,0.661,567,302,629,439
20,12,730,260,0.647,702,187,758,333
20,10,1226,156,0.594,1203,90,1249,223
20,17,368,561,0.588,337,486,400,636
20,23,1015,196,0.58,986,126,1044,267
20,18,867,122,0.546,845,57,888,188
20,11,1192,180,0.536,1169,113,1216,247
20,24,1112,119,0.499,1089,65,1135,173
20,20,817,125,0.499,798,59,836,190
20,21,284,64,0.495,254,5,314,122
20,34,405,53,0.467,383,0,428,107
20,30,1735,264,0.443,1706,198,1765,329
20,26,1644,73,0.401,1624,17,1664,128
20,29,417,579,0.392,383,494,451,664
20,36,1319,50,0.376,1299,0,1339,101
20,25,1610,73,0.321,1591,19,1629,127
20,22,599,272,0.314,575,226,624,318
20,19,929,128,0.312,908,70,949,186
21,1,125,911,0.886,64,824,187,998
21,5,1162,927,0.867,1117,826,1207,1029
21,3,1381,796,0.852,1325,711,1437,880
21,2,709,639,0.847,673,545,745,733
21,8,273,585,0.823,237,495,310,675
21,9,955,274,0.808,924,204,985,344
21,6,1177,508,0.793,1145,440,1210,576
21,7,783,458,0.776,751,379,814,537
21,31,1863,697,0.772,1819,608,1908,785
21,14,1516,463,0.76,1477,380,1555,546
21,4,1534,615,0.717,1493,532,1575,699
21,16,114,183,0.67,89,124,139,243
21,13,599,368,0.668,567,299,631,437
21,12,730,259,0.646,702,185,758,333
21,15,1831,244,0.628,1802,178,1859,310
21,23,1015,197,0.59,986,128,1044,265
21,11,1192,176,0.565,1167,112,1217,241
21,18,866,122,0.561,845,56,888,188
21,17,368,561,0.557,336,486,401,636
21,10,1227,156,0.543,1205,89,1249,223
21,24,1112,120,0.517,1089,65,1136,174
21,21,290,61,0.509,258,2,323,121
21,20,816,124,0.508,796,59,836,189
21,30,1735,263,0.44,1704,198,1766,329
21,34,408,53,0.419,387,0,430,106
21,26,1643,74,0.397,1622,17,1664,130
21,36,1319,50,0.378,1299,0,1339,100
21,29,416,580,0.348,383,496,450,665
21,25,1610,73,0.302,1591,19,1628,126
22,5,1161,916,0.865,1114,820,1207,1012
22,1,127,913,0.856,65,824,189,1002
22,3,1375,795,0.851,1316,709,1433,880
22,2,709,638,0.835,673,543,745,732
22,8,273,590,0.824,236,498,310,681
22,9,956,275,0.822,925,206,986,344
22,14,1516,466,0.798,1478,383,1555,550
22,6,1177,508,0.786,1144,440,1209,576
22,7,783,455,0.764,753,377,813,533
22,31,1861,692,0.764,1816,605,1906,779
22,4,1536,623,0.719,1494,534,1577,711
22,16,114,183,0.664,89,124,139,243
22,13,599,369,0.658,566,301,632,437
22,23,1015,201,0.578,986,130,1044,272
22,15,1832,243,0.573,1804,177,1860,309
22,11,1191,173,0.572,1167,111,1215,235
22,12,727,257,0.57,698,184,756,329
22,17,368,561,0.527,336,486,401,636
22,18,866,122,0.519,845,56,887,188
22,24,1113,119,0.474,1090,66,1136,173
22,30,1734,265,0.473,1701,202,1768,328
22,20,816,123,0.461,796,59,836,188
22,10,1226,156,0.455,1203,88,1248,224
22,21,294,63,0.439,259,6,328,120
22,34,408,53,0.419,386,0,431,106
22,26,1643,74,0.38,1623,17,1664,131
22,36,1318,50,0.328,1297,0,1339,100
23,5,1158,903,0.905,1111,811,1205,994
23,9,956,276,0.862,926,207,986,345
23,3,1368,795,0.855,1311,710,1424,879
23,1,130,913,0.85,71,824,189,1002
23,2,708,634,0.835,672,536,745,732
23,8,272,598,0.798,235,508,308,687
23,6,1176,506,0.788,1142,437,1211,575
23,7,783,454,0.762,751,374,814,534
23,31,1853,687,0.725,1805,598,1900,776
23,16,113,182,0.699,89,123,138,242
23,4,1537,633,0.686,1497,542,1578,724
23,13,601,371,0.655,567,300,634,442
23,14,1519,473,0.653,1481,389,1558,557
23,12,727,252,0.636,699,180,755,323
23,15,1834,243,0.583,1805,176,1863,309
23,11,1191,169,0.547,1167,107,1216,231
23,23,1016,202,0.526,986,131,1047,274
23,24,1113,121,0.511,1091,67,1135,175
23,18,866,121,0.508,844,55,887,187
23,30,1738,264,0.494,1708,201,1768,328
23,21,298,60,0.488,263,0,333,120
23,17,365,560,0.484,336,485,394,636
23,20,816,121,0.475,796,57,835,185
23,29,413,583,0.422,380,506,446,659
23,34,411,51,0.412,388,0,434,103
23,10,1225,154,0.401,1202,86,1247,221
23,26,1644,73,0.368,1623,18,1664,129
23,33,482,570,0.313,455,504,509,636
23,36,1317,49,0.308,1296,0,1339,99
24,5,1156,898,0.902,1109,805,1203,992
24,1,131,913,0.867,73,825,189,1001
24,9,956,276,0.863,925,208,986,345
24,2,708,632,0.826,671,534,745,729
24,8,271,601,0.823,234,511,307,691
24,3,1367,792,0.816,1313,709,1421,875
24,6,1176,505,0.778,1142,434,1210,575
24,7,783,452,0.768,753,371,814,533
24,31,1848,686,0.742,1798,595,1899,776
24,16,113,182,0.717,89,123,138,242
24,4,1539,637,0.695,1497,545,1581,729
24,14,1521,476,0.68,1484,391,1558,560
24,13,602,378,0.68,567,307,636,450
24,12,727,249,0.667,699,179,755,318
24,15,1834,243,0.633,1805,178,1864,309
24,18,866,120,0.538,844,54,887,186
24,17,367,561,0.535,336,485,398,637
24,24,1114,124,0.526,1092,70,1136,178
24,11,1190,165,0.521,1167,103,1214,228
24,23,1017,203,0.514,987,132,1047,274
24,29,414,583,0.506,381,504,448,663
24,30,1742,264,0.502,1714,201,1770,327
24,20,815,120,0.485,795,56,835,185
24,21,298,60,0.415,265,3,332,118
24,10,1223,152,0.387,1201,85,1246,220
24,26,1643,74,0.375,1622,18,1665,130
24,34,412,51,0.371,389,0,435,102
24,19,933,120,0.358,915,70,952,170
25,5,1156,897,0.891,1109,801,1202,993
25,1,131,913,0.87,73,826,189,1000
25,9,955,277,0.842,925,209,986,345
25,3,1364,791,0.821,1310,707,1419,875
25,2,708,629,0.821,671,532,745,727
25,8,269,605,0.816,233,514,305,696
25,31,1841,684,0.796,1788,592,1894,777
25,6,1176,503,0.789,1141,432,1211,575
25,7,784,450,0.754,754,369,814,532
25,4,1540,641,0.725,1498,550,1581,731
25,13,602,377,0.688,567,303,636,451
25,12,727,246,0.679,699,176,754,316
25,16,113,181,0.679,88,121,138,241
25,14,1522,476,0.677,1485,393,1559,559
25,15,1835,244,0.588,1805,179,1864,308
25,18,865,120,0.532,844,55,887,185
25,17,367,560,0.512,336,484,399,637
25,11,1190,164,0.48,1167,101,1213,227
25,30,1745,264,0.48,1717,202,1774,325
25,24,1114,126,0.471,1092,72,1136,181
25,20,815,120,0.462,795,56,834,185
25,29,415,580,0.46,381,498,449,662
25,10,1223,150,0.444,1199,83,1246,218
25,23,1018,203,0.427,989,132,1047,273
25,19,934,118,0.399,916,67,953,169
25,21,298,58,0.395,267,1,330,116
25,26,1643,75,0.375,1621,19,1665,130
25,34,411,50,0.336,388,0,435,100
25,22,598,279,0.311,573,233,624,326
25,33,482,570,0.302,456,504,508,636
26,1,132,914,0.907,77,827,188,1001
26,5,1154,895,0.891,1106,798,1201,993
26,9,956,278,0.846,925,210,986,347
26,2,708,625,0.843,672,529,745,722
26,8,268,610,0.831,232,517,304,702
26,31,1838,683,0.806,1784,588,1892,777
26,3,1363,789,0.8,1312,706,1414,873
26,4,1542,645,0.784,1499,553,1584,737
26,7,784,449,0.774,754,368,814,531
26,6,1177,502,0.751,1144,431,1210,572
26,13,603,382,0.721,569,310,637,454
26,12,727,242,0.688,700,173,754,311
26,16,112,181,0.683,88,121,136,241
26,14,1525,477,0.667,1489,395,1561,560
26,18,865,120,0.568,844,55,886,185
26,29,414,582,0.545,380,504,447,661
26,24,1115,128,0.531,1092,74,1137,182
26,11,1190,162,0.511,1167,99,1213,225
26,20,814,120,0.507,793,55,834,185
26,21,304,61,0.504,272,5,336,116
26,10,1221,149,0.489,1198,81,1245,217
26,15,1835,245,0.453,1805,181,1865,308
26,30,1746,266,0.446,1718,204,1774,328
26,23,1018,203,0.442,989,133,1047,273
26,17,365,560,0.44,336,484,394,636
26,19,934,117,0.415,916,65,953,169
26,26,1643,75,0.408,1620,19,1665,131
26,33,482,570,0.36,455,503,508,636
26,34,415,47,0.31,394,0,436,95
26,36,1317,49,0.303,1297,0,1337,99
27,1,133,913,0.892,78,828,187,999
27,5,1153,894,0.883,1106,794,1200,993
27,9,955,280,0.855,925,211,986,350
27,8,267,612,0.844,230,521,304,704
27,2,709,622,0.834,674,524,745,720
27,3,1360,790,0.83,1311,705,1409,874
27,4,1543,648,0.792,1501,556,1584,741
27,31,1833,682,0.772,1778,587,1888,777
27,6,1177,499,0.771,1144,426,1210,572
27,7,784,447,0.761,755,366,814,529
27,13,603,384,0.743,569,312,637,456
27,12,728,240,0.706,701,171,754,308
27,16,112,181,0.703,88,121,137,241
27,15,1837,247,0.586,1807,181,1866,312
27,18,865,120,0.568,844,55,885,184
27,23,1017,204,0.567,987,135,1047,273
27,30,1747,269,0.561,1718,203,1777,334
27,29,413,582,0.556,380,502,447,661
27,24,1115,129,0.554,1093,76,1137,183
27,11,1189,161,0.544,1167,98,1212,224
27,10,1221,147,0.536,1197,80,1244,215
27,20,814,120,0.516,793,55,834,184
27,14,1525,479,0.5,1489,398,1561,559
27,21,304,58,0.478,274,0,335,115
27,17,366,560,0.478,336,485,397,636
27,22,599,280,0.461,571,232,627,327
27,26,1644,76,0.46,1622,20,1665,132
27,19,935,116,0.412,916,65,954,167
27,33,481,569,0.349,454,502,508,636
27,36,1317,49,0.321,1297,0,1337,99
27,25,1610,74,0.309,1591,22,1628,126
28,5,1151,889,0.88,1102,786,1199,993
28,8,266,614,0.868,229,524,304,703
28,2,712,606,0.861,677,515,746,698
28,1,134,915,0.855,80,830,187,1000
28,31,1828,677,0.815,1776,580,1881,774
28,9,954,287,0.807,924,216,985,358
28,6,1177,493,0.803,1143,421,1211,565
28,4,1546,651,0.793,1504,561,1588,740
28,7,785,435,0.781,757,360,814,509
28,3,1353,787,0.741,1311,706,1395,869
28,13,605,388,0.715,570,315,639,460
28,16,112,181,0.696,88,121,136,241
28,12,728,236,0.69,702,166,754,305
28,15,1838,253,0.656,1807,185,1870,322
28,14,1529,481,0.641,1494,403,1565,560
28,30,1750,275,0.574,1720,209,1779,342
28,11,1190,160,0.554,1166,95,1213,225
28,24,1116,132,0.533,1094,78,1138,186
28,18,864,119,0.528,844,55,885,183
28,29,414,582,0.516,382,503,446,660
28,10,1221,143,0.502,1198,76,1244,211
28,20,814,119,0.48,794,54,833,184
28,17,367,560,0.47,336,484,397,636
28,37,1707,98,0.463,1679,35,1735,161
28,26,1646,77,0.463,1626,21,1666,133
28,23,1017,205,0.459,988,136,1046,273
28,21,306,55,0.454,276,0,336,111
28,38,1904,171,0.434,1889,117,1919,225
28,22,599,283,0.384,572,234,626,332
28,39,466,566,0.372,426,498,506,635
28,25,1610,76,0.367,1592,27,1629,126
28,33,480,567,0.334,452,499,508,636
29,5,1151,887,0.879,1103,782,1199,992
29,1,135,916,0.866,83,831,188,1002
29,8,265,615,0.866,227,527,303,704
29,2,711,601,0.862,677,511,746,691
29,3,1349,785,0.851,1310,705,1389,865
29,6,1176,489,0.831,1142,419,1210,559
29,31,1828,675,0.795,1778,580,1878,769
29,9,954,288,0.775,923,217,984,360
29,4,1547,652,0.775,1504,565,1589,740
29,7,786,433,0.76,757,357,815,508
29,13,606,393,0.7,571,325,640,461
29,16,112,181,0.691,88,121,136,241
29,15,1838,256,0.646,1806,188,1871,325
29,12,728,234,0.621,702,164,754,305
29,14,1530,486,0.604,1496,407,1565,565
29,11,1189,159,0.587,1167,93,1210,225
29,22,598,290,0.585,572,236,624,343
29,21,307,53,0.534,278,0,336,107
29,18,864,119,0.534,843,55,885,183
29,10,1220,139,0.53,1197,72,1244,205
29,30,1750,276,0.518,1721,206,1780,346
29,24,1117,133,0.484,1095,79,1138,187
29,20,814,118,0.476,794,53,834,183
29,29,413,582,0.462,380,503,447,660
29,23,1017,206,0.455,988,137,1046,274
29,17,368,560,0.448,336,484,401,636
29,26,1646,78,0.435,1626,21,1666,134
29,37,1707,98,0.433,1680,35,1735,162
29,25,1610,77,0.413,1591,26,1629,128
29,38,1905,172,0.403,1890,118,1919,225
29,39,465,566,0.377,424,497,506,635
29,33,479,567,0.35,451,499,508,636
30,5,1151,885,0.877,1103,778,1199,992
30,2,711,594,0.864,677,507,745,682
30,8,265,617,0.861,226,530,304,704
30,1,135,919,0.851,83,831,187,1007
30,3,1346,787,0.844,1307,706,1386,867
30,6,1176,484,0.8,1141,416,1210,552
30,7,787,429,0.799,757,354,817,504
30,31,1825,672,0.789,1775,578,1874,766
30,4,1548,654,0.784,1506,568,1590,740
30,9,953,291,0.76,923,220,983,361
30,16,112,181,0.681,88,121,136,241
30,15,1839,259,0.679,1805,191,1873,327
30,12,728,234,0.667,700,163,756,305
30,14,1533,492,0.639,1497,411,1569,573
30,13,605,394,0.633,572,328,638,460
30,22,598,291,0.631,572,239,624,344
30,21,308,52,0.601,278,0,337,105
30,11,1188,159,0.558,1167,93,1209,225
30,10,1220,136,0.507,1196,72,1243,201
30,18,864,119,0.503,843,54,885,183
30,24,1118,134,0.503,1096,79,1139,188
30,30,1753,275,0.469,1724,202,1781,348
30,29,413,583,0.462,380,504,447,661
30,20,814,119,0.457,794,53,834,184
30,26,1644,78,0.455,1623,21,1666,135
30,23,1017,209,0.452,987,139,1047,279
30,37,1707,99,0.45,1680,36,1735,161
30,17,368,559,0.44,336,483,400,634
30,25,1610,77,0.422,1591,25,1630,129
30,38,1905,173,0.377,1890,121,1919,225
30,39,466,566,0.354,426,498,506,635
30,33,480,568,0.331,452,500,508,636
31,5,1150,881,0.877,1103,775,1197,986
31,2,711,590,0.859,677,503,745,677
31,8,264,617,0.858,224,531,304,704
31,1,136,923,0.845,86,833,187,1012
31,31,1823,668,0.831,1774,573,1872,763
31,4,1550,655,0.828,1508,570,1592,740
31,3,1342,783,0.823,1303,707,1381,859
31,7,786,426,0.795,756,352,816,501
31,9,953,293,0.775,922,222,983,364
31,6,1176,480,0.757,1142,414,1210,547
31,16,112,181,0.683,88,121,136,241
31,12,729,234,0.645,701,162,756,305
31,13,606,394,0.623,572,328,640,460
31,11,1187,159,0.596,1165,93,1208,225
31,21,309,51,0.578,284,0,335,103
31,10,1220,135,0.552,1197,71,1243,199
31,14,1538,498,0.547,1506,417,1570,579
31,15,1842,263,0.535,1809,195,1875,330
31,24,1118,135,0.532,1097,81,1140,189
31,18,864,119,0.505,843,55,885,183
31,29,414,582,0.471,381,504,448,661
31,20,814,118,0.457,794,53,833,184
31,17,366,558,0.431,336,483,396,633
31,37,1709,101,0.415,1681,38,1737,164
31,30,1752,280,0.407,1722,209,1781,351
31,26,1647,78,0.39,1626,22,1667,134
31,25,1610,80,0.363,1590,29,1630,131
31,22,600,293,0.349,573,241,626,344
31,39,466,566,0.349,426,498,506,634
31,38,1905,173,0.335,1891,121,1919,225
31,23,1018,212,0.326,990,140,1046,284
31,33,480,568,0.323,453,501,508,636
32,5,1150,874,0.878,1104,769,1196,978
32,2,713,588,0.858,679,498,747,677
32,8,264,618,0.856,223,533,306,703
32,3,1337,794,0.853,1297,707,1378,881
32,31,1822,663,0.843,1775,568,1868,758
32,4,1552,657,0.812,1511,572,1593,741
32,1,139,925,0.804,88,834,189,1016
32,7,787,424,0.793,757,349,816,499
32,9,952,295,0.733,922,223,983,367
32,6,1177,478,0.724,1142,413,1211,543
32,16,112,181,0.662,88,121,137,241
32,15,1841,264,0.639,1805,196,1876,332
32,13,607,395,0.633,573,328,641,461
32,12,729,233,0.615,702,161,756,305
32,11,1188,158,0.587,1166,91,1210,224
32,24,1119,136,0.551,1096,83,1141,189
32,40,1529,500,0.546,1498,426,1560,574
32,18,864,119,0.494,843,55,885,183
32,10,1220,134,0.473,1197,70,1242,198
32,14,1540,503,0.459,1506,421,1573,585
32,29,415,581,0.453,381,501,449,661
32,20,814,118,0.437,794,53,834,184
32,21,309,51,0.437,281,0,337,103
32,30,1753,281,0.423,1724,208,1783,354
32,17,367,558,0.42,337,483,396,634
32,22,599,292,0.411,573,242,625,342
32,37,1710,101,0.387,1682,38,1738,164
32,23,1019,214,0.363,992,142,1046,287
32,39,465,565,0.349,425,494,506,635
32,26,1648,78,0.335,1628,22,1668,134
32,25,1611,80,0.316,1590,29,1632,131
32,33,481,568,0.312,454,500,508,636
33,5,1149,861,0.886,1104,761,1194,961
33,3,1330,804,0.862,1290,709,1371,899
33,2,713,585,0.839,679,493,747,678
33,1,141,933,0.814,90,838,192,1028
33,7,787,419,0.803,757,342,818,495
33,31,1819,650,0.792,1774,561,1864,739
33,8,264,626,0.782,221,538,307,714
33,4,1555,666,0.777,1513,580,1597,753
33,9,952,297,0.735,922,227,982,367
33,13,607,395,0.734,574,330,640,460
33,6,1178,475,0.732,1146,409,1211,541
33,16,112,181,0.661,88,121,136,241
33,12,730,231,0.63,703,160,757,302
33,15,1843,269,0.597,1807,201,1879,338
33,24,1119,137,0.581,1096,84,1141,190
33,23,1017,220,0.571,988,146,1046,293
33,11,1187,154,0.559,1166,87,1207,222
33,14,1542,513,0.505,1505,428,1578,597
33,30,1757,280,0.453,1727,207,1787,354
33,18,864,119,0.448,844,55,884,183
33,37,1710,103,0.448,1682,40,1739,165
33,10,1219,135,0.443,1197,69,1241,202
33,40,1523,497,0.437,1500,432,1545,561
33,20,813,118,0.427,793,53,834,183
33,29,416,582,0.398,381,502,451,661
33,17,365,559,0.398,336,483,394,634
33,22,600,295,0.364,574,245,626,344
33,39,467,566,0.33,428,498,506,635
33,26,1649,79,0.31,1628,23,1669,135
33,25,1613,81,0.306,1590,28,1635,134
34,5,1147,852,0.891,1102,754,1193,949
34,2,714,582,0.853,680,488,748,675
34,3,1324,806,0.834,1281,712,1366,900
34,31,1819,645,0.801,1775,559,1863,731
34,1,144,935,0.79,92,839,196,1030
34,8,264,634,0.784,221,544,308,723
34,4,1555,674,0.784,1513,583,1598,765
34,7,787,418,0.777,757,342,817,494
34,9,952,299,0.763,921,229,982,370
34,13,606,396,0.694,575,331,638,460
34,6,1178,473,0.685,1149,407,1207,538
34,16,112,181,0.673,88,121,136,241
34,12,731,229,0.629,704,158,758,301
34,15,1844,271,0.597,1808,203,1880,339
34,24,1118,139,0.591,1096,86,1141,192
34,11,1186,152,0.542,1166,85,1206,219
34,23,1017,222,0.541,987,149,1046,295
34,14,1542,517,0.541,1504,431,1580,602
34,18,864,119,0.481,844,55,885,183
34,37,1711,103,0.477,1683,41,1740,165
34,20,813,117,0.444,792,53,834,182
34,10,1219,134,0.443,1198,69,1241,199
34,29,418,582,0.422,381,501,455,662
34,21,322,52,0.38,296,0,348,104
34,17,368,559,0.375,336,483,399,634
34,30,1761,282,0.334,1733,209,1790,355
34,25,1614,82,0.311,1591,30,1637,135
34,39,466,566,0.302,427,497,505,634
34,26,1649,80,0.301,1629,23,1669,137
34,33,481,569,0.301,454,502,508,635
35,5,1146,844,0.889,1100,752,1192,936
35,2,715,581,0.856,680,487,749,675
35,1,145,937,0.841,94,841,197,1033
35,31,1817,643,0.824,1774,557,1859,729
35,8,264,639,0.8,221,546,308,732
35,7,786,417,0.772,756,340,815,494
35,9,950,300,0.753,920,230,981,370
35,13,607,398,0.716,575,330,638,466
35,4,1558,682,0.71,1516,588,1600,776
35,6,1176,472,0.662,1148,405,1203,539
35,12,731,228,0.657,703,156,759,300
35,16,112,181,0.631,87,121,136,241
35,24,1118,141,0.618,1094,87,1141,195
35,3,1317,808,0.593,1273,713,1362,903
35,11,1185,152,0.526,1166,85,1205,218
35,14,1545,520,0.505,1508,434,1581,606
35,18,865,119,0.5,844,55,885,183
35,20,813,117,0.467,792,53,834,181
35,29,418,581,0.466,381,501,455,661
35,15,1846,271,0.458,1810,204,1881,339
35,23,1016,225,0.447,985,153,1047,297
35,10,1218,135,0.438,1196,68,1241,203
35,17,363,559,0.407,336,484,391,635
35,37,1712,104,0.382,1683,41,1741,166
35,21,325,52,0.359,299,0,351,104
35,34,429,41,0.336,401,0,457,82
35,25,1615,83,0.313,1591,30,1639,135
35,39,466,566,0.309,427,497,505,634
35,33,481,569,0.307,453,502,508,635
36,5,1144,835,0.879,1098,746,1190,925
36,2,713,581,0.845,679,487,747,674
36,3,1312,809,0.842,1265,715,1358,904
36,8,265,645,0.817,221,552,309,738
36,4,1559,686,0.815,1516,591,1602,782
36,1,146,938,0.8,95,842,197,1034
36,31,1816,639,0.794,1775,553,1857,726
36,9,950,301,0.78,920,232,980,370
36,7,785,416,0.745,756,339,814,493
36,13,607,403,0.658,575,332,639,473
36,24,1117,145,0.64,1093,88,1142,202
36,16,112,181,0.637,87,121,136,241
36,12,732,225,0.628,703,154,760,297
36,6,1180,472,0.614,1151,403,1208,540
36,23,1016,226,0.564,986,152,1046,300
36,11,1185,149,0.553,1166,85,1205,213
36,14,1545,521,0.521,1507,436,1584,606
36,18,865,119,0.515,845,56,885,183
36,29,418,583,0.501,380,504,455,662
36,20,813,116,0.488,792,52,834,180
36,15,1848,272,0.465,1813,204,1883,340
36,10,1218,136,0.445,1197,69,1240,203
36,21,331,52,0.419,304,0,357,104
36,37,1712,105,0.404,1683,41,1741,169
36,41,1319,792,0.376,1281,715,1357,870
36,17,364,559,0.373,337,483,391,635
36,30,1759,285,0.364,1726,214,1792,355
36,25,1617,83,0.355,1591,30,1642,135
36,36,1315,50,0.313,1295,0,1335,100
36,33,480,569,0.311,451,502,508,635
36,39,465,566,0.31,425,498,506,635
37,5,1143,832,0.878,1097,743,1188,922
37,2,713,579,0.851,679,485,747,673
37,8,265,649,0.848,220,556,310,741
37,3,1307,812,0.836,1261,719,1352,904
37,9,950,301,0.807,919,233,981,370
37,1,149,939,0.781,98,845,200,1034
37,7,785,415,0.778,756,336,814,494
37,31,1815,639,0.767,1775,549,1856,728
37,4,1563,690,0.687,1523,597,1602,784
37,6,1179,472,0.662,1152,402,1206,541
37,12,731,221,0.661,704,151,759,291
37,13,607,407,0.653,575,334,639,479
37,16,112,181,0.637,88,121,136,241
37,14,1547,521,0.62,1508,438,1587,605
37,24,1118,147,0.61,1093,90,1142,204
37,23,1015,226,0.58,985,153,1046,300
37,18,865,119,0.532,845,55,885,183
37,29,418,583,0.499,381,504,455,662
37,20,813,116,0.49,792,52,834,180
37,15,1850,272,0.484,1816,204,1884,340
37,10,1218,134,0.439,1196,67,1240,201
37,11,1186,148,0.432,1165,86,1208,209
37,21,332,51,0.432,305,0,360,103
37,17,365,559,0.392,337,483,393,636
37,37,1713,106,0.379,1683,44,1743,168
37,39,468,568,0.321,430,501,506,634
37,19,949,99,0.319,930,44,968,155
37,25,1617,82,0.316,1591,30,1643,135
38,5,1139,828,0.865,1095,734,1184,921
38,8,264,658,0.854,218,564,310,753
38,3,1303,815,0.82,1261,723,1344,906
38,2,711,574,0.815,677,479,745,668
38,4,1566,700,0.809,1523,605,1608,794
38,9,951,305,0.796,920,235,981,374
38,31,1812,634,0.761,1774,544,1850,724
38,14,1551,525,0.725,1513,445,1590,606
38,7,783,413,0.711,754,335,813,492
38,13,608,412,0.69,576,337,639,487
38,12,730,215,0.676,704,147,757,282
38,1,153,946,0.664,101,850,205,1043
38,16,112,182,0.617,88,122,137,241
38,6,1183,462,0.605,1154,398,1212,526
38,15,1854,273,0.6,1822,206,1887,339
38,24,1117,150,0.583,1092,94,1143,206
38,23,1016,229,0.54,985,156,1048,301
38,18,866,119,0.476,845,56,887,183
38,20,814,116,0.428,793,53,834,180
38,30,1763,292,0.418,1729,224,1797,359
38,21,339,51,0.41,312,0,366,103
38,11,1185,144,0.385,1164,85,1207,204
38,17,366,560,0.376,337,483,395,636
38,25,1619,82,0.364,1593,31,1645,134
38,26,1653,80,0.357,1634,25,1673,135
38,37,1715,112,0.354,1685,46,1744,178
38,10,1218,132,0.338,1197,66,1239,198
38,29,420,583,0.337,383,504,457,663
38,22,601,302,0.326,576,256,627,349
39,8,263,662,0.876,218,568,309,757
39,2,711,568,0.857,678,474,744,662
39,5,1137,827,0.848,1093,732,1182,922
39,3,1300,816,0.846,1260,725,1339,906
39,4,1568,702,0.84,1525,608,1611,797
39,31,1812,634,0.794,1774,541,1849,727
39,9,951,308,0.776,921,238,981,377
39,14,1554,526,0.762,1516,446,1592,606
39,13,608,410,0.751,576,332,640,488
39,7,783,407,0.723,754,332,811,483
39,12,730,212,0.715,704,144,755,280
39,6,1183,456,0.645,1155,396,1212,516
39,24,1117,152,0.636,1092,95,1143,209
39,16,112,181,0.618,87,121,137,241
39,1,154,948,0.603,102,852,205,1044
39,23,1016,229,0.593,985,156,1047,301
39,15,1857,273,0.54,1824,208,1890,339
39,18,866,120,0.491,845,56,887,184
39,17,366,560,0.45,337,483,396,636
39,20,814,116,0.446,794,53,834,179
39,21,341,49,0.438,315,0,367,99
39,26,1655,81,0.421,1636,25,1675,136
39,25,1620,83,0.383,1595,31,1646,135
39,11,1185,141,0.373,1164,80,1207,202
39,10,1218,130,0.341,1196,64,1240,197
39,29,420,585,0.324,384,506,456,663
39,30,1765,292,0.302,1731,218,1800,366
40,2,712,564,0.864,679,471,745,658
40,8,263,664,0.864,217,570,308,758
40,5,1136,826,0.843,1092,730,1179,922
40,3,1297,816,0.839,1260,727,1335,906
40,4,1571,704,0.833,1527,612,1614,796
40,31,1810,633,0.782,1773,539,1848,726
40,9,950,311,0.779,920,239,981,383
40,7,782,404,0.768,754,330,811,478
40,13,607,415,0.754,576,339,639,491
40,1,155,949,0.73,103,854,207,1045
40,14,1555,530,0.716,1517,450,1593,611
40,12,729,211,0.696,704,143,754,279
40,6,1184,456,0.671,1156,394,1212,518
40,24,1118,153,0.654,1093,96,1142,209
40,16,112,182,0.653,87,123,137,241
40,23,1016,229,0.647,986,157,1047,301
40,15,1860,276,0.573,1828,210,1893,342
40,18,867,120,0.506,846,56,887,184
40,20,814,116,0.464,795,53,834,179
40,30,1770,297,0.459,1738,221,1802,372
40,26,1656,81,0.455,1636,25,1676,137
40,17,366,560,0.454,337,483,396,636
40,21,344,49,0.439,318,0,369,99
40,11,1184,141,0.422,1162,79,1207,203
40,25,1622,83,0.418,1598,31,1646,135
40,10,1218,129,0.392,1197,63,1240,195
40,22,602,309,0.377,577,257,627,361
40,29,419,585,0.327,383,505,455,664
41,8,261,665,0.892,217,573,305,757
41,2,712,558,0.875,679,466,744,649
41,3,1296,817,0.838,1259,728,1333,907
41,5,1134,825,0.833,1091,728,1176,922
41,31,1808,632,0.819,1772,539,1845,725
41,9,950,313,0.802,920,240,981,387
41,4,1574,706,0.78,1531,615,1617,797
41,7,781,402,0.758,753,328,810,476
41,14,1558,538,0.752,1519,454,1596,621
41,13,607,419,0.708,576,344,637,493
41,6,1185,457,0.664,1157,391,1213,524
41,12,729,210,0.663,705,142,753,278
41,16,112,182,0.648,86,122,137,242
41,24,1118,153,0.647,1093,96,1142,209
41,1,157,951,0.634,105,855,208,1046
41,15,1863,279,0.601,1831,210,1895,348
41,23,1017,229,0.586,987,157,1048,300
41,18,867,120,0.514,846,56,887,184
41,20,815,116,0.478,795,53,834,179
41,17,366,560,0.475,337,484,396,635
41,25,1623,83,0.448,1599,31,1646,135
41,30,1769,299,0.447,1736,221,1801,376
41,26,1656,83,0.443,1637,27,1675,138
41,11,1184,142,0.443,1161,81,1208,203
41,10,1218,125,0.38,1195,57,1241,192
41,21,345,48,0.344,320,0,370,96
41,29,414,587,0.334,382,510,445,663
42,8,260,667,0.871,216,577,303,758
42,5,1131,824,0.87,1089,725,1174,923
42,3,1293,818,0.842,1255,728,1331,907
42,2,711,551,0.84,679,463,744,640
42,9,951,316,0.817,920,243,982,389
42,31,1807,629,0.815,1769,535,1845,724
42,4,1576,707,0.802,1531,618,1620,797
42,7,779,398,0.764,751,325,808,471
42,6,1188,456,0.703,1158,389,1217,524
42,13,607,421,0.687,576,348,637,494
42,14,1560,549,0.676,1521,460,1600,638
42,1,158,952,0.662,107,857,208,1046
42,16,112,182,0.655,87,123,137,241
42,15,1862,284,0.639,1831,214,1894,353
42,24,1118,153,0.63,1094,97,1142,209
42,12,728,209,0.604,703,140,753,278
42,30,1767,302,0.516,1733,225,1802,378
42,18,867,121,0.465,846,57,888,185
42,22,603,311,0.452,577,258,629,364
42,17,367,560,0.449,336,483,397,636
42,23,1018,230,0.432,988,159,1048,300
42,20,815,116,0.426,796,53,835,180
42,26,1656,83,0.425,1637,28,1676,138
42,11,1184,141,0.402,1160,78,1207,203
42,29,416,588,0.393,383,512,448,663
42,25,1623,84,0.388,1600,33,1647,135
42,21,345,47,0.37,320,0,370,94
42,10,1218,123,0.315,1195,56,1241,190
43,5,1128,819,0.873,1087,717,1170,922
43,8,256,669,0.859,215,580,297,758
43,3,1285,818,0.856,1246,730,1323,907
43,2,711,540,0.834,679,455,744,626
43,31,1802,623,0.823,1764,530,1840,717
43,4,1580,710,0.806,1534,623,1625,796
43,9,951,321,0.794,920,247,982,395
43,6,1189,450,0.792,1160,385,1218,516
43,7,778,393,0.776,751,318,806,467
43,13,607,421,0.742,575,348,638,495
43,14,1562,555,0.717,1522,470,1601,641
43,42,1096,1043,0.711,1058,1008,1133,1079
43,16,112,182,0.687,87,123,137,241
43,1,159,954,0.657,109,860,209,1047
43,24,1121,153,0.619,1099,98,1144,209
43,12,727,208,0.609,701,137,753,279
43,15,1864,289,0.569,1833,217,1895,361
43,30,1770,306,0.558,1735,227,1805,385
43,18,868,121,0.486,846,57,889,185
43,17,367,560,0.485,336,484,398,635
43,20,816,116,0.451,797,53,836,180
43,22,603,313,0.435,576,262,629,365
43,11,1184,140,0.431,1160,76,1207,204
43,23,1017,234,0.415,987,162,1047,306
43,21,348,45,0.397,325,0,372,90
43,19,957,93,0.394,938,35,975,151
43,26,1659,86,0.379,1638,31,1681,141
43,10,1217,116,0.355,1195,54,1239,178
43,25,1627,86,0.346,1605,34,1649,137
43,29,417,586,0.335,386,509,449,663
43,36,1313,49,0.302,1294,0,1332,99
44,8,253,671,0.873,213,584,294,758
44,5,1126,815,0.864,1086,712,1166,918
44,3,1280,818,0.851,1241,729,1319,906
44,2,711,538,0.834,678,452,744,625
44,31,1801,619,0.828,1763,526,1839,712
44,9,952,323,0.817,921,249,983,398
44,6,1189,447,0.816,1160,382,1218,512
44,4,1584,711,0.8,1538,626,1630,796
44,7,779,390,0.783,750,316,807,464
44,13,607,421,0.744,576,347,639,494
44,1,159,956,0.737,110,864,208,1047
44,42,1095,1041,0.703,1057,1003,1133,1079
44,16,112,182,0.701,87,123,137,241
44,14,1561,560,0.646,1524,472,1598,648
44,12,726,208,0.603,699,136,753,279
44,24,1121,154,0.588,1099,99,1144,209
44,15,1865,293,0.583,1834,222,1895,364
44,11,1182,141,0.541,1159,78,1206,203
44,23,1020,237,0.515,990,165,1050,310
44,22,604,315,0.492,578,264,630,367
44,17,367,560,0.492,336,484,398,635
44,30,1770,310,0.476,1735,233,1804,387
44,21,350,45,0.474,325,0,374,90
44,18,869,122,0.443,848,58,891,185
44,10,1217,115,0.429,1195,53,1238,177
44,20,817,116,0.412,798,53,836,180
44,26,1659,87,0.39,1637,31,1680,142
44,25,1629,87,0.37,1609,35,1648,139
44,29,418,590,0.365,386,517,449,663
44,36,1313,49,0.328,1293,0,1333,99
44,19,957,97,0.307,938,43,976,151
45,5,1125,808,0.869,1084,708,1166,909
45,8,251,672,0.858,212,587,290,757
45,31,1800,614,0.842,1762,522,1838,705
45,2,711,537,0.823,677,450,744,623
45,3,1274,818,0.817,1233,730,1316,907
45,9,954,325,0.809,922,251,985,399
45,6,1189,444,0.8,1160,379,1218,509
45,4,1586,714,0.798,1539,629,1633,799
45,7,778,388,0.769,750,314,807,462
45,13,607,421,0.725,575,346,639,495
45,16,112,182,0.705,87,123,136,241
45,42,1095,1039,0.679,1058,1000,1132,1079
45,14,1563,565,0.672,1525,477,1601,654
45,1,160,955,0.658,111,864,210,1047
45,24,1121,156,0.594,1099,102,1143,211
45,12,726,205,0.562,700,134,752,276
45,23,1020,239,0.559,990,167,1050,311
45,11,1182,138,0.537,1159,75,1205,201
45,15,1866,296,0.522,1835,225,1897,366
45,21,354,43,0.49,329,0,379,86
45,30,1770,312,0.477,1734,238,1805,387
45,18,870,122,0.473,849,58,892,185
45,10,1216,113,0.449,1195,50,1238,176
45,17,367,560,0.427,337,483,398,636
45,20,817,116,0.406,798,53,836,179
45,25,1631,89,0.356,1612,36,1650,142
45,29,418,591,0.331,387,518,448,663
45,19,958,92,0.319,938,35,978,150
46,8,251,678,0.866,211,591,290,764
46,5,1124,804,0.846,1083,705,1165,903
46,6,1190,443,0.813,1160,378,1219,508
46,3,1267,818,0.808,1220,730,1313,907
46,4,1588,725,0.806,1542,633,1634,816
46,2,710,536,0.804,676,449,744,623
46,31,1798,609,0.794,1759,521,1837,696
46,9,954,326,0.789,922,253,985,400
46,7,778,386,0.744,749,311,807,460
46,42,1094,1037,0.711,1057,995,1130,1080
46,13,608,420,0.692,575,347,640,494
46,16,112,182,0.691,87,122,136,241
46,24,1121,159,0.64,1099,104,1143,214
46,1,162,956,0.609,111,865,212,1047
46,14,1564,570,0.602,1527,483,1602,657
46,23,1020,241,0.568,989,169,1051,314
46,12,725,204,0.555,697,134,754,274
46,11,1182,137,0.543,1159,75,1206,200
46,17,368,560,0.489,337,484,399,636
46,43,27,127,0.485,0,76,55,178
46,18,871,122,0.472,849,58,892,185
46,10,1216,113,0.458,1194,51,1237,176
46,21,359,43,0.454,331,0,386,86
46,15,1866,299,0.446,1835,229,1897,369
46,30,1769,320,0.4,1733,254,1804,387
46,20,817,116,0.394,797,53,836,179
46,19,958,89,0.326,939,27,978,150
46,29,420,591,0.323,388,519,452,663
46,25,1632,89,0.318,1613,36,1651,142
46,26,1662,89,0.309,1640,31,1683,146
46,36,1313,49,0.303,1293,0,1332,98
47,3,1258,819,0.87,1205,733,1310,905
47,8,249,686,0.829,209,595,289,777
47,6,1190,442,0.823,1159,376,1221,507
47,4,1589,732,0.817,1543,636,1636,829
47,5,1123,789,0.814,1081,700,1165,879
47,9,954,327,0.804,922,255,986,399
47,2,710,534,0.784,676,445,744,624
47,1,163,957,0.778,113,866,213,1047
47,31,1795,603,0.763,1756,516,1835,689
47,7,778,384,0.748,748,310,807,458
47,42,1094,1034,0.737,1057,990,1131,1079
47,16,112,182,0.687,87,123,136,241
47,14,1565,573,0.663,1527,486,1603,660
47,24,1122,162,0.626,1099,107,1145,218
47,15,1867,300,0.571,1837,230,1898,370
47,11,1181,136,0.558,1159,73,1204,198
47,23,1021,245,0.547,990,171,1051,318
47,13,608,423,0.531,575,353,641,494
47,12,726,203,0.525,698,132,753,273
47,18,872,122,0.5,851,59,893,185
47,10,1216,112,0.483,1194,48,1237,176
47,17,368,560,0.478,337,484,400,636
47,21,363,42,0.454,333,0,393,85
47,43,32,128,0.454,0,78,63,178
47,20,817,116,0.406,798,53,835,179
47,30,1768,314,0.359,1731,241,1804,387
47,25,1634,91,0.344,1613,36,1655,146
47,19,959,88,0.339,940,27,978,150
47,29,421,591,0.318,388,519,453,663
47,36,1312,49,0.3,1292,0,1332,98
48,5,1119,777,0.892,1077,689,1161,865
48,3,1244,821,0.867,1187,735,1301,906
48,6,1189,441,0.83,1157,375,1220,508
48,9,956,328,0.826,924,256,988,399
48,8,250,699,0.822,209,603,290,795
48,2,710,533,0.763,675,441,744,624
48,1,167,957,0.761,116,868,218,1046
48,4,1592,743,0.759,1545,646,1640,840
48,42,1093,1029,0.738,1059,978,1127,1080
48,7,778,384,0.716,749,306,807,462
48,31,1791,596,0.703,1750,511,1831,681
48,16,112,182,0.692,88,122,136,241
48,15,1869,301,0.658,1838,232,1899,371
48,13,611,426,0.64,576,354,647,498
48,24,1123,166,0.639,1100,110,1146,222
48,14,1568,575,0.603,1531,490,1604,659
48,23,1020,250,0.589,989,177,1051,323
48,43,41,127,0.543,7,76,75,178
48,12,726,197,0.523,699,130,753,265
48,18,874,122,0.475,853,60,894,185
48,11,1179,131,0.435,1157,69,1202,193
48,10,1215,111,0.424,1194,47,1235,176
48,17,369,560,0.422,337,484,400,636
48,22,604,323,0.421,577,275,632,370
48,44,925,70,0.403,906,11,944,129
48,21,373,42,0.396,340,0,406,84
48,30,1773,314,0.393,1734,241,1811,388
48,25,1635,93,0.379,1613,38,1658,148
48,20,816,116,0.375,797,53,835,179
48,37,1718,123,0.374,1688,58,1747,187
48,19,959,86,0.361,939,25,979,148
48,26,1667,91,0.339,1650,36,1685,147
48,29,420,591,0.331,389,518,452,663
49,5,1119,774,0.897,1076,684,1162,863
49,3,1242,821,0.871,1185,736,1299,907
49,6,1189,441,0.845,1157,373,1221,508
49,9,956,328,0.837,923,258,989,399
49,4,1593,747,0.833,1546,651,1639,844
49,1,171,957,0.827,117,870,224,1045
49,8,248,703,0.785,206,607,290,799
49,31,1788,593,0.746,1746,508,1830,677
49,2,710,518,0.744,676,439,745,596
49,16,112,181,0.717,88,122,136,241
49,7,778,383,0.714,749,305,808,461
49,13,611,428,0.703,575,351,648,506
49,14,1570,576,0.627,1533,494,1607,659
49,15,1871,302,0.625,1841,232,1900,371
49,24,1124,168,0.622,1102,112,1147,224
49,42,1093,1026,0.612,1059,972,1127,1079
49,23,1020,252,0.599,990,178,1051,326
49,12,728,194,0.533,702,127,753,260
49,43,44,127,0.532,10,76,77,178
49,11,1180,128,0.483,1157,67,1203,190
49,10,1215,112,0.445,1195,47,1236,177
49,18,874,122,0.441,854,60,895,185
49,17,368,560,0.43,337,484,400,636
49,37,1717,124,0.428,1688,60,1746,188
49,25,1635,95,0.424,1612,39,1657,150
49,44,925,71,0.386,906,11,944,131
49,26,1668,92,0.362,1650,36,1686,148
49,30,1781,315,0.359,1750,244,1812,386
49,19,959,84,0.358,940,24,979,144
49,20,816,116,0.356,797,53,835,178
49,21,373,42,0.35,340,0,407,84
49,45,1399,110,0.311,1381,45,1418,174
49,29,422,589,0.305,390,515,453,662
50,5,1117,771,0.891,1074,682,1161,860
50,3,1239,822,0.853,1183,737,1295,906
50,6,1189,440,0.842,1156,371,1221,508
50,4,1593,752,0.831,1547,654,1640,849
50,9,955,329,0.816,923,259,988,399
50,1,176,958,0.815,118,871,233,1045
50,8,247,708,0.799,205,611,289,804
50,2,711,522,0.744,678,436,745,609
50,31,1784,592,0.718,1741,506,1827,678
50,7,779,382,0.704,750,304,808,460
50,16,112,181,0.7,87,121,136,241
50,13,612,432,0.7,575,352,648,511
50,42,1093,1023,0.698,1058,966,1128,1080
50,12,728,191,0.66,702,124,754,257
50,15,1871,302,0.643,1841,233,1902,371
50,24,1125,171,0.58,1102,114,1147,227
50,23,1025,250,0.507,998,179,1052,321
50,17,369,560,0.472,337,484,401,636
50,30,1783,313,0.453,1751,242,1815,385
50,10,1214,111,0.445,1193,46,1235,177
50,14,1572,578,0.438,1534,497,1610,660
50,43,44,126,0.421,11,74,78,178
50,18,875,122,0.42,854,60,896,185
50,11,1179,126,0.418,1157,65,1200,188
50,37,1718,125,0.409,1689,61,1747,189
50,21,375,42,0.379,343,0,408,84
50,25,1635,96,0.379,1612,41,1657,150
50,20,816,116,0.337,797,53,835,178
50,44,925,72,0.327,906,12,943,131
50,19,959,80,0.3,941,20,978,140
51,5,1116,770,0.881,1072,680,1160,860
51,3,1237,822,0.862,1183,738,1292,907
51,1,179,959,0.86,120,872,238,1046
51,8,247,713,0.852,203,616,291,810
51,6,1189,439,0.838,1156,370,1221,507
51,4,1596,757,0.82,1550,660,1643,855
51,9,955,330,0.817,922,260,987,400
51,42,1091,1019,0.765,1056,959,1127,1078
51,2,712,520,0.744,679,433,745,608
51,7,778,381,0.73,750,301,806,460
51,16,111,181,0.73,87,121,135,241
51,13,612,432,0.7,575,354,649,511
51,15,1872,302,0.671,1841,234,1903,371
51,31,1781,591,0.663,1736,503,1825,678
51,12,729,189,0.639,704,122,753,255
51,24,1125,171,0.625,1103,115,1147,228
51,14,1575,579,0.546,1538,500,1612,659
51,30,1783,319,0.479,1750,248,1816,390
51,23,1027,253,0.478,1003,180,1052,325
51,10,1214,111,0.465,1192,45,1235,177
51,11,1177,124,0.458,1157,64,1198,184
51,43,47,126,0.453,15,75,79,178
51,17,369,559,0.451,337,484,400,635
51,37,1718,126,0.421,1689,61,1746,190
51,18,875,122,0.419,854,60,896,185
51,25,1635,96,0.372,1613,41,1657,151
51,21,378,42,0.365,346,0,410,85
51,44,925,72,0.357,906,13,943,131
51,20,817,115,0.338,798,52,835,178
51,22,604,329,0.304,577,278,631,380
52,5,1116,769,0.888,1071,677,1160,860
52,3,1235,821,0.867,1181,735,1289,907
52,8,246,716,0.848,201,618,291,815
52,6,1188,436,0.841,1156,366,1221,507
52,4,1598,760,0.838,1552,664,1643,856
52,1,183,961,0.819,122,874,245,1049
52,9,955,334,0.8,923,262,987,406
52,42,1090,1016,0.792,1056,952,1125,1080
52,2,714,514,0.771,682,430,747,598
52,16,111,181,0.757,86,120,135,241
52,7,778,378,0.739,750,299,807,457
52,31,1775,590,0.71,1728,503,1823,677
52,13,613,437,0.698,576,359,649,516
52,12,729,187,0.645,704,120,754,255
52,24,1125,172,0.619,1103,115,1147,229
52,43,50,126,0.565,18,74,81,177
52,14,1575,586,0.55,1538,504,1611,667
52,30,1783,324,0.535,1752,251,1815,396
52,17,369,559,0.52,337,483,401,635
52,15,1872,302,0.498,1843,234,1902,370
52,23,1028,253,0.49,1004,182,1053,325
52,10,1213,110,0.427,1192,44,1234,176
52,18,876,122,0.395,855,60,897,185
52,46,1774,227,0.393,1741,158,1808,297
52,37,1718,129,0.386,1689,63,1747,195
52,21,380,41,0.375,349,0,411,83
52,20,817,115,0.366,798,52,835,178
52,11,1176,122,0.358,1156,64,1196,181
52,22,604,332,0.356,577,281,631,384
52,44,924,73,0.349,905,14,944,132
52,25,1636,97,0.333,1614,42,1658,152
52,45,1399,109,0.3,1380,44,1418,174
53,5,1114,764,0.872,1068,669,1159,858
53,4,1602,764,0.852,1557,671,1647,857
53,3,1232,821,0.838,1180,736,1285,907
53,42,1087,1011,0.83,1053,944,1121,1079
53,8,241,723,0.824,198,626,283,820
53,6,1190,431,0.822,1157,361,1223,501
53,2,716,506,0.815,683,423,749,590
53,9,954,338,0.773,922,264,986,413
53,1,186,967,0.754,122,877,249,1057
53,31,1770,588,0.743,1722,499,1818,677
53,7,779,372,0.719,751,294,806,450
53,13,614,447,0.713,578,371,650,523
53,16,112,181,0.677,88,121,136,241
53,30,1786,330,0.625,1754,252,1818,407
53,24,1126,173,0.611,1104,117,1147,229
53,14,1579,600,0.59,1541,512,1618,687
53,23,1024,253,0.588,994,182,1053,325
53,43,54,124,0.556,23,72,84,176
53,12,731,185,0.553,704,116,757,255
53,17,369,559,0.525,337,483,401,635
53,15,1874,303,0.515,1843,235,1904,370
53,21,383,41,0.441,353,0,413,82
53,18,878,122,0.424,856,60,900,185
53,46,1774,236,0.403,1741,159,1808,312
53,20,817,115,0.369,798,52,835,178
53,22,604,335,0.343,577,281,631,388
53,37,1719,131,0.337,1690,65,1748,197
53,44,923,74,0.336,904,16,942,133
53,19,963,76,0.332,944,18,981,133
53,11,1176,120,0.331,1154,60,1198,179
53,10,1213,107,0.322,1192,41,1233,173
53,25,1638,97,0.308,1616,42,1659,152
54,5,1114,762,0.86,1069,667,1159,858
54,3,1230,821,0.847,1180,736,1280,907
54,42,1086,1009,0.846,1051,938,1122,1079
54,8,241,724,0.832,196,629,285,820
54,2,717,503,0.816,684,420,749,586
54,6,1190,427,0.807,1157,358,1224,497
54,1,189,969,0.768,126,879,252,1058
54,4,1605,765,0.763,1559,673,1650,857
54,9,952,341,0.758,920,268,985,415
54,31,1768,584,0.743,1721,495,1815,673
54,13,615,448,0.729,579,373,652,524
54,7,779,368,0.725,752,291,807,445
54,16,112,180,0.699,88,121,136,240
54,30,1787,331,0.695,1754,252,1820,409
54,24,1126,173,0.634,1103,117,1148,228
54,23,1024,254,0.605,995,182,1053,325
54,12,731,184,0.563,704,114,757,254
54,17,369,558,0.539,337,482,401,634
54,43,55,123,0.511,27,71,83,175
54,14,1579,602,0.498,1541,518,1617,687
54,46,1774,234,0.452,1740,159,1808,309
54,15,1875,306,0.448,1844,237,1906,374
54,22,603,337,0.436,577,283,630,390
54,18,878,121,0.419,856,60,901,182
54,21,385,38,0.397,357,0,413,76
54,11,1176,119,0.388,1153,60,1199,179
54,20,816,115,0.388,798,52,835,178
54,37,1720,132,0.351,1691,67,1749,196
54,25,1639,98,0.347,1618,42,1660,153
54,19,963,75,0.343,944,17,982,132
54,10,1212,105,0.339,1191,40,1233,170
54,44,925,75,0.335,905,16,944,134
55,5,1113,760,0.849,1066,663,1159,858
55,3,1227,821,0.841,1182,737,1272,906
55,42,1085,1007,0.839,1050,934,1120,1079
55,8,238,725,0.831,193,630,284,820
55,2,717,498,0.819,686,414,748,581
55,1,190,970,0.779,127,880,253,1060
55,31,1767,581,0.763,1722,492,1812,670
55,6,1190,422,0.762,1157,354,1223,490
55,9,951,344,0.734,920,270,982,419
55,13,616,449,0.7,580,376,652,523
55,7,779,363,0.666,752,288,807,439
55,30,1789,332,0.664,1757,253,1821,411
55,4,1605,766,0.639,1560,676,1649,856
55,16,112,180,0.618,87,120,137,240
55,23,1024,254,0.592,995,184,1053,324
55,22,603,338,0.575,577,283,629,392
55,24,1126,173,0.568,1103,118,1149,229
55,17,369,558,0.546,337,482,401,634
55,14,1582,602,0.544,1542,521,1621,683
55,12,731,183,0.493,706,114,757,253
55,37,1720,134,0.455,1690,67,1750,201
55,43,55,122,0.428,29,70,81,174
55,15,1876,309,0.425,1843,238,1908,380
55,46,1774,235,0.401,1740,161,1808,308
55,11,1176,118,0.386,1152,58,1199,179
55,20,816,115,0.376,798,51,835,178
55,10,1211,102,0.365,1191,37,1232,166
55,18,879,121,0.36,856,60,902,182
55,21,387,37,0.352,360,0,413,75
55,44,925,77,0.322,906,15,945,138
55,19,964,73,0.304,945,16,983,131
56,5,1113,759,0.859,1065,660,1161,857
56,42,1084,1003,0.851,1049,929,1119,1078
56,2,717,495,0.828,686,411,749,579
56,8,236,726,0.826,192,633,280,820
56,3,1225,822,0.824,1184,737,1266,907
56,31,1765,579,0.768,1722,488,1808,669
56,6,1191,419,0.754,1159,353,1224,485
56,9,951,347,0.712,920,273,982,422
56,1,191,975,0.693,129,882,253,1067
56,30,1791,336,0.662,1758,257,1824,415
56,4,1607,768,0.644,1562,679,1652,857
56,7,780,359,0.626,752,285,807,432
56,14,1584,611,0.607,1542,524,1625,699
56,13,616,450,0.589,581,378,651,522
56,22,603,340,0.577,577,284,629,396
56,23,1025,255,0.549,996,184,1053,326
56,16,112,180,0.549,88,120,137,240
56,17,369,558,0.545,337,481,400,634
56,24,1125,174,0.528,1101,118,1150,229
56,12,732,183,0.417,707,113,758,252
56,46,1774,236,0.409,1740,162,1808,310
56,15,1876,312,0.405,1843,240,1909,384
56,37,1721,135,0.39,1691,68,1752,202
56,43,56,119,0.363,33,68,79,170
56,18,880,121,0.355,857,60,903,182
56,20,816,114,0.354,798,51,835,177
56,11,1176,118,0.331,1153,56,1198,179
56,25,1641,97,0.32,1622,43,1660,152
56,19,965,73,0.318,945,15,984,130
56,21,387,36,0.301,362,0,412,72
57,5,1112,755,0.869,1069,656,1156,855
57,8,233,728,0.844,190,637,277,819
57,2,717,493,0.841,685,407,749,578
57,3,1222,821,0.817,1182,737,1261,906
57,31,1762,577,0.793,1720,483,1805,670
57,4,1611,769,0.769,1565,683,1656,856
57,6,1192,415,0.736,1160,350,1224,479
57,42,1080,1001,0.733,1045,925,1115,1077
57,9,951,350,0.727,919,275,983,425
57,1,191,976,0.694,130,883,251,1069
57,30,1792,337,0.686,1760,259,1824,416
57,7,780,355,0.653,752,281,807,429
57,13,616,450,0.643,580,378,652,522
57,22,603,341,0.604,577,285,630,397
57,14,1586,617,0.598,1545,528,1627,705
57,16,112,180,0.595,88,120,137,240
57,17,369,558,0.56,337,481,401,634
57,23,1021,259,0.518,990,185,1053,333
57,46,1774,237,0.506,1741,163,1808,311
57,24,1125,176,0.494,1099,120,1151,232
57,12,733,181,0.475,707,112,760,251
57,37,1721,136,0.418,1690,70,1752,202
57,15,1876,314,0.406,1842,241,1910,388
57,43,59,119,0.391,39,67,79,172
57,20,816,114,0.372,797,50,835,177
57,18,880,121,0.372,856,59,904,183
57,11,1174,119,0.352,1153,57,1196,181
57,25,1644,97,0.348,1625,44,1664,151
57,19,966,71,0.301,947,14,984,127
58,5,1112,745,0.852,1069,648,1154,841
58,8,230,731,0.848,185,643,274,819
58,3,1218,825,0.82,1182,740,1255,911
58,2,719,490,0.804,685,402,752,577
58,31,1760,569,0.793,1719,479,1800,659
58,4,1615,784,0.767,1569,690,1661,878
58,42,1075,998,0.758,1038,917,1111,1078
58,9,949,353,0.735,917,277,981,428
58,1,194,978,0.728,135,885,253,1071
58,6,1194,411,0.712,1165,346,1223,476
58,30,1796,339,0.661,1763,263,1829,416
58,14,1591,620,0.657,1549,535,1633,706
58,7,779,351,0.619,752,279,807,423
58,16,113,179,0.602,89,119,137,240
58,23,1022,265,0.559,991,188,1054,343
58,22,603,342,0.553,576,288,630,397
58,24,1125,181,0.529,1097,122,1153,239
58,13,617,450,0.524,581,379,653,522
58,17,370,558,0.489,337,482,402,634
58,46,1776,237,0.458,1741,165,1811,309
58,12,734,178,0.447,709,108,760,248
58,18,881,120,0.377,857,59,905,182
58,11,1174,117,0.373,1153,56,1195,178
58,20,816,113,0.367,797,50,836,177
58,44,924,75,0.321,907,17,941,134
58,19,968,68,0.309,949,13,986,124
59,5,1112,737,0.848,1069,642,1155,833
59,8,229,735,0.844,184,647,273,824
59,4,1617,792,0.833,1571,696,1663,888
59,2,719,488,0.83,686,400,752,576
59,3,1215,827,0.825,1178,741,1252,914
59,31,1759,561,0.823,1719,475,1799,646
59,1,195,979,0.771,137,886,254,1071
59,14,1594,624,0.758,1552,538,1636,710
59,9,948,353,0.74,917,279,980,427
59,42,1075,997,0.712,1038,914,1111,1079
59,6,1190,410,0.679,1165,346,1214,475
59,30,1797,340,0.645,1764,264,1831,416
59,7,779,349,0.627,751,276,806,422
59,23,1023,267,0.602,991,189,1055,345
59,22,603,344,0.549,576,288,630,399
59,24,1125,183,0.539,1097,125,1153,241
59,46,1777,238,0.528,1742,167,1811,309
59,16,113,179,0.523,87,119,138,239
59,17,370,557,0.506,338,481,402,633
59,13,617,452,0.458,582,382,652,522
59,20,817,113,0.383,798,50,836,177
59,12,734,175,0.383,708,107,760,244
59,11,1173,115,0.371,1153,53,1194,177
59,18,882,121,0.363,858,59,905,182
59,44,924,75,0.355,907,18,941,133
59,43,72,118,0.339,45,66,99,170
59,29,428,584,0.324,395,507,462,661
59,25,1647,97,0.321,1627,43,1666,151
59,26,1681,95,0.316,1658,38,1704,153
59,15,1880,321,0.316,1845,246,1916,396
59,19,969,68,0.307,950,12,988,124
60,8,226,743,0.861,181,650,271,837
60,5,1112,731,0.858,1070,638,1154,824
60,4,1618,800,0.836,1572,700,1664,901
60,31,1758,553,0.823,1719,467,1798,639
60,2,719,487,0.816,686,399,753,576
60,3,1214,830,0.815,1175,742,1252,918
60,1,196,979,0.766,139,886,253,1073
60,14,1597,626,0.745,1555,540,1638,712
60,9,948,353,0.733,917,279,979,427
60,42,1072,993,0.704,1038,907,1106,1078
60,7,778,348,0.604,751,275,805,421
60,6,1193,410,0.601,1167,344,1220,475
60,30,1797,340,0.578,1761,263,1832,416
60,23,1023,268,0.569,990,191,1055,345
60,15,1881,324,0.529,1845,249,1918,398
60,24,1124,185,0.516,1096,127,1153,243
60,46,1778,239,0.499,1744,168,1812,310
60,13,617,454,0.459,582,384,652,525
60,16,110,177,0.455,83,115,138,239
60,17,369,558,0.444,337,482,401,634
60,20,817,113,0.345,798,50,836,177
60,12,735,171,0.339,709,104,761,238
60,19,970,66,0.322,951,11,989,122
60,25,1648,96,0.316,1627,42,1668,150
60,18,882,121,0.302,858,59,905,183
61,8,226,752,0.863,181,654,270,849
61,5,1111,724,0.86,1070,635,1153,812
61,2,720,486,0.823,686,398,754,575
61,31,1759,549,0.822,1720,465,1797,633
61,4,1620,805,0.821,1574,704,1665,906
61,3,1212,827,0.815,1171,744,1254,910
61,1,197,980,0.779,141,888,252,1072
61,9,947,354,0.758,915,280,979,427
61,14,1599,630,0.722,1558,545,1640,715
61,42,1069,990,0.709,1035,902,1104,1078
61,24,1125,188,0.659,1097,131,1152,246
61,7,779,347,0.618,751,274,807,419
61,15,1882,325,0.611,1846,249,1918,401
61,23,1024,272,0.602,992,196,1056,347
61,46,1779,242,0.595,1746,170,1811,314
61,6,1192,410,0.522,1166,343,1217,476
61,13,616,457,0.515,582,382,651,532
61,17,368,557,0.46,337,482,399,633
61,16,110,174,0.447,81,110,138,239
61,30,1802,341,0.416,1770,268,1833,415
61,12,734,169,0.411,709,103,759,234
61,20,817,113,0.396,798,49,836,176
61,18,882,121,0.367,859,60,906,182
61,19,971,65,0.36,952,8,990,123
61,21,402,34,0.321,377,0,427,69
61,37,1728,137,0.317,1696,72,1760,202
61,45,1401,107,0.304,1382,41,1420,173
61,44,924,78,0.304,907,19,942,136
61,25,1648,96,0.302,1627,42,1668,150
62,5,1110,716,0.862,1069,631,1152,801
62,8,226,756,0.854,180,657,272,855
62,4,1623,810,0.821,1577,710,1669,910
62,2,720,484,0.809,686,396,754,573
62,31,1758,548,0.783,1721,463,1795,633
62,9,947,353,0.777,916,282,978,425
62,1,197,979,0.765,143,889,252,1070
62,42,1067,987,0.721,1033,897,1102,1077
62,14,1601,629,0.715,1561,547,1641,711
62,3,1210,839,0.706,1167,744,1253,934
62,24,1125,189,0.648,1097,132,1152,247
62,13,616,460,0.634,581,381,650,540
62,7,778,345,0.585,751,272,806,418
62,23,1024,274,0.516,991,199,1056,350
62,6,1194,410,0.486,1167,343,1222,476
62,16,112,175,0.485,86,112,138,238
62,17,369,557,0.478,337,481,400,633
62,15,1883,327,0.467,1847,252,1918,402
62,46,1779,243,0.464,1746,172,1812,314
62,12,734,166,0.432,710,100,759,232
62,30,1801,341,0.397,1769,267,1834,416
62,20,818,112,0.396,799,49,836,176
62,19,972,65,0.354,953,8,990,121
62,18,883,121,0.31,859,59,906,182
62,45,1401,106,0.301,1382,41,1420,172
63,3,1206,851,0.837,1161,750,1252,952
63,5,1108,709,0.831,1066,622,1149,796
63,4,1628,818,0.829,1581,719,1674,918
63,1,200,981,0.821,146,890,254,1073
63,8,227,765,0.803,179,668,274,863
63,2,720,477,0.795,688,388,752,566
63,9,947,357,0.782,916,284,979,429
63,31,1755,544,0.781,1720,459,1790,629
63,42,1063,977,0.744,1027,886,1099,1068
63,14,1605,637,0.718,1564,553,1647,721
63,13,614,470,0.701,581,395,648,546
63,24,1125,190,0.626,1099,133,1151,248
63,7,777,339,0.61,749,270,804,409
63,23,1024,275,0.599,993,200,1056,351
63,12,734,161,0.526,710,95,758,226
63,17,369,555,0.479,338,480,400,630
63,46,1780,246,0.445,1748,178,1813,313
63,20,817,112,0.415,799,49,836,175
63,6,1189,404,0.402,1169,337,1210,472
63,15,1885,329,0.398,1851,255,1919,402
63,16,114,179,0.377,89,121,138,237
63,30,1800,348,0.366,1768,275,1831,421
63,18,883,119,0.349,860,59,906,180
63,19,974,62,0.336,956,7,992,117
64,8,225,771,0.852,177,672,274,870
64,3,1203,854,0.846,1158,753,1249,955
64,1,201,982,0.836,148,891,254,1073
64,4,1631,819,0.832,1583,720,1679,919
64,5,1105,709,0.828,1063,621,1147,798
64,2,720,474,0.823,688,384,752,563
64,31,1754,542,0.813,1720,457,1788,627
64,42,1063,967,0.781,1027,879,1099,1054
64,9,947,360,0.76,915,286,980,435
64,13,614,472,0.76,581,397,647,547
64,7,776,335,0.687,748,268,803,403
64,14,1607,647,0.675,1566,556,1648,737
64,24,1127,190,0.65,1102,134,1151,246
64,23,1024,276,0.584,992,200,1056,351
64,17,370,555,0.525,338,479,401,630
64,12,732,159,0.511,708,94,756,225
64,6,1190,401,0.467,1170,333,1211,469
64,30,1804,350,0.459,1769,271,1839,429
64,22,605,355,0.454,579,300,630,410
64,16,114,175,0.453,89,113,138,237
64,20,817,112,0.431,799,49,836,174
64,18,883,119,0.409,860,59,906,180
64,46,1781,246,0.386,1749,179,1814,314
64,19,974,60,0.317,955,3,992,116
64,44,925,88,0.307,907,24,943,152
65,8,225,775,0.842,177,676,272,874
65,5,1106,707,0.838,1064,616,1148,799
65,3,1200,857,0.834,1155,757,1245,957
65,4,1634,821,0.829,1588,723,1681,918
65,31,1752,539,0.823,1717,452,1786,626
65,42,1062,961,0.822,1025,874,1099,1047
65,1,201,982,0.815,149,892,254,1072
65,2,721,470,0.811,689,379,753,560
65,9,947,364,0.772,915,287,980,441
65,13,613,474,0.756,580,396,646,551
65,7,775,334,0.688,748,265,803,402
65,14,1609,652,0.636,1567,561,1650,744
65,24,1128,190,0.634,1104,134,1152,246
65,6,1191,399,0.54,1171,331,1211,467
65,17,368,554,0.518,338,479,398,630
65,30,1803,356,0.507,1770,277,1836,434
65,23,1024,276,0.484,994,202,1055,351
65,12,733,158,0.475,708,92,757,225
65,15,1889,330,0.437,1859,259,1919,401
65,20,817,111,0.416,798,48,836,174
65,18,883,119,0.401,860,59,906,180
65,37,1734,144,0.372,1705,79,1764,209
65,22,606,355,0.36,580,301,632,410
65,46,1782,250,0.333,1750,180,1814,319
65,16,105,170,0.327,71,103,138,237
65,45,1402,104,0.301,1383,39,1420,169
66,8,223,778,0.866,175,679,271,878
66,3,1197,858,0.857,1150,758,1243,957
66,5,1106,706,0.85,1064,614,1147,799
66,4,1636,823,0.84,1588,727,1684,919
66,31,1749,538,0.835,1714,450,1784,627
66,1,203,984,0.834,151,895,254,1073
66,42,1059,957,0.813,1023,870,1095,1044
66,2,721,464,0.778,689,377,752,551
66,13,612,475,0.732,577,398,647,552
66,9,947,367,0.729,915,290,979,444
66,24,1128,189,0.614,1105,134,1152,245
66,7,774,332,0.606,747,263,802,401
66,23,1027,277,0.478,999,202,1055,351
66,6,1195,397,0.466,1173,328,1217,465
66,17,367,554,0.455,339,478,396,630
66,14,1607,659,0.443,1571,569,1643,749
66,30,1807,358,0.442,1772,279,1842,438
66,22,607,356,0.412,581,302,633,410
66,12,732,158,0.395,709,91,756,224
66,20,818,111,0.384,799,48,837,174
66,15,1891,336,0.372,1864,273,1917,400
66,46,1782,252,0.36,1750,182,1814,322
66,18,884,119,0.335,861,58,906,180
66,16,105,162,0.313,72,87,139,236
67,3,1196,859,0.868,1150,761,1241,957
67,5,1105,704,0.851,1064,611,1145,798
67,1,204,984,0.847,152,895,255,1074
67,8,222,780,0.831,173,682,270,878
67,31,1748,537,0.826,1713,447,1782,626
67,4,1639,824,0.813,1591,729,1687,919
67,42,1059,954,0.799,1024,866,1095,1042
67,2,720,457,0.788,689,374,752,540
67,9,947,369,0.772,915,292,979,447
67,13,611,475,0.666,577,398,646,552
67,7,773,330,0.641,745,261,801,400
67,24,1129,190,0.581,1105,133,1152,246
67,23,1026,276,0.545,997,202,1055,350
67,14,1612,662,0.517,1571,570,1653,754
67,6,1199,393,0.508,1174,328,1225,458
67,17,368,554,0.464,339,478,398,630
67,22,607,359,0.421,581,303,633,415
67,30,1804,363,0.409,1771,287,1836,438
67,20,818,111,0.365,799,48,837,174
67,46,1784,261,0.354,1751,184,1816,338
67,15,1892,331,0.337,1866,263,1919,399
67,12,732,157,0.305,708,91,756,224
68,8,217,782,0.841,169,688,264,877
68,5,1102,701,0.807,1062,606,1141,797
68,9,948,375,0.8,915,297,981,452
68,31,1743,533,0.798,1708,444,1778,623
68,4,1644,827,0.796,1595,737,1692,917
68,42,1056,949,0.791,1023,855,1088,1043
68,1,206,988,0.787,155,898,257,1077
68,3,1188,863,0.773,1147,766,1228,960
68,2,720,447,0.743,690,367,751,527
68,14,1616,673,0.698,1575,581,1657,764
68,7,772,326,0.592,744,256,799,395
68,13,610,476,0.59,576,400,644,552
68,23,1027,277,0.576,997,204,1057,350
68,24,1129,194,0.559,1106,136,1152,252
68,6,1202,386,0.503,1175,323,1228,448
68,22,607,361,0.499,581,304,634,419
68,17,370,554,0.395,340,477,400,630
68,46,1785,263,0.392,1752,186,1818,340
68,30,1809,367,0.38,1772,291,1846,443
68,20,819,110,0.345,800,48,837,173
68,16,111,147,0.328,82,60,140,235
68,29,427,578,0.315,390,496,463,660
68,15,1894,336,0.308,1870,266,1918,407
69,8,215,784,0.841,169,690,261,877
69,1,206,989,0.827,156,901,257,1077
69,5,1101,699,0.826,1061,603,1141,795
69,9,948,376,0.817,915,298,982,454
69,3,1185,865,0.813,1145,769,1225,961
69,2,720,444,0.769,690,364,751,523
69,42,1056,947,0.766,1025,853,1087,1042
69,31,1741,530,0.759,1706,440,1776,620
69,14,1619,675,0.745,1578,583,1660,767
69,4,1647,830,0.705,1598,742,1696,918
69,6,1202,383,0.674,1175,321,1228,444
69,13,610,476,0.633,576,400,644,552
69,7,771,323,0.62,743,253,799,392
69,23,1027,278,0.616,997,205,1058,352
69,47,1218,1049,0.602,1179,1020,1257,1078
69,24,1129,197,0.519,1105,138,1153,257
69,22,608,361,0.518,580,305,635,417
69,46,1785,263,0.49,1752,188,1818,339
69,17,369,553,0.443,340,477,399,629
69,30,1811,365,0.424,1773,286,1849,444
69,16,113,146,0.416,86,57,140,234
69,48,12,589,0.38,0,522,24,657
69,15,1896,342,0.332,1873,270,1919,414
69,20,818,110,0.325,799,48,837,173
69,44,925,91,0.314,906,29,944,154
69,29,426,578,0.314,389,498,463,659
69,45,1402,102,0.3,1384,37,1421,168
70,9,949,377,0.828,915,300,982,455
70,5,1101,695,0.827,1061,600,1141,791
70,3,1180,866,0.816,1141,771,1220,960
70,8,213,787,0.802,168,695,258,879
70,2,721,441,0.771,690,361,753,520
70,31,1739,526,0.761,1703,436,1775,616
70,1,207,988,0.759,156,900,258,1076
70,42,1054,946,0.729,1022,850,1085,1041
70,6,1201,381,0.725,1173,320,1230,442
70,14,1621,677,0.702,1579,587,1662,767
70,4,1650,837,0.693,1599,746,1701,929
70,47,1220,1046,0.68,1178,1013,1262,1078
70,7,771,320,0.624,743,249,798,390
70,13,610,477,0.568,575,401,644,552
70,22,607,363,0.566,580,306,635,421
70,23,1028,284,0.553,998,208,1058,360
70,24,1130,199,0.515,1105,140,1154,259
70,48,15,586,0.482,0,517,30,655
70,46,1785,262,0.458,1751,189,1818,334
70,17,369,552,0.458,340,477,399,628
70,15,1897,347,0.417,1875,275,1919,419
70,30,1812,366,0.379,1775,288,1850,443
70,29,427,577,0.343,390,499,464,655
70,20,819,110,0.316,800,47,838,172
71,9,949,379,0.836,916,303,983,456
71,3,1177,867,0.824,1140,773,1214,960
71,5,1100,689,0.806,1060,595,1140,784
71,1,208,991,0.782,157,905,259,1077
71,31,1738,523,0.756,1702,433,1774,613
71,8,209,788,0.752,166,697,253,878
71,2,721,440,0.73,690,359,753,520
71,42,1055,941,0.725,1026,844,1083,1039
71,47,1222,1042,0.702,1176,1006,1268,1079
71,6,1201,380,0.681,1172,318,1229,442
71,4,1652,848,0.652,1601,750,1704,946
71,7,770,317,0.65,743,246,798,388
71,14,1617,680,0.634,1583,592,1651,767
71,22,607,363,0.6,580,307,635,420
71,13,611,476,0.593,575,402,646,551
71,30,1813,366,0.568,1776,289,1850,443
71,24,1130,201,0.514,1106,141,1154,260
71,46,1784,261,0.503,1750,189,1818,332
71,23,1028,287,0.492,998,209,1059,365
71,49,622,482,0.487,597,414,647,551
71,48,21,587,0.451,0,516,41,657
71,15,1897,350,0.441,1875,277,1919,423
71,17,369,553,0.434,340,477,398,628
71,44,925,91,0.331,906,30,944,151
71,29,426,579,0.319,389,503,463,655
71,20,819,110,0.313,800,47,838,172
72,9,949,379,0.849,915,303,983,456
72,3,1174,868,0.834,1137,775,1210,960
72,1,209,993,0.813,158,909,259,1077
72,5,1100,685,0.795,1059,591,1140,778
72,4,1654,856,0.785,1603,754,1706,957
72,8,207,789,0.754,164,701,250,878
72,31,1737,518,0.75,1701,431,1772,605
72,6,1200,379,0.74,1172,317,1229,441
72,47,1222,1039,0.731,1175,1000,1269,1079
72,2,721,441,0.711,690,357,753,524
72,42,1054,939,0.689,1026,842,1083,1037
72,7,769,315,0.638,743,244,796,386
72,22,608,366,0.597,580,309,636,423
72,13,611,479,0.596,574,407,648,551
72,14,1621,681,0.578,1585,595,1658,766
72,24,1130,202,0.569,1107,143,1154,261
72,48,23,591,0.559,0,519,47,662
72,23,1029,285,0.52,998,211,1059,358
72,46,1784,262,0.514,1750,190,1819,334
72,17,369,551,0.495,340,476,398,627
72,30,1813,368,0.459,1775,292,1851,443
72,49,623,482,0.42,596,414,649,550
72,44,925,91,0.389,906,30,945,153
72,15,1898,354,0.386,1877,281,1919,426
72,16,116,168,0.385,89,101,143,235
72,20,819,109,0.349,800,47,838,172
72,19,979,52,0.341,960,0,998,105
72,12,732,145,0.338,708,80,757,210
72,18,885,116,0.32,862,55,908,177
73,9,951,381,0.842,918,306,984,455
73,5,1098,671,0.837,1056,583,1139,758
73,8,204,806,0.826,160,709,248,904
73,3,1168,871,0.788,1130,780,1205,961
73,1,211,995,0.785,160,913,262,1076
73,42,1052,927,0.745,1024,830,1080,1024
73,47,1221,1034,0.741,1174,989,1269,1079
73,13,611,481,0.721,572,406,649,556
73,6,1201,378,0.721,1170,312,1232,443
73,2,722,429,0.719,690,352,754,506
73,31,1733,509,0.693,1695,424,1770,594
73,7,769,314,0.674,740,241,797,388
73,4,1658,869,0.671,1607,766,1708,971
73,14,1632,683,0.594,1591,599,1674,766
73,23,1028,293,0.558,997,216,1059,370
73,24,1132,204,0.548,1108,146,1156,262
73,17,370,551,0.51,340,475,399,626
73,30,1817,370,0.457,1782,297,1851,443
73,16,115,174,0.45,89,114,140,234
73,22,609,367,0.414,581,314,636,421
73,15,1898,357,0.402,1877,286,1919,429
73,46,1786,266,0.398,1752,193,1820,338
73,20,819,110,0.384,801,47,838,173
73,12,733,140,0.336,710,76,756,203
73,18,886,116,0.315,863,54,909,178
74,5,1097,662,0.857,1055,578,1139,745
74,8,203,816,0.836,158,715,248,917
74,9,951,380,0.829,918,305,985,455
74,4,1658,872,0.798,1608,771,1709,973
74,3,1164,872,0.77,1126,783,1202,960
74,1,211,994,0.769,160,913,263,1076
74,14,1636,686,0.759,1593,602,1678,769
74,31,1731,503,0.75,1693,420,1769,587
74,47,1222,1031,0.744,1173,983,1270,1079
74,2,722,423,0.735,690,349,754,497
74,13,610,485,0.7,572,409,649,562
74,42,1050,921,0.696,1019,826,1081,1016
74,7,768,314,0.631,740,240,797,387
74,6,1200,376,0.589,1168,310,1232,442
74,48,31,598,0.581,0,519,61,678
74,23,1029,295,0.571,999,218,1059,372
74,24,1132,205,0.509,1108,147,1155,262
74,17,370,550,0.486,340,474,400,626
74,46,1786,269,0.436,1750,195,1822,343
74,12,733,138,0.411,710,74,757,202
74,16,114,174,0.409,89,114,140,233
74,30,1822,367,0.407,1788,292,1855,443
74,20,819,110,0.398,801,47,838,173
74,22,608,371,0.353,581,319,634,423
74,15,1899,359,0.332,1879,288,1919,431
74,44,926,94,0.327,907,33,946,156
74,18,885,116,0.316,863,54,908,178
74,45,1402,100,0.307,1384,34,1421,165
75,5,1096,658,0.869,1055,575,1137,741
75,42,1049,912,0.825,1018,819,1080,1005
75,9,951,380,0.822,918,306,985,455
75,47,1220,1027,0.8,1172,977,1269,1078
75,4,1660,878,0.798,1610,776,1710,981
75,8,202,823,0.792,156,719,248,926
75,14,1638,694,0.787,1594,606,1681,781
75,3,1161,872,0.777,1121,785,1200,959
75,31,1727,502,0.699,1688,419,1765,585
75,7,768,312,0.664,740,238,796,385
75,2,721,430,0.663,688,348,753,512
75,13,610,493,0.65,571,416,649,571
75,6,1200,375,0.632,1169,310,1230,440
75,1,213,994,0.624,161,913,266,1075
75,23,1028,298,0.602,998,221,1058,375
75,48,31,601,0.59,0,520,63,682
75,24,1132,205,0.534,1109,147,1156,263
75,51,709,1053,0.532,668,1027,750,1079
75,17,371,551,0.513,340,474,402,627
75,16,114,173,0.453,89,112,139,233
75,50,1901,221,0.452,1883,168,1919,275
75,22,607,372,0.434,580,319,634,424
75,46,1788,274,0.433,1752,199,1823,349
75,12,734,135,0.404,710,70,757,200
75,30,1824,368,0.4,1791,293,1856,443
75,20,819,110,0.393,801,47,838,174
75,15,1899,364,0.364,1879,296,1919,431
75,44,926,97,0.345,906,35,947,159
75,45,1402,100,0.312,1384,35,1420,165
76,5,1095,656,0.88,1054,572,1137,740
76,42,1047,903,0.844,1016,815,1078,992
76,8,201,825,0.827,154,724,248,927
76,47,1219,1025,0.823,1171,972,1268,1079
76,9,951,382,0.823,918,308,985,456
76,14,1640,700,0.785,1596,611,1683,789
76,31,1725,500,0.775,1687,416,1763,583
76,3,1154,874,0.756,1111,787,1197,960
76,4,1662,883,0.75,1612,780,1711,986
76,48,31,603,0.717,0,523,63,682
76,2,722,421,0.709,691,344,754,497
76,51,707,1050,0.691,664,1021,751,1079
76,13,611,496,0.676,570,419,651,573
76,7,767,311,0.638,739,237,795,385
76,23,1028,300,0.637,997,222,1059,378
76,1,214,997,0.619,162,916,266,1077
76,6,1199,372,0.593,1167,305,1230,439
76,24,1133,204,0.574,1109,146,1157,263
76,17,371,551,0.518,339,475,404,627
76,30,1824,371,0.497,1790,293,1857,450
76,16,114,172,0.491,89,111,139,233
76,22,608,375,0.455,580,322,636,428
76,15,1898,363,0.427,1878,294,1919,431
76,12,734,135,0.411,710,69,757,200
76,50,1901,225,0.406,1883,169,1919,281
76,44,928,99,0.4,907,36,948,162
76,46,1787,279,0.389,1755,203,1818,355
76,20,819,110,0.389,801,47,838,174
76,29,427,573,0.364,389,492,464,655
76,45,1403,100,0.353,1384,34,1421,165
76,18,885,115,0.332,863,53,908,177
77,5,1095,653,0.88,1053,567,1138,739
77,42,1046,898,0.857,1015,809,1078,987
77,8,201,830,0.822,154,730,249,930
77,9,951,384,0.809,918,309,984,460
77,47,1219,1021,0.809,1169,963,1270,1079
77,3,1146,881,0.803,1097,790,1195,971
77,14,1642,708,0.763,1598,617,1686,798
77,31,1719,499,0.755,1679,415,1759,583
77,2,723,419,0.741,692,341,754,497
77,4,1664,884,0.727,1615,783,1714,985
77,48,32,607,0.71,0,529,63,685
77,51,708,1047,0.702,664,1015,752,1078
77,13,611,500,0.694,570,422,652,577
77,1,214,998,0.659,163,919,266,1077
77,7,768,310,0.658,740,235,795,384
77,24,1133,205,0.546,1108,148,1157,262
77,23,1028,300,0.546,998,223,1058,376
77,17,370,551,0.504,339,475,402,627
77,30,1825,377,0.477,1793,295,1858,458
77,15,1899,364,0.463,1879,297,1919,432
77,46,1789,281,0.461,1754,205,1824,357
77,16,114,172,0.457,89,111,139,233
77,6,1198,370,0.446,1167,303,1230,438
77,12,734,133,0.442,710,68,759,199
77,20,819,110,0.413,800,47,838,173
77,44,928,100,0.404,907,37,948,164
77,50,1901,227,0.377,1883,170,1919,285
77,22,607,376,0.356,579,323,636,429
77,18,885,115,0.343,863,53,907,177
77,29,427,573,0.343,390,491,464,655
77,45,1403,100,0.336,1384,35,1421,165
77,19,983,49,0.334,964,0,1001,99
78,5,1095,651,0.842,1051,562,1138,739
78,3,1136,891,0.839,1085,798,1188,984
78,42,1044,888,0.832,1011,801,1077,975
78,8,197,838,0.826,148,738,247,938
78,9,950,394,0.783,918,316,982,471
78,4,1668,889,0.778,1619,792,1718,985
78,47,1219,1014,0.777,1168,949,1270,1078
78,14,1646,720,0.767,1601,626,1691,813
78,31,1710,496,0.766,1666,410,1754,582
78,51,707,1041,0.724,662,1004,752,1078
78,2,725,413,0.724,696,334,754,492
78,6,1199,366,0.703,1167,300,1230,432
78,13,611,505,0.66,570,428,653,583
78,7,767,307,0.648,739,233,795,381
78,30,1830,385,0.608,1795,302,1865,467
78,48,33,607,0.599,0,526,65,688
78,24,1132,209,0.59,1107,152,1158,266
78,22,606,381,0.578,577,325,636,437
78,23,1030,301,0.578,1001,225,1059,378
78,17,370,551,0.477,339,475,402,627
78,46,1788,286,0.461,1754,208,1822,363
78,16,114,172,0.454,89,111,139,233
78,1,213,1000,0.432,162,923,263,1077
78,12,735,133,0.405,711,67,758,200
78,15,1900,367,0.405,1882,303,1919,431
78,20,819,108,0.39,799,45,838,170
78,44,928,103,0.384,905,40,951,166
78,50,1900,231,0.378,1881,172,1919,290
78,45,1402,100,0.368,1384,34,1421,165
78,29,427,571,0.359,390,487,464,654
78,19,984,46,0.318,966,0,1002,93
79,3,1132,894,0.856,1081,801,1183,987
79,14,1648,724,0.838,1602,633,1694,816
79,5,1095,650,0.824,1052,560,1137,739
79,47,1218,1009,0.815,1167,941,1270,1078
79,42,1044,886,0.806,1010,798,1077,975
79,8,192,839,0.806,145,742,239,937
79,31,1707,495,0.798,1663,409,1751,581
79,9,949,398,0.784,917,319,982,476
79,2,725,409,0.754,696,330,755,488
79,51,709,1039,0.736,664,1000,754,1079
79,4,1669,891,0.734,1620,796,1719,986
79,6,1199,363,0.724,1167,298,1231,428
79,13,611,506,0.67,569,428,654,584
79,7,766,302,0.619,739,230,794,374
79,30,1834,387,0.609,1801,305,1867,470
79,23,1030,302,0.576,1002,226,1059,377
79,22,606,383,0.573,577,326,634,440
79,24,1132,212,0.563,1106,154,1158,271
79,46,1789,288,0.539,1754,208,1824,367
79,17,369,551,0.508,338,475,400,626
79,48,33,607,0.488,0,527,66,688
79,16,113,172,0.467,88,112,138,233
79,15,1901,369,0.448,1883,308,1919,430
79,20,819,111,0.412,800,48,838,174
79,12,735,132,0.41,711,67,758,198
79,44,929,104,0.394,908,40,951,168
79,1,213,1002,0.381,162,928,263,1077
79,29,428,571,0.345,392,489,464,654
79,45,1403,99,0.342,1384,34,1421,165
79,19,984,47,0.322,967,0,1002,94
79,50,1900,233,0.317,1881,174,1919,293
80,3,1131,898,0.857,1082,803,1180,992
80,47,1219,1007,0.844,1167,934,1270,1079
80,14,1651,729,0.833,1604,637,1698,821
80,5,1095,649,0.824,1053,558,1137,739
80,4,1671,892,0.821,1622,799,1721,986
80,31,1705,495,0.804,1660,408,1750,582
80,42,1042,885,0.804,1009,794,1075,975
80,9,949,399,0.793,916,322,982,477
80,8,188,845,0.773,143,747,233,942
80,2,725,407,0.764,695,327,755,486
80,6,1200,358,0.735,1170,295,1230,422
80,51,709,1037,0.725,662,995,755,1078
80,13,612,506,0.648,569,428,655,584
80,24,1131,216,0.638,1105,158,1157,274
80,7,766,298,0.618,738,227,794,369
80,22,605,385,0.596,577,329,633,442
80,48,32,601,0.593,0,516,64,686
80,23,1031,301,0.559,1003,226,1059,375
80,46,1789,290,0.558,1754,211,1823,368
80,17,370,551,0.526,338,475,401,626
80,30,1834,394,0.502,1802,311,1866,477
80,12,736,131,0.467,711,65,760,197
80,16,113,172,0.464,88,112,137,233
80,44,930,105,0.442,909,41,951,169
80,20,819,111,0.435,800,48,838,173
80,15,1901,373,0.422,1883,316,1919,431
80,1,215,1004,0.403,163,931,267,1077
80,43,151,105,0.374,122,54,179,156
80,45,1402,100,0.371,1384,34,1421,165
80,11,1166,75,0.361,1144,18,1187,131
80,19,985,47,0.339,967,0,1003,94
80,18,882,114,0.307,861,52,903,177
80,29,428,571,0.307,392,489,463,654
81,3,1128,902,0.863,1081,805,1176,998
81,47,1220,1003,0.852,1170,928,1269,1078
81,5,1095,648,0.829,1052,556,1138,739
81,42,1041,883,0.82,1009,791,1074,974
81,31,1703,493,0.798,1660,404,1746,582
81,9,948,402,0.782,915,323,981,480
81,14,1653,730,0.782,1604,639,1702,821
81,8,188,847,0.776,140,750,236,945
81,4,1673,895,0.772,1623,803,1723,987
81,2,725,405,0.734,695,324,754,486
81,51,709,1034,0.723,661,990,757,1077
81,6,1199,356,0.722,1169,293,1228,418
81,7,766,294,0.653,739,224,794,364
81,24,1131,219,0.651,1103,160,1158,277
81,48,32,602,0.605,0,517,64,686
81,22,605,385,0.598,577,329,633,442
81,30,1834,396,0.547,1800,312,1868,479
81,23,1031,301,0.543,1004,227,1059,375
81,13,613,508,0.525,571,431,655,585
81,17,369,550,0.519,338,475,401,626
81,16,113,173,0.518,89,112,137,233
81,46,1789,291,0.507,1754,213,1823,368
81,44,931,104,0.449,910,41,952,167
81,12,737,131,0.422,713,65,762,197
81,20,819,110,0.412,800,47,838,173
81,15,1902,372,0.406,1885,314,1919,431
81,1,215,1004,0.402,163,931,268,1077
81,45,1402,99,0.353,1384,34,1420,165
81,43,153,103,0.311,127,52,178,155
81,11,1165,74,0.301,1143,18,1187,131
82,47,1221,1000,0.871,1170,921,1271,1078
82,5,1095,646,0.839,1053,553,1137,739
82,42,1039,880,0.834,1005,786,1074,973
82,3,1129,905,0.83,1083,810,1174,999
82,14,1656,735,0.82,1606,644,1705,826
82,9,947,404,0.787,914,326,980,482
82,8,185,851,0.781,138,753,233,948
82,51,711,1032,0.771,663,986,759,1078
82,31,1701,492,0.746,1659,402,1743,581
82,4,1675,896,0.737,1625,808,1725,985
82,6,1198,353,0.712,1170,291,1227,415
82,2,725,403,0.703,695,323,754,484
82,13,612,507,0.695,569,429,654,584
82,7,766,289,0.653,738,220,793,359
82,24,1130,220,0.627,1103,161,1158,280
82,48,32,602,0.609,0,518,64,687
82,22,604,388,0.588,576,330,632,446
82,30,1838,396,0.561,1806,316,1870,476
82,17,370,551,0.533,338,475,401,626
82,16,113,173,0.529,89,112,137,233
82,23,1031,302,0.518,1004,229,1059,375
82,46,1789,291,0.487,1753,215,1824,368
82,20,819,110,0.413,800,47,838,174
82,44,932,105,0.402,910,42,953,168
82,12,737,130,0.389,713,65,762,195
82,1,216,1010,0.384,162,941,269,1079
82,15,1902,377,0.36,1884,320,1919,434
82,45,1402,99,0.322,1384,34,1421,165
83,47,1224,995,0.847,1177,913,1271,1077
83,5,1096,639,0.844,1056,545,1136,733
83,51,712,1025,0.839,662,973,763,1078
83,3,1121,909,0.833,1079,818,1164,1001
83,8,179,856,0.811,132,760,226,951
83,14,1665,742,0.81,1620,653,1711,831
83,9,946,408,0.799,913,330,978,486
83,42,1038,874,0.779,1006,778,1070,971
83,31,1695,485,0.757,1655,397,1736,573
83,6,1199,349,0.725,1173,289,1225,409
83,2,725,401,0.713,695,320,755,482
83,7,765,286,0.695,738,217,791,355
83,24,1130,225,0.646,1103,165,1157,285
83,4,1681,919,0.643,1631,819,1731,1020
83,22,604,391,0.64,575,332,632,451
83,48,33,602,0.639,0,516,67,688
83,23,1029,308,0.626,1001,231,1058,384
83,13,610,509,0.612,570,434,650,585
83,30,1842,397,0.557,1807,318,1877,477
83,17,369,551,0.536,337,475,401,626
83,16,112,172,0.514,88,111,136,232
83,1,219,1009,0.483,163,939,274,1079
83,44,932,108,0.478,911,44,953,171
83,46,1789,293,0.471,1754,218,1825,368
83,20,819,111,0.451,800,48,838,175
83,15,1902,383,0.352,1885,323,1919,442
83,45,1402,99,0.339,1384,34,1420,165
83,43,157,103,0.33,136,53,179,153
84,14,1668,743,0.848,1624,656,1713,830
84,5,1095,634,0.846,1055,543,1136,726
84,47,1224,991,0.829,1177,908,1270,1075
84,51,716,1022,0.821,665,964,766,1079
84,42,1037,872,0.811,1003,777,1070,968
84,3,1119,911,0.807,1080,821,1159,1002
84,9,945,408,0.805,913,331,977,486
84,8,178,857,0.783,130,763,225,951
84,2,725,401,0.759,695,317,755,485
84,4,1681,928,0.738,1631,824,1731,1032
84,6,1200,349,0.732,1176,287,1224,410
84,31,1695,481,0.725,1654,393,1735,569
84,7,764,285,0.715,737,217,790,354
84,48,33,609,0.707,0,521,66,696
84,24,1131,226,0.644,1105,166,1157,285
84,13,609,511,0.643,569,438,649,584
84,23,1029,311,0.643,1001,234,1058,389
84,22,603,394,0.597,575,335,632,452
84,1,220,1009,0.572,165,938,275,1080
84,17,369,551,0.567,337,475,401,627
84,44,932,108,0.543,911,45,954,171
84,16,113,172,0.528,89,111,137,232
84,30,1841,399,0.523,1807,321,1874,477
84,20,819,111,0.468,800,48,838,174
84,46,1790,295,0.438,1755,220,1825,369
84,43,160,103,0.384,137,52,182,154
84,12,738,121,0.378,711,57,765,185
84,45,1402,99,0.365,1384,33,1420,165
84,15,1902,383,0.338,1885,327,1919,440
84,18,881,114,0.329,859,52,902,176
85,14,1671,746,0.854,1627,661,1715,830
85,47,1224,989,0.844,1177,901,1272,1077
85,5,1096,629,0.843,1058,539,1134,720
85,3,1116,914,0.837,1076,823,1156,1004
85,42,1034,868,0.817,1001,772,1067,963
85,51,718,1020,0.807,667,960,769,1079
85,9,945,409,0.805,912,332,977,487
85,8,176,863,0.801,128,769,224,956
85,2,725,402,0.774,695,317,755,486
85,31,1694,476,0.745,1656,389,1732,563
85,13,608,511,0.735,569,436,647,586
85,6,1199,349,0.71,1175,287,1222,411
85,4,1683,935,0.708,1633,828,1733,1042
85,7,763,284,0.702,737,215,788,354
85,22,604,397,0.661,575,336,632,458
85,24,1131,227,0.639,1105,167,1157,286
85,23,1029,315,0.616,1002,237,1057,394
85,48,34,614,0.603,0,523,68,705
85,30,1842,398,0.601,1807,320,1876,477
85,17,369,551,0.592,337,475,402,626
85,1,219,1009,0.558,165,939,272,1079
85,44,932,109,0.552,910,46,954,171
85,16,113,172,0.539,89,112,137,233
85,20,818,111,0.49,799,48,838,174
85,45,1402,99,0.38,1384,33,1420,165
85,15,1902,381,0.348,1884,329,1919,434
85,12,736,118,0.342,711,55,761,182
85,18,880,114,0.338,859,52,902,176
85,46,1792,293,0.326,1756,218,1827,368
86,3,1114,914,0.861,1075,824,1153,1004
86,5,1097,625,0.854,1059,536,1135,714
86,47,1225,988,0.825,1178,897,1272,1078
86,42,1034,863,0.821,1002,769,1066,957
86,8,175,867,0.818,127,773,224,962
86,14,1674,752,0.789,1629,663,1720,841
86,9,945,410,0.785,912,333,978,487
86,51,718,1016,0.775,662,953,773,1079
86,31,1692,471,0.739,1654,386,1730,556
86,2,724,400,0.72,694,315,755,486
86,4,1686,940,0.698,1635,834,1736,1045
86,6,1200,349,0.666,1175,285,1224,413
86,7,763,285,0.647,736,214,789,356
86,24,1131,227,0.62,1106,168,1156,285
86,48,35,620,0.616,0,527,71,713
86,13,607,517,0.611,568,442,645,592
86,23,1028,314,0.601,1001,239,1056,390
86,22,604,399,0.578,576,338,632,461
86,30,1841,399,0.568,1804,323,1878,476
86,17,369,550,0.563,336,475,402,626
86,1,220,1011,0.547,165,943,274,1079
86,44,933,109,0.546,911,47,956,171
86,16,112,172,0.475,88,111,136,233
86,20,818,111,0.454,799,48,837,174
86,15,1901,383,0.341,1884,333,1919,434
86,45,1402,99,0.331,1383,34,1420,165
86,46,1793,294,0.315,1758,219,1828,369
86,18,881,114,0.307,859,52,902,175
87,3,1111,915,0.891,1072,825,1150,1005
87,5,1096,617,0.855,1058,533,1134,702
87,42,1035,856,0.842,1002,765,1068,948
87,47,1226,986,0.841,1180,893,1272,1078
87,51,720,1013,0.83,664,947,775,1078
87,9,944,410,0.783,911,334,977,487
87,31,1692,468,0.782,1655,385,1728,552
87,8,174,869,0.779,125,778,224,959
87,4,1688,946,0.766,1638,839,1739,1053
87,48,37,625,0.72,0,531,74,720
87,14,1670,764,0.711,1631,673,1710,855
87,2,724,398,0.709,694,312,754,483
87,13,605,522,0.688,569,443,641,601
87,6,1199,348,0.646,1175,283,1222,413
87,24,1132,227,0.63,1107,168,1156,286
87,7,761,284,0.622,735,212,788,356
87,22,604,401,0.582,576,340,633,462
87,44,934,110,0.545,912,48,955,172
87,17,369,551,0.54,336,475,402,626
87,30,1841,403,0.504,1806,328,1876,478
87,23,1029,317,0.493,1003,243,1056,391
87,20,818,111,0.489,799,48,837,174
87,1,221,1013,0.468,166,947,275,1079
87,16,112,172,0.435,88,111,136,232
87,46,1793,296,0.429,1758,223,1828,370
87,12,734,115,0.41,710,52,757,179
87,45,1401,100,0.329,1382,34,1420,166
87,18,881,113,0.313,859,52,902,174
88,5,1096,607,0.871,1056,525,1135,689
88,3,1106,931,0.836,1065,835,1148,1027
88,47,1229,979,0.83,1182,881,1275,1078
88,4,1693,956,0.824,1640,850,1747,1062
88,42,1034,838,0.821,1002,755,1067,921
88,9,945,413,0.796,911,338,978,487
88,31,1691,461,0.784,1656,380,1726,542
88,51,721,1008,0.774,666,939,775,1077
88,8,174,881,0.769,121,791,226,970
88,13,603,527,0.728,567,445,639,610
88,2,723,393,0.693,694,307,753,479
88,6,1199,345,0.666,1176,280,1222,411
88,48,41,627,0.622,0,533,83,722
88,24,1133,229,0.612,1108,171,1158,287
88,1,221,1015,0.597,166,951,275,1079
88,14,1681,781,0.592,1637,683,1725,878
88,17,369,550,0.56,337,475,401,626
88,46,1795,303,0.552,1760,226,1831,381
88,7,759,282,0.522,735,210,783,354
88,44,934,114,0.517,912,51,955,178
88,30,1846,410,0.488,1806,329,1885,491
88,20,817,111,0.445,798,47,837,174
88,16,112,172,0.431,87,111,136,233
88,22,604,403,0.373,575,346,632,459
88,43,187,103,0.36,152,52,222,155
88,23,1030,319,0.323,1006,249,1054,390
88,50,1900,241,0.31,1880,185,1919,296
88,12,733,113,0.304,710,50,756,177
89,5,1095,606,0.864,1056,523,1134,690
89,3,1105,932,0.844,1062,837,1148,1027
89,47,1230,975,0.829,1185,873,1276,1077
89,42,1034,833,0.828,1000,750,1067,916
89,9,944,418,0.824,910,341,978,494
89,31,1690,461,0.788,1656,379,1725,543
89,4,1696,959,0.787,1643,855,1750,1063
89,13,602,531,0.787,566,448,637,615
89,51,719,1006,0.786,667,935,771,1078
89,48,43,628,0.783,0,532,86,725
89,8,173,886,0.783,120,796,226,976
89,2,722,388,0.732,692,304,752,472
89,6,1200,343,0.649,1176,278,1224,407
89,14,1681,784,0.619,1635,686,1727,883
89,24,1133,232,0.615,1109,173,1158,291
89,17,369,551,0.554,336,475,402,627
89,46,1797,308,0.532,1763,228,1831,387
89,44,934,118,0.531,911,53,957,184
89,1,220,1016,0.52,168,954,273,1078
89,7,758,281,0.519,733,209,782,352
89,22,603,404,0.464,575,348,631,461
89,30,1847,417,0.459,1807,333,1886,501
89,20,817,111,0.458,798,47,837,174
89,16,112,172,0.454,87,111,136,233
89,23,1027,321,0.405,1001,250,1054,392
89,43,189,104,0.385,155,53,222,155
89,50,1899,242,0.372,1879,187,1919,298
89,45,1401,100,0.33,1382,34,1420,166
90,5,1095,605,0.875,1055,521,1134,690
90,42,1034,828,0.866,1003,746,1066,910
90,47,1231,970,0.859,1184,867,1278,1073
90,4,1698,961,0.848,1643,858,1753,1063
90,3,1104,950,0.84,1058,843,1150,1057
90,31,1690,460,0.826,1655,376,1726,543
90,13,600,535,0.814,566,451,635,618
90,9,943,423,0.81,908,344,978,502
90,8,173,890,0.78,119,800,227,981
90,48,45,631,0.771,0,533,90,730
90,2,722,384,0.767,692,301,751,466
90,51,719,1003,0.762,669,931,769,1075
90,14,1683,789,0.69,1638,692,1728,885
90,6,1202,340,0.65,1176,277,1228,404
90,24,1133,236,0.597,1109,175,1158,296
90,17,369,551,0.589,336,475,402,626
90,46,1797,311,0.571,1762,232,1831,390
90,30,1848,422,0.569,1808,337,1888,506
90,22,603,408,0.565,574,350,631,465
90,44,935,120,0.551,912,54,957,185
90,7,757,279,0.542,733,206,781,351
90,16,112,172,0.489,87,111,136,233
90,20,818,108,0.489,798,46,837,170
90,23,1021,328,0.473,989,250,1053,406
90,1,221,1019,0.456,170,959,272,1078
90,43,192,104,0.386,160,52,224,155
90,50,1899,247,0.361,1880,191,1919,303
90,45,1401,101,0.339,1382,34,1419,167
90,18,881,112,0.327,860,53,903,171
90,12,733,113,0.319,710,49,756,177
91,42,1035,825,0.876,1004,743,1065,908
91,5,1094,603,0.87,1055,516,1133,690
91,47,1232,960,0.863,1185,860,1278,1061
91,3,1102,956,0.853,1053,848,1151,1064
91,31,1690,458,0.825,1654,374,1726,543
91,9,944,427,0.81,909,348,979,506
91,48,46,636,0.801,0,540,93,732
91,4,1702,963,0.793,1646,863,1757,1063
91,51,719,1002,0.764,671,926,766,1077
91,8,172,897,0.761,118,806,226,987
91,13,598,537,0.756,563,452,634,623
91,2,721,379,0.715,692,299,751,459
91,6,1203,338,0.661,1177,275,1230,401
91,14,1683,795,0.634,1639,700,1727,890
91,22,603,411,0.612,575,352,631,470
91,46,1796,314,0.585,1762,234,1831,394
91,17,368,551,0.573,336,475,400,626
91,24,1133,238,0.542,1109,178,1157,298
91,7,755,276,0.538,730,206,779,347
91,30,1849,425,0.533,1809,341,1889,510
91,44,935,121,0.504,912,57,957,186
91,1,223,1018,0.492,172,957,274,1080
91,16,112,172,0.468,87,111,136,233
91,20,817,111,0.455,798,47,837,175
91,23,1019,329,0.42,988,251,1051,407
91,43,193,104,0.415,162,52,225,155
91,50,1898,249,0.402,1878,193,1919,305
91,25,1681,118,0.381,1661,65,1701,172
91,29,426,572,0.321,391,489,461,654
92,47,1230,951,0.886,1183,853,1278,1049
92,5,1093,603,0.869,1054,515,1131,690
92,42,1035,824,0.865,1005,738,1065,910
92,4,1706,965,0.828,1651,866,1761,1064
92,9,944,431,0.82,909,351,980,512
92,31,1690,458,0.818,1653,373,1727,542
92,3,1101,960,0.809,1050,852,1152,1069
92,48,47,638,0.803,1,543,93,732
92,51,717,1000,0.782,670,923,765,1077
92,8,172,908,0.779,117,810,226,1006
92,2,721,373,0.76,693,296,750,451
92,13,598,541,0.751,563,458,633,624
92,6,1204,335,0.706,1176,272,1231,398
92,14,1688,799,0.696,1642,703,1734,895
92,7,754,274,0.578,730,203,778,346
92,22,603,414,0.574,575,354,631,475
92,24,1133,240,0.569,1109,179,1158,300
92,46,1796,317,0.568,1762,237,1830,397
92,17,368,551,0.562,336,475,400,626
92,30,1848,431,0.52,1812,349,1883,513
92,44,935,124,0.496,912,58,958,189
92,23,1018,330,0.493,986,252,1049,408
92,20,817,111,0.458,798,47,837,175
92,16,111,172,0.445,86,111,136,233
92,25,1682,118,0.42,1661,65,1703,172
92,50,1899,252,0.412,1879,192,1919,311
92,1,223,1023,0.411,173,968,274,1077
92,43,195,103,0.402,164,52,226,155
92,29,426,571,0.312,391,488,461,654
92,45,1401,101,0.304,1382,34,1419,167
93,47,1230,938,0.895,1182,840,1278,1036
93,5,1093,601,0.862,1054,512,1132,690
93,4,1712,970,0.835,1656,875,1768,1064
93,3,1098,962,0.834,1045,859,1150,1064
93,8,170,917,0.827,117,820,223,1014
93,48,48,637,0.816,3,542,94,732
93,9,945,436,0.81,908,354,981,518
93,31,1686,456,0.803,1649,371,1723,541
93,42,1034,822,0.788,1004,732,1064,911
93,51,718,997,0.765,673,915,764,1079
93,14,1691,806,0.746,1649,712,1732,901
93,13,596,543,0.739,560,462,632,625
93,2,720,368,0.697,692,291,749,445
93,6,1203,329,0.691,1176,268,1229,389
93,22,603,419,0.624,575,356,632,483
93,24,1135,245,0.564,1111,184,1159,307
93,46,1797,323,0.558,1764,242,1830,404
93,7,752,270,0.526,727,200,776,339
93,30,1849,435,0.522,1813,353,1885,516
93,44,935,126,0.446,912,61,957,191
93,17,369,550,0.435,337,475,400,625
93,23,1022,332,0.421,994,256,1051,407
93,16,111,172,0.413,86,111,136,233
93,20,817,110,0.401,797,46,837,174
93,43,199,102,0.342,170,50,228,155
93,25,1681,124,0.322,1660,70,1702,177
93,50,1898,255,0.31,1877,196,1919,314
94,47,1231,936,0.885,1182,836,1279,1036
94,5,1093,600,0.861,1054,511,1132,690
94,8,167,922,0.85,113,823,221,1021
94,9,945,440,0.82,910,358,979,522
94,4,1715,973,0.807,1659,880,1772,1067
94,42,1035,820,0.805,1005,730,1064,910
94,48,48,633,0.801,4,534,93,732
94,3,1096,956,0.771,1044,866,1148,1046
94,13,595,545,0.751,560,463,630,626
94,31,1684,454,0.75,1648,368,1721,540
94,51,718,995,0.724,672,911,763,1079
94,2,721,364,0.689,693,289,748,440
94,14,1691,808,0.688,1652,715,1729,901
94,6,1202,327,0.679,1175,267,1229,387
94,22,604,422,0.639,576,359,632,485
94,30,1850,439,0.566,1814,361,1885,516
94,24,1135,247,0.548,1111,186,1159,308
94,1,228,1026,0.518,178,975,277,1078
94,7,752,266,0.505,726,198,777,335
94,46,1796,325,0.466,1763,245,1830,405
94,44,935,127,0.456,912,62,957,191
94,17,378,550,0.454,337,475,418,625
94,23,1023,332,0.437,995,256,1051,407
94,52,1728,775,0.436,1711,718,1745,833
94,20,817,110,0.412,797,46,837,173
94,53,478,562,0.41,449,496,506,629
94,16,111,172,0.4,86,112,136,233
94,25,1683,124,0.356,1660,69,1706,179
95,47,1231,934,0.888,1183,832,1280,1037
95,5,1092,598,0.844,1053,507,1131,689
95,3,1093,973,0.843,1043,871,1144,1075
95,42,1036,818,0.831,1006,727,1065,910
95,8,165,926,0.826,112,828,218,1024
95,9,945,441,0.807,910,359,979,523
95,4,1717,980,0.801,1662,886,1772,1073
95,51,718,992,0.778,673,906,764,1078
95,48,50,634,0.758,6,535,94,733
95,13,596,546,0.731,561,466,631,626
95,2,720,365,0.704,691,287,750,444
95,31,1684,451,0.7,1648,367,1721,534
95,6,1202,325,0.688,1175,266,1229,384
95,14,1690,813,0.681,1654,723,1726,904
95,30,1854,436,0.656,1816,356,1893,517
95,7,752,264,0.556,726,195,778,333
95,22,604,424,0.544,575,359,632,489
95,24,1136,248,0.521,1111,187,1160,308
95,23,1023,332,0.505,994,256,1051,408
95,46,1797,325,0.504,1763,244,1832,406
95,52,1732,776,0.49,1715,719,1749,834
95,44,934,127,0.477,912,63,957,192
95,17,377,550,0.465,337,475,416,624
95,16,111,172,0.452,86,111,135,233
95,20,817,109,0.423,797,45,836,172
95,53,477,563,0.394,448,496,506,629
95,25,1683,125,0.373,1660,71,1707,179
95,43,204,101,0.308,179,48,228,153
96,47,1232,932,0.894,1184,826,1280,1037
96,3,1090,976,0.859,1041,874,1138,1077
96,5,1092,594,0.841,1053,503,1130,686
96,9,946,444,0.819,911,363,980,524
96,42,1036,817,0.803,1007,725,1065,908
96,4,1718,985,0.792,1663,893,1774,1078
96,8,163,929,0.788,110,831,215,1027
96,51,719,989,0.766,675,901,763,1078
96,13,595,546,0.747,559,467,631,626
96,2,720,362,0.723,690,285,749,439
96,48,52,639,0.708,10,546,95,733
96,31,1683,450,0.696,1648,365,1717,535
96,14,1701,814,0.678,1657,725,1746,903
96,6,1201,324,0.661,1173,265,1228,384
96,30,1859,436,0.627,1818,354,1899,517
96,7,752,261,0.609,724,192,781,329
96,22,604,425,0.596,575,361,633,489
96,1,230,1028,0.489,182,977,279,1079
96,44,934,128,0.484,912,64,957,192
96,46,1799,328,0.482,1766,248,1832,407
96,24,1136,248,0.467,1112,188,1160,309
96,17,369,549,0.465,337,475,401,624
96,16,111,172,0.458,86,112,135,233
96,23,1018,337,0.429,984,259,1052,415
96,20,817,108,0.42,797,45,837,171
96,53,476,563,0.401,446,496,506,629
96,25,1683,127,0.329,1660,74,1707,180
96,29,425,577,0.317,390,499,460,654
96,45,1401,101,0.305,1383,35,1418,167
96,43,203,100,0.301,183,48,223,152
97,47,1232,930,0.898,1185,823,1280,1037
97,3,1085,976,0.875,1041,875,1130,1077
97,5,1090,591,0.84,1052,500,1129,681
97,9,946,445,0.84,911,365,982,525
97,4,1719,988,0.836,1664,899,1775,1077
97,42,1036,811,0.811,1007,721,1065,902
97,14,1708,814,0.798,1661,726,1756,902
97,51,719,986,0.787,675,895,763,1077
97,31,1680,447,0.76,1645,361,1714,533
97,8,160,934,0.738,109,834,211,1034
97,2,720,360,0.716,690,283,750,438
97,13,595,547,0.705,558,470,631,625
97,7,753,259,0.675,724,191,781,327
97,6,1201,324,0.652,1171,263,1230,385
97,30,1861,436,0.64,1820,353,1902,518
97,22,603,427,0.615,575,363,631,491
97,23,1016,342,0.581,982,261,1050,423
97,48,55,638,0.539,12,544,98,732
97,46,1801,329,0.527,1769,250,1833,408
97,1,230,1028,0.511,180,978,280,1078
97,24,1137,250,0.491,1112,190,1162,310
97,16,110,172,0.461,86,111,135,233
97,17,370,549,0.441,337,475,403,624
97,20,818,108,0.422,798,46,837,170
97,44,934,128,0.415,913,64,956,192
97,12,729,99,0.388,705,36,754,162
97,43,205,99,0.358,184,47,226,151
97,53,475,563,0.356,443,497,506,629
97,25,1684,127,0.317,1660,74,1708,181
98,47,1232,922,0.897,1186,812,1278,1033
98,5,1091,581,0.855,1053,493,1129,669
98,8,156,941,0.849,107,844,204,1038
98,9,947,445,0.849,912,367,983,524
98,3,1079,981,0.828,1038,884,1120,1078
98,31,1675,439,0.828,1642,354,1708,524
98,48,67,648,0.819,16,562,118,734
98,51,718,982,0.796,674,886,763,1078
98,13,595,551,0.764,556,472,634,630
98,42,1035,803,0.749,1007,712,1064,893
98,22,602,430,0.741,571,367,633,493
98,14,1711,827,0.718,1664,739,1757,916
98,4,1722,994,0.715,1667,911,1777,1077
98,7,753,258,0.704,723,190,782,326
98,23,1017,348,0.697,984,266,1050,430
98,2,720,361,0.683,690,280,751,441
98,6,1201,322,0.678,1171,258,1232,386
98,46,1799,330,0.589,1765,252,1834,408
98,30,1864,440,0.581,1822,361,1906,518
98,24,1137,250,0.534,1111,191,1162,309
98,44,936,129,0.501,913,67,959,191
98,17,370,550,0.499,336,475,403,626
98,1,233,1030,0.497,184,982,283,1078
98,16,110,172,0.475,85,111,136,232
98,20,817,108,0.422,798,46,837,170
98,12,730,96,0.386,707,33,753,159
98,53,475,563,0.359,443,496,506,629
98,43,211,99,0.337,187,46,235,151
98,29,427,582,0.302,394,509,461,654
99,47,1232,916,0.888,1186,808,1278,1024
99,5,1091,576,0.872,1052,490,1130,661
99,8,155,952,0.867,107,849,203,1056
99,3,1076,982,0.845,1036,887,1117,1077
99,9,947,446,0.845,912,368,983,523
99,31,1673,435,0.843,1639,351,1706,518
99,51,717,979,0.841,673,880,761,1078
99,48,72,655,0.835,19,568,126,743
99,42,1036,795,0.797,1007,706,1065,884
99,13,595,556,0.78,554,473,637,639
99,22,602,431,0.743,571,368,634,495
99,23,1015,350,0.743,982,270,1048,431
99,6,1202,321,0.718,1171,257,1232,386
99,4,1724,997,0.715,1669,917,1779,1077
99,7,752,257,0.687,722,189,782,325
99,14,1714,835,0.685,1667,742,1761,929
99,46,1800,332,0.641,1765,254,1836,409
99,2,719,358,0.64,690,279,749,437
99,24,1137,250,0.583,1111,192,1162,309
99,44,936,130,0.57,913,68,960,192
99,17,370,550,0.517,337,474,402,625
99,1,219,1031,0.51,185,984,253,1078
99,16,110,172,0.509,85,111,136,232
99,30,1865,443,0.474,1823,366,1908,519
99,20,817,108,0.436,798,46,837,170
99,53,475,563,0.427,444,496,506,629
99,12,730,95,0.385,707,31,753,159
99,45,1400,101,0.361,1382,35,1418,167
99,29,427,582,0.347,394,509,461,654
99,25,1689,127,0.343,1662,70,1717,183
99,43,218,98,0.342,191,46,244,151
99,18,880,112,0.321,859,53,901,172
99,50,1900,262,0.317,1880,206,1919,318
100,47,1233,909,0.882,1186,800,1279,1019
100,8,154,963,0.874,106,855,202,1071
100,48,76,660,0.867,20,570,132,751
100,5,1090,570,0.855,1051,488,1128,652
100,9,947,446,0.84,912,370,982,523
100,31,1671,430,0.831,1636,348,1706,512
100,51,717,977,0.821,673,874,761,1079
100,3,1073,984,0.821,1032,891,1113,1077
100,13,595,561,0.82,552,477,637,645
100,42,1036,787,0.805,1008,702,1065,873
100,22,602,435,0.771,570,371,634,499
100,14,1718,844,0.719,1669,751,1766,937
100,23,1015,352,0.714,981,271,1048,434
100,6,1201,323,0.711,1171,259,1232,387
100,7,751,256,0.703,721,188,782,324
100,2,719,355,0.686,690,278,748,432
100,46,1801,332,0.625,1764,257,1837,407
100,24,1136,253,0.608,1110,194,1163,312
100,4,1726,998,0.608,1671,923,1780,1074
100,44,936,131,0.576,912,68,960,194
100,17,369,550,0.562,336,475,402,625
100,30,1867,446,0.501,1827,366,1908,525
100,16,110,172,0.5,85,111,135,232
100,20,817,108,0.463,798,46,837,170
100,53,474,562,0.437,442,496,505,629
100,50,1899,262,0.411,1880,207,1919,317
100,45,1400,101,0.403,1382,35,1418,167
100,12,731,94,0.372,708,31,753,158
100,1,236,1034,0.368,187,989,284,1079
100,29,425,576,0.353,389,496,461,656
100,18,880,112,0.347,859,52,901,172
100,43,223,98,0.331,193,46,254,150
100,25,1689,129,0.309,1662,75,1715,184
101,48,78,661,0.868,22,572,134,751
101,47,1232,903,0.862,1186,795,1279,1011
101,5,1089,565,0.854,1050,485,1128,645
101,9,947,446,0.837,912,370,983,523
101,8,152,969,0.835,103,861,201,1077
101,42,1036,778,0.827,1008,697,1065,860
101,3,1069,985,0.822,1028,894,1111,1077
101,31,1669,427,0.816,1634,347,1705,506
101,51,718,973,0.814,674,869,762,1078
101,13,595,565,0.787,552,481,637,650
101,22,602,437,0.786,570,373,633,500
101,14,1719,852,0.761,1670,756,1769,948
101,6,1201,320,0.725,1171,255,1230,385
101,24,1136,257,0.69,1108,195,1163,318
101,23,1015,356,0.687,981,274,1048,438
101,7,752,255,0.666,721,186,783,323
101,2,720,354,0.659,691,275,748,432
101,46,1801,334,0.643,1764,257,1838,410
101,44,937,133,0.562,913,69,961,196
101,17,369,550,0.561,336,474,403,626
101,30,1869,450,0.548,1828,368,1910,532
101,4,1728,1001,0.48,1674,929,1783,1073
101,20,818,108,0.478,799,46,836,169
101,53,475,562,0.467,444,496,506,628
101,1,236,1034,0.464,188,989,284,1079
101,16,110,172,0.463,84,111,135,232
101,45,1400,101,0.442,1382,35,1418,167
101,12,730,93,0.403,707,29,754,158
101,18,880,112,0.393,859,52,901,172
101,29,425,575,0.388,388,494,462,656
101,50,1900,262,0.343,1880,206,1919,318
102,47,1232,892,0.87,1185,787,1279,996
102,48,80,665,0.861,24,576,135,755
102,5,1089,560,0.857,1051,480,1128,640
102,42,1037,773,0.852,1008,693,1066,854
102,3,1067,987,0.843,1027,896,1107,1077
102,51,718,966,0.841,672,863,763,1069
102,8,151,973,0.84,102,867,201,1079
102,9,947,449,0.835,912,372,982,526
102,13,596,569,0.812,553,483,639,654
102,31,1667,426,0.791,1632,347,1703,504
102,22,601,440,0.776,570,377,632,503
102,14,1722,859,0.705,1672,762,1772,956
102,23,1014,357,0.691,980,275,1048,439
102,6,1199,317,0.685,1171,253,1227,381
102,24,1136,261,0.68,1108,198,1163,324
102,4,1730,1005,0.669,1677,934,1784,1075
102,2,720,351,0.647,692,271,748,432
102,46,1801,339,0.645,1764,260,1839,418
102,7,752,254,0.635,722,184,783,324
102,17,369,550,0.59,336,474,403,626
102,44,937,136,0.521,914,70,960,201
102,30,1876,456,0.489,1841,372,1911,541
102,16,110,172,0.469,84,112,135,231
102,20,817,108,0.446,799,46,836,169
102,53,475,562,0.436,444,496,506,628
102,45,1400,101,0.396,1382,35,1418,167
102,1,225,1034,0.358,188,991,262,1078
102,50,1900,263,0.353,1880,207,1919,319
102,29,425,579,0.351,390,503,461,655
102,12,730,93,0.337,707,28,753,157
102,18,880,112,0.322,859,52,901,172
102,43,233,100,0.32,200,51,267,150
103,47,1232,872,0.896,1185,776,1279,968
103,5,1089,557,0.892,1051,474,1128,639
103,48,83,672,0.868,29,580,137,763
103,51,720,953,0.861,677,850,763,1056
103,3,1061,992,0.861,1022,904,1100,1079
103,42,1036,769,0.827,1006,685,1065,853
103,9,945,459,0.821,910,378,979,541
103,14,1727,867,0.82,1674,772,1780,962
103,13,596,573,0.813,552,487,639,658
103,31,1662,422,0.782,1625,342,1700,501
103,8,149,978,0.77,97,879,201,1077
103,4,1734,1011,0.746,1680,943,1788,1078
103,6,1198,313,0.713,1171,249,1225,377
103,22,600,441,0.708,569,378,630,504
103,2,719,342,0.698,692,263,747,420
103,24,1134,267,0.694,1105,204,1164,329
103,23,1011,359,0.674,977,278,1044,440
103,7,753,248,0.594,722,180,783,316
103,17,367,550,0.552,335,475,400,626
103,16,108,171,0.548,83,112,133,231
103,46,1800,348,0.546,1763,266,1836,430
103,44,936,139,0.52,915,73,958,205
103,20,816,108,0.482,797,46,836,169
103,45,1399,101,0.466,1381,34,1416,167
103,30,1878,463,0.461,1840,379,1917,548
103,43,237,100,0.437,205,51,269,150
103,12,730,92,0.408,708,28,752,156
103,53,475,561,0.387,445,495,505,626
103,50,1899,267,0.348,1880,208,1919,327
103,18,880,113,0.331,858,51,901,174
104,47,1233,864,0.901,1186,771,1280,957
104,5,1089,556,0.886,1050,471,1128,641
104,48,82,676,0.879,31,584,133,769
104,51,720,950,0.866,676,846,763,1054
104,42,1035,768,0.83,1005,683,1065,853
104,3,1057,994,0.829,1018,910,1097,1078
104,13,596,576,0.828,553,492,639,660
104,9,945,462,0.808,910,381,980,543
104,8,147,981,0.784,96,885,198,1078
104,31,1660,421,0.769,1621,341,1698,501
104,4,1736,1013,0.767,1681,948,1790,1078
104,2,720,339,0.761,692,262,747,415
104,14,1731,868,0.755,1677,776,1784,960
104,22,599,443,0.718,569,382,629,503
104,24,1133,270,0.705,1103,206,1163,333
104,6,1197,308,0.7,1170,247,1224,370
104,7,753,243,0.616,723,178,784,308
104,46,1801,353,0.599,1764,271,1838,435
104,17,367,551,0.595,334,475,400,626
104,44,936,142,0.554,915,76,957,207
104,16,108,171,0.55,83,112,133,231
104,20,816,108,0.503,797,47,836,169
104,45,1399,101,0.49,1381,34,1416,167
104,30,1880,467,0.476,1842,383,1919,551
104,23,1010,360,0.464,975,280,1044,440
104,43,239,100,0.454,207,50,271,150
104,53,475,561,0.449,445,496,505,626
104,12,731,91,0.446,708,27,754,155
104,18,879,115,0.383,858,53,901,177
104,50,1899,270,0.351,1880,209,1919,331
104,25,1697,128,0.328,1672,73,1723,183
105,47,1235,859,0.907,1190,767,1281,952
105,48,84,679,0.866,35,587,133,770
105,51,720,948,0.863,676,842,764,1053
105,5,1089,554,0.858,1050,469,1128,639
105,13,595,578,0.838,552,494,638,661
105,9,945,465,0.833,910,383,979,547
105,42,1035,766,0.827,1004,680,1065,853
105,4,1737,1015,0.806,1683,951,1791,1078
105,3,1055,997,0.806,1015,915,1094,1078
105,31,1656,420,0.775,1615,338,1697,503
105,14,1735,873,0.756,1683,781,1787,965
105,2,720,335,0.744,691,259,749,412
105,22,597,444,0.743,567,384,628,505
105,8,144,984,0.736,94,891,194,1077
105,6,1197,307,0.708,1169,246,1225,367
105,24,1133,272,0.707,1103,209,1162,335
105,23,1008,359,0.646,974,279,1043,440
105,44,937,144,0.6,915,77,959,210
105,46,1801,355,0.597,1764,273,1838,437
105,17,367,551,0.587,334,475,399,626
105,7,752,240,0.57,722,176,781,305
105,16,108,172,0.514,82,112,133,231
105,45,1398,101,0.489,1381,34,1416,167
105,20,816,108,0.484,797,47,835,169
105,43,240,97,0.475,209,44,271,150
105,30,1879,470,0.415,1840,385,1919,555
105,53,475,561,0.404,445,495,505,627
105,25,1700,128,0.391,1673,73,1726,183
105,50,1899,274,0.387,1880,211,1919,336
105,12,731,90,0.383,707,25,754,155
105,1,224,1040,0.38,186,1001,261,1079
105,18,879,115,0.38,858,53,900,176
106,47,1236,857,0.882,1191,761,1281,953
106,5,1090,554,0.853,1050,469,1129,638
106,9,944,467,0.835,909,386,979,549
106,51,720,944,0.835,676,835,764,1052
106,48,86,679,0.831,37,586,136,771
106,13,596,579,0.824,552,497,639,661
106,42,1034,764,0.81,1003,678,1065,851
106,3,1052,999,0.807,1013,920,1092,1078
106,2,718,332,0.737,691,257,745,407
106,31,1653,419,0.731,1612,336,1694,503
106,24,1133,272,0.728,1105,209,1161,335
106,8,141,986,0.721,91,894,191,1077
106,22,596,447,0.712,565,384,626,510
106,6,1197,302,0.698,1170,243,1225,361
106,4,1740,1017,0.695,1685,957,1794,1077
106,14,1740,877,0.691,1688,785,1792,970
106,46,1800,356,0.646,1762,274,1839,438
106,44,939,145,0.628,916,78,962,213
106,7,752,236,0.597,723,172,781,299
106,23,1010,359,0.564,976,279,1043,439
106,17,366,550,0.55,335,475,398,625
106,16,107,171,0.549,83,111,132,231
106,45,1399,100,0.483,1381,34,1416,166
106,20,816,107,0.474,797,46,835,168
106,43,243,97,0.449,212,46,273,149
106,53,476,561,0.42,445,495,506,626
106,12,731,87,0.379,707,23,756,152
106,18,879,114,0.377,858,52,901,176
106,50,1899,276,0.363,1878,214,1919,337
106,29,421,577,0.358,385,503,456,652
106,25,1701,128,0.347,1676,73,1726,183
107,47,1236,854,0.895,1191,756,1281,952
107,48,88,680,0.848,40,589,136,770
107,9,943,469,0.846,908,388,978,551
107,3,1049,1001,0.828,1009,923,1089,1078
107,5,1091,553,0.821,1053,466,1129,639
107,13,595,579,0.821,553,498,638,660
107,42,1032,761,0.804,1000,674,1064,849
107,51,722,941,0.803,678,832,766,1050
107,22,595,447,0.759,564,384,626,511
107,31,1655,417,0.755,1617,334,1694,500
107,24,1134,272,0.742,1106,209,1162,334
107,6,1198,299,0.722,1171,240,1226,359
107,2,719,331,0.716,690,254,748,409
107,14,1744,881,0.681,1694,788,1794,973
107,8,143,988,0.681,90,899,197,1078
107,46,1801,359,0.678,1763,275,1839,442
107,7,751,233,0.649,724,169,778,298
107,23,1013,359,0.646,983,280,1043,438
107,16,108,170,0.644,82,110,134,231
107,44,941,145,0.629,917,78,964,211
107,17,368,549,0.59,336,475,401,624
107,4,1743,1019,0.581,1688,962,1798,1077
107,20,817,107,0.483,799,46,836,167
107,45,1399,99,0.442,1381,33,1417,165
107,18,879,113,0.433,857,51,902,175
107,50,1899,278,0.415,1879,217,1919,340
107,53,472,560,0.412,439,494,505,626
107,12,732,85,0.399,707,21,757,148
107,30,1891,473,0.363,1862,388,1919,557
107,29,420,574,0.347,386,494,453,654
107,1,223,1043,0.321,186,1007,260,1078
107,25,1704,129,0.303,1679,73,1729,185
108,47,1237,850,0.883,1193,750,1281,951
108,42,1033,756,0.853,1000,667,1065,845
108,48,89,682,0.852,43,593,135,771
108,9,942,474,0.838,906,393,977,556
108,51,724,936,0.825,679,823,768,1050
108,5,1092,550,0.807,1054,461,1130,639
108,3,1042,1003,0.804,1002,930,1081,1076
108,13,594,581,0.803,552,500,636,661
108,31,1652,414,0.754,1615,329,1689,498
108,22,594,451,0.736,564,387,624,514
108,2,720,330,0.73,690,252,750,408
108,6,1198,298,0.686,1171,239,1225,357
108,14,1743,895,0.679,1702,806,1784,984
108,8,140,993,0.674,84,907,195,1080
108,46,1801,361,0.668,1762,279,1839,444
108,24,1137,272,0.649,1111,210,1163,334
108,7,748,232,0.648,723,167,773,297
108,44,941,146,0.616,916,80,965,213
108,16,109,171,0.609,82,111,135,231
108,23,1013,362,0.591,986,285,1041,439
108,17,368,549,0.568,336,475,400,624
108,20,817,107,0.457,798,46,837,167
108,4,1747,1027,0.416,1691,975,1803,1078
108,45,1400,100,0.398,1382,34,1418,166
108,12,730,79,0.398,706,17,753,142
108,53,475,561,0.387,444,496,506,626
108,18,881,113,0.365,860,51,902,175
108,29,420,576,0.317,387,498,453,654
109,47,1239,847,0.887,1196,746,1282,948
109,42,1032,751,0.861,998,661,1065,840
109,3,1038,1005,0.848,996,933,1080,1077
109,48,90,682,0.847,44,593,135,771
109,9,941,477,0.841,906,395,975,558
109,51,724,935,0.836,680,820,768,1050
109,5,1092,546,0.807,1054,458,1130,635
109,31,1651,412,0.777,1614,327,1687,497
109,22,593,453,0.735,563,387,624,518
109,13,592,583,0.726,551,505,632,660
109,2,720,329,0.722,690,250,750,407
109,8,138,995,0.714,82,912,194,1079
109,6,1197,297,0.693,1171,236,1223,358
109,23,1013,364,0.638,986,286,1041,443
109,46,1801,363,0.615,1763,281,1838,444
109,14,1745,907,0.606,1705,811,1786,1003
109,7,745,231,0.604,721,165,770,297
109,24,1137,271,0.595,1111,210,1163,333
109,44,941,147,0.592,916,81,965,214
109,16,107,170,0.516,81,110,133,230
109,17,366,549,0.512,336,475,397,623
109,20,817,107,0.422,798,46,836,167
109,12,729,77,0.375,706,16,752,139
109,18,879,113,0.348,858,52,901,175
109,45,1399,99,0.323,1381,33,1417,165
109,53,472,561,0.313,440,496,505,627
110,47,1241,842,0.883,1198,739,1284,945
110,51,724,932,0.862,680,816,769,1049
110,9,939,477,0.851,905,397,973,557
110,3,1036,1007,0.841,994,936,1078,1077
110,42,1032,747,0.836,999,658,1066,836
110,5,1093,541,0.835,1056,454,1130,628
110,48,90,682,0.833,45,595,135,770
110,31,1650,408,0.793,1614,323,1686,494
110,13,590,585,0.791,550,507,630,662
110,22,593,456,0.755,562,390,624,523
110,2,721,328,0.721,690,249,753,408
110,8,132,997,0.707,80,915,184,1078
110,6,1196,296,0.703,1171,234,1222,358
110,44,941,147,0.624,916,81,965,212
110,46,1801,362,0.61,1762,282,1839,443
110,24,1139,272,0.6,1113,212,1165,332
110,14,1744,916,0.588,1705,820,1784,1012
110,7,745,230,0.575,721,163,769,296
110,23,1011,366,0.574,983,288,1039,444
110,17,366,548,0.543,335,474,396,623
110,54,1789,874,0.502,1770,811,1809,937
110,16,107,170,0.468,81,110,133,229
110,4,1752,1033,0.421,1696,987,1809,1079
110,20,816,106,0.413,797,45,836,167
110,12,729,75,0.375,706,14,752,136
110,18,880,112,0.362,858,50,901,175
110,45,1399,98,0.342,1381,31,1417,164
110,53,472,561,0.312,438,495,505,626
111,47,1242,837,0.887,1200,734,1285,939
111,51,726,928,0.873,680,809,771,1046
111,48,91,683,0.856,47,596,136,771
111,13,588,589,0.837,549,510,626,669
111,9,939,477,0.828,904,398,973,556
111,42,1033,740,0.818,1000,652,1065,827
111,3,1033,1008,0.817,990,938,1076,1078
111,5,1095,537,0.79,1059,451,1132,623
111,31,1649,405,0.76,1614,321,1683,490
111,2,720,326,0.748,690,248,751,405
111,22,592,458,0.735,562,391,623,526
111,8,131,998,0.728,78,918,184,1078
111,46,1802,362,0.699,1763,281,1840,443
111,6,1197,295,0.668,1173,232,1221,357
111,24,1139,274,0.635,1114,214,1165,335
111,44,941,146,0.609,916,81,965,211
111,17,367,548,0.596,335,473,398,623
111,23,1010,367,0.595,983,290,1037,444
111,14,1745,920,0.579,1706,825,1785,1015
111,7,745,229,0.562,722,162,768,296
111,54,1792,880,0.502,1773,816,1811,945
111,16,107,169,0.468,80,110,133,228
111,20,816,105,0.405,797,44,836,167
111,18,880,112,0.348,858,50,901,174
111,12,728,73,0.346,706,12,751,134
111,45,1399,98,0.342,1381,31,1417,164
111,53,472,560,0.312,438,494,505,626
112,51,727,922,0.876,682,804,773,1039
112,47,1244,830,0.865,1201,728,1286,932
112,3,1029,1010,0.849,986,943,1072,1078
112,48,92,690,0.844,48,599,136,782
112,42,1032,733,0.833,1000,649,1063,817
112,9,938,478,0.832,904,400,972,556
112,8,129,1002,0.813,76,925,182,1079
112,13,585,595,0.801,547,513,623,677
112,5,1095,532,0.774,1059,448,1131,615
112,31,1647,400,0.751,1613,318,1681,482
112,22,590,462,0.751,559,394,621,530
112,2,718,325,0.717,690,247,745,403
112,14,1749,924,0.691,1708,828,1791,1021
112,6,1197,294,0.686,1170,230,1223,357
112,24,1139,278,0.672,1115,217,1164,338
112,17,366,548,0.629,334,473,399,622
112,44,940,146,0.618,916,81,965,211
112,46,1801,362,0.594,1762,283,1840,442
112,7,745,227,0.565,721,161,768,293
112,4,1757,1039,0.561,1700,1000,1814,1079
112,23,1010,368,0.548,984,293,1036,443
112,16,106,168,0.531,80,110,132,227
112,54,1795,887,0.463,1774,822,1816,951
112,30,1889,483,0.447,1860,404,1919,561
112,20,816,105,0.446,797,44,835,166
112,45,1399,97,0.412,1381,31,1416,164
112,53,473,559,0.403,441,493,505,625
112,18,879,110,0.398,859,47,898,172
112,1,217,1053,0.364,183,1027,251,1079
113,51,732,908,0.861,685,794,779,1022
113,47,1246,813,0.858,1204,717,1288,909
113,9,939,480,0.852,905,404,974,556
113,48,97,703,0.841,53,605,142,802
113,5,1095,520,0.834,1059,441,1131,599
113,3,1025,1013,0.832,979,949,1071,1078
113,42,1034,719,0.82,1003,639,1065,799
113,31,1645,391,0.806,1612,314,1678,468
113,13,583,603,0.747,547,521,620,685
113,14,1754,937,0.728,1713,840,1795,1033
113,8,128,1008,0.698,72,937,183,1078
113,2,717,319,0.691,689,240,744,398
113,24,1141,284,0.678,1116,222,1165,347
113,22,589,467,0.671,558,399,621,536
113,6,1197,292,0.667,1172,228,1223,356
113,30,1892,499,0.655,1865,418,1919,580
113,17,366,548,0.598,334,474,398,622
113,16,106,168,0.596,79,110,132,227
113,44,939,150,0.578,915,84,962,216
113,46,1803,365,0.553,1765,288,1841,442
113,23,1007,371,0.511,981,299,1034,443
113,7,742,226,0.508,719,159,765,292
113,54,1800,899,0.472,1779,836,1820,962
113,45,1399,98,0.446,1381,32,1416,164
113,4,1765,1044,0.443,1708,1011,1821,1078
113,20,816,105,0.406,797,44,835,166
113,18,879,110,0.393,859,46,898,173
113,53,474,559,0.359,442,493,505,625
114,47,1246,804,0.877,1204,711,1288,898
114,5,1095,517,0.866,1058,438,1131,596
114,51,733,900,0.849,684,788,782,1012
114,9,940,483,0.846,904,406,975,560
114,48,99,707,0.838,54,609,143,806
114,3,1023,1015,0.825,976,953,1070,1078
114,42,1033,715,0.814,1004,635,1063,795
114,31,1643,389,0.797,1610,311,1676,467
114,13,582,606,0.768,546,522,618,689
114,2,715,316,0.746,689,237,742,394
114,14,1759,944,0.697,1717,847,1801,1042
114,6,1198,291,0.696,1172,227,1223,355
114,24,1141,286,0.67,1117,223,1165,348
114,8,128,1010,0.627,71,944,185,1077
114,44,938,153,0.611,914,87,961,219
114,22,589,467,0.607,558,400,619,535
114,17,366,548,0.59,334,473,399,622
114,46,1804,367,0.586,1767,289,1842,446
114,7,742,225,0.538,719,158,764,292
114,16,106,168,0.526,79,110,133,227
114,4,1769,1047,0.522,1713,1017,1824,1078
114,54,1802,905,0.521,1782,841,1822,970
114,30,1893,506,0.497,1867,427,1919,585
114,23,1007,374,0.44,977,300,1037,448
114,20,816,105,0.425,797,44,836,167
114,45,1399,98,0.413,1381,32,1416,164
114,18,878,110,0.406,858,46,898,173
114,53,471,559,0.401,439,493,504,625
114,43,272,98,0.335,239,52,305,143
115,47,1246,794,0.894,1203,704,1290,884
115,5,1095,514,0.874,1058,435,1132,594
115,51,735,890,0.858,685,784,785,997
115,9,940,489,0.827,904,408,975,569
115,42,1033,713,0.823,1003,631,1063,794
115,48,100,710,0.821,55,612,144,807
115,3,1022,1018,0.797,972,957,1071,1079
115,13,581,611,0.761,544,527,617,695
115,6,1198,289,0.695,1172,226,1224,353
115,31,1642,385,0.686,1608,306,1676,463
115,2,714,312,0.683,687,234,742,390
115,24,1142,289,0.632,1116,226,1168,352
115,14,1765,947,0.629,1719,847,1810,1047
115,22,588,470,0.613,556,401,619,539
115,16,105,169,0.6,78,110,133,227
115,44,938,156,0.584,915,88,961,223
115,17,366,548,0.564,334,473,399,622
115,30,1893,510,0.554,1867,431,1919,589
115,8,128,1014,0.546,70,950,185,1079
115,4,1772,1050,0.491,1717,1021,1828,1079
115,7,741,223,0.487,719,156,762,289
115,46,1806,371,0.486,1768,289,1843,453
115,23,1005,375,0.422,976,304,1034,445
115,54,1805,910,0.41,1784,845,1825,976
115,43,276,97,0.405,242,49,310,144
115,20,816,105,0.401,796,43,835,167
115,53,473,559,0.398,442,493,504,624
115,45,1398,98,0.381,1380,31,1416,164
115,18,878,109,0.375,857,46,898,173
115,55,98,1014,0.372,70,950,126,1077
115,50,1901,284,0.358,1882,228,1919,341
116,47,1246,790,0.893,1203,700,1290,880
116,5,1095,513,0.855,1058,431,1131,595
116,51,737,881,0.854,687,778,787,983
116,48,102,714,0.81,58,617,146,811
116,9,939,493,0.808,903,410,975,577
116,42,1035,712,0.802,1006,628,1063,795
116,3,1022,1020,0.785,970,962,1075,1079
116,13,579,614,0.763,543,529,615,698
116,6,1199,287,0.696,1173,224,1226,350
116,2,713,307,0.669,685,231,742,384
116,31,1641,383,0.665,1608,304,1674,463
116,14,1766,951,0.665,1725,854,1808,1049
116,16,105,168,0.624,78,110,132,227
116,24,1144,291,0.621,1119,227,1170,355
116,22,587,474,0.593,556,406,618,543
116,44,939,157,0.577,916,87,961,226
116,8,129,1018,0.573,70,957,189,1079
116,17,366,548,0.548,334,473,399,622
116,46,1806,377,0.544,1769,295,1843,459
116,7,740,221,0.542,718,154,762,288
116,53,473,558,0.476,440,492,505,624
116,54,1808,915,0.465,1788,851,1828,978
116,4,1777,1053,0.435,1720,1026,1833,1079
116,43,277,96,0.421,244,48,311,144
116,23,1004,375,0.42,976,304,1032,445
116,50,1900,286,0.398,1882,228,1919,343
116,45,1398,97,0.396,1380,32,1416,163
116,20,817,105,0.388,798,42,836,167
116,18,878,109,0.379,858,44,898,173
116,55,97,1018,0.374,70,959,124,1078
116,30,1894,514,0.306,1869,434,1919,594
117,47,1247,788,0.887,1203,696,1291,880
117,51,739,874,0.874,689,775,788,972
117,5,1094,512,0.849,1057,429,1132,595
117,48,105,719,0.814,60,621,151,816
117,9,939,497,0.789,903,414,976,581
117,3,1022,1023,0.787,967,967,1077,1079
117,42,1034,710,0.781,1008,627,1061,793
117,13,578,616,0.78,540,531,615,701
117,6,1200,283,0.744,1173,222,1227,344
117,31,1641,383,0.713,1608,303,1673,462
117,2,713,303,0.706,685,228,741,378
117,24,1147,293,0.638,1121,228,1172,357
117,14,1770,957,0.607,1728,860,1812,1054
117,44,940,158,0.597,918,88,961,228
117,46,1807,381,0.592,1771,297,1844,464
117,8,129,1021,0.586,68,962,190,1079
117,17,366,547,0.579,334,473,399,622
117,22,587,478,0.573,556,408,617,547
117,50,1901,289,0.541,1883,230,1919,348
117,7,740,219,0.53,717,151,762,287
117,53,472,558,0.519,440,492,505,624
117,16,105,168,0.517,77,109,133,227
117,4,1782,1055,0.485,1727,1031,1837,1079
117,54,1811,920,0.475,1791,857,1832,983
117,23,1002,375,0.434,973,305,1031,445
117,30,1895,518,0.423,1871,437,1919,598
117,18,878,108,0.406,858,44,898,173
117,20,817,104,0.405,799,42,836,167
117,45,1399,97,0.4,1381,31,1416,163
117,55,94,1021,0.398,68,963,120,1078
117,43,280,96,0.365,247,48,313,144
118,51,739,867,0.886,690,768,787,966
118,47,1248,784,0.878,1204,688,1293,880
118,5,1093,509,0.869,1055,424,1131,593
118,48,109,725,0.811,62,627,155,823
118,9,939,503,0.804,903,420,974,585
118,3,1021,1029,0.802,962,978,1080,1079
118,42,1035,708,0.799,1009,622,1061,793
118,2,712,297,0.738,685,222,740,372
118,6,1198,275,0.694,1173,216,1223,334
118,31,1638,381,0.689,1603,300,1672,461
118,24,1147,294,0.685,1121,229,1173,358
118,46,1806,386,0.68,1769,302,1843,470
118,13,569,619,0.659,537,538,602,700
118,44,940,162,0.646,919,94,961,231
118,7,739,214,0.616,716,148,762,279
118,16,104,168,0.6,76,109,132,227
118,17,365,548,0.565,334,474,397,622
118,14,1777,961,0.55,1732,868,1822,1054
118,23,997,377,0.539,966,307,1029,447
118,22,584,483,0.538,554,413,614,554
118,53,472,558,0.491,441,492,504,624
118,50,1900,293,0.462,1881,234,1919,353
118,8,128,1027,0.455,68,976,188,1079
118,20,817,104,0.439,799,41,836,166
118,55,94,1027,0.431,67,976,120,1079
118,30,1896,521,0.415,1874,443,1919,599
118,45,1398,97,0.371,1380,31,1416,163
118,43,284,92,0.356,253,41,314,143
118,18,877,108,0.341,858,43,897,173
118,29,414,577,0.327,388,505,441,650
119,47,1249,781,0.889,1205,684,1293,878
119,51,738,865,0.884,691,763,785,966
119,5,1093,508,0.865,1056,423,1130,593
119,9,940,507,0.839,904,423,976,590
119,48,110,726,0.838,64,629,156,823
119,3,1022,1030,0.806,964,983,1081,1078
119,14,1788,964,0.767,1734,871,1843,1057
119,2,712,295,0.751,684,221,740,370
119,42,1035,705,0.749,1008,618,1061,791
119,13,572,620,0.706,536,540,608,700
119,31,1637,380,0.697,1602,299,1672,461
119,46,1806,390,0.681,1770,305,1843,475
119,44,940,163,0.673,919,94,961,232
119,6,1198,273,0.669,1173,215,1223,332
119,24,1148,294,0.668,1122,232,1173,355
119,22,584,486,0.664,554,416,614,557
119,7,738,209,0.637,715,144,761,274
119,17,366,547,0.604,334,474,397,621
119,23,998,383,0.594,967,309,1029,457
119,16,104,168,0.587,76,109,132,226
119,53,473,558,0.515,441,492,505,624
119,30,1898,523,0.509,1876,449,1919,597
119,20,818,103,0.47,799,40,836,166
119,43,286,93,0.467,255,43,318,142
119,50,1900,296,0.457,1881,236,1919,356
119,45,1399,97,0.397,1381,31,1417,163
119,8,127,1029,0.397,68,980,186,1079
119,18,877,108,0.39,858,43,897,173
119,29,414,578,0.381,388,506,440,649
120,51,738,863,0.886,692,761,784,965
120,9,940,510,0.869,905,426,975,593
120,47,1250,779,0.858,1208,679,1293,878
120,5,1093,506,0.857,1056,420,1130,593
120,48,111,727,0.843,66,630,157,823
120,3,1021,1032,0.795,964,988,1078,1077
120,42,1035,703,0.786,1008,616,1062,790
120,14,1791,969,0.783,1736,879,1845,1059
120,13,569,620,0.733,536,540,603,700
120,22,584,487,0.684,554,416,614,558
120,2,712,292,0.678,684,220,740,363
120,31,1636,378,0.675,1603,296,1670,460
120,24,1149,294,0.661,1122,233,1175,354
120,44,940,163,0.649,919,95,962,232
120,7,737,207,0.619,713,141,761,272
120,6,1196,271,0.616,1172,212,1219,330
120,46,1807,394,0.609,1769,309,1844,478
120,23,998,386,0.575,968,309,1028,462
120,16,104,167,0.574,75,109,132,226
120,17,365,547,0.537,334,474,396,620
120,53,472,557,0.439,440,491,504,623
120,20,818,103,0.421,799,40,836,166
120,50,1900,299,0.416,1881,239,1919,359
120,30,1899,524,0.37,1879,451,1919,597
120,29,415,578,0.367,388,508,442,649
120,18,877,108,0.364,858,42,897,173
120,43,289,90,0.358,261,39,317,141
120,45,1399,96,0.348,1381,30,1417,162
120,55,92,1031,0.306,66,984,119,1078
121,51,737,860,0.874,693,757,781,964
121,5,1092,505,0.856,1056,419,1129,592
121,47,1249,777,0.853,1207,677,1292,877
121,9,941,511,0.852,905,428,976,595
121,3,1017,1036,0.829,963,993,1072,1078
121,48,111,728,0.804,66,633,157,823
121,14,1792,980,0.773,1736,885,1847,1074
121,42,1036,696,0.773,1009,609,1062,783
121,2,711,290,0.711,683,218,739,362
121,13,574,620,0.708,535,542,614,699
121,8,124,1034,0.68,64,990,183,1079
121,22,584,488,0.675,553,418,614,558
121,24,1148,295,0.67,1121,234,1175,355
121,31,1635,378,0.662,1601,295,1669,460
121,44,940,164,0.629,918,95,962,233
121,6,1195,270,0.585,1171,211,1218,330
121,46,1807,396,0.582,1770,311,1843,480
121,7,737,205,0.581,712,139,762,271
121,23,999,389,0.575,970,310,1028,468
121,17,365,547,0.552,334,474,396,621
121,16,103,167,0.533,74,108,132,226
121,53,472,557,0.457,440,492,504,623
121,20,818,102,0.456,799,39,837,166
121,50,1900,301,0.427,1881,240,1919,362
121,29,413,579,0.42,388,509,439,648
121,18,877,108,0.374,857,42,897,173
121,43,291,89,0.369,266,39,316,140
121,45,1398,96,0.363,1380,30,1417,163
121,30,1898,527,0.339,1877,457,1919,597
122,51,736,860,0.87,694,754,778,966
122,47,1250,774,0.867,1207,674,1293,874
122,5,1092,504,0.854,1056,417,1129,591
122,9,941,514,0.824,906,431,976,598
122,3,1016,1039,0.821,964,999,1069,1079
122,48,113,730,0.814,68,636,158,824
122,14,1795,985,0.784,1738,893,1852,1077
122,42,1038,694,0.761,1011,607,1064,781
122,2,711,289,0.726,683,217,739,361
122,8,121,1037,0.715,64,995,177,1079
122,13,574,624,0.698,533,545,615,702
122,24,1149,298,0.687,1121,237,1177,360
122,6,1195,271,0.663,1172,211,1219,331
122,31,1634,376,0.662,1600,294,1667,459
122,22,584,488,0.66,553,418,614,557
122,44,941,165,0.649,918,96,964,234
122,46,1808,398,0.627,1771,314,1845,482
122,17,366,548,0.623,334,475,397,622
122,16,104,168,0.599,76,109,131,226
122,7,738,204,0.569,712,138,765,270
122,23,999,392,0.527,969,314,1028,471
122,20,818,103,0.476,799,39,837,166
122,53,472,559,0.44,440,493,504,624
122,50,1900,302,0.434,1881,241,1919,363
122,43,293,88,0.426,269,36,318,140
122,29,416,576,0.378,389,501,443,650
122,18,877,108,0.376,856,43,897,174
122,45,1398,97,0.352,1380,30,1416,163
122,12,722,58,0.323,701,0,744,116
122,30,1899,529,0.306,1880,461,1919,597
123,51,734,855,0.871,693,746,776,963
123,47,1250,763,0.867,1208,662,1293,864
123,9,943,514,0.829,906,432,979,597
123,13,575,627,0.826,534,548,617,706
123,5,1092,497,0.817,1056,411,1128,582
123,14,1800,991,0.797,1739,906,1861,1076
123,48,116,731,0.782,72,640,160,822
123,3,1012,1043,0.779,965,1006,1059,1079
123,42,1040,676,0.73,1012,598,1069,754
123,2,711,293,0.729,682,215,739,371
123,31,1631,371,0.725,1596,290,1666,452
123,22,583,491,0.711,551,422,614,560
123,44,941,164,0.705,917,97,965,231
123,24,1148,305,0.693,1119,240,1177,370
123,46,1810,400,0.663,1772,318,1848,482
123,8,114,1040,0.647,63,1002,166,1079
123,6,1198,268,0.623,1171,208,1225,329
123,17,366,547,0.619,334,475,398,620
123,16,101,167,0.589,73,108,130,227
123,7,740,201,0.573,712,136,768,265
123,23,992,402,0.537,959,319,1026,485
123,53,472,557,0.528,440,491,504,623
123,50,1900,302,0.479,1882,242,1919,362
123,20,818,101,0.479,800,37,837,166
123,43,296,87,0.437,278,36,314,138
123,45,1398,96,0.436,1380,29,1417,162
123,18,877,106,0.416,857,41,897,172
123,29,418,570,0.383,387,492,450,648
123,30,1900,531,0.347,1880,465,1919,597
124,47,1250,757,0.889,1207,657,1293,858
124,51,735,852,0.863,694,743,776,962
124,48,119,732,0.84,74,642,165,823
124,9,943,515,0.835,907,432,980,597
124,13,576,634,0.831,533,551,619,717
124,3,1010,1044,0.781,963,1010,1058,1078
124,5,1092,492,0.781,1056,408,1128,577
124,42,1041,673,0.765,1013,593,1069,754
124,31,1631,368,0.741,1596,287,1665,449
124,8,113,1044,0.73,62,1008,163,1079
124,2,711,291,0.729,682,212,740,370
124,23,991,406,0.727,956,321,1026,491
124,14,1802,994,0.725,1739,912,1865,1076
124,22,582,491,0.719,550,423,614,559
124,46,1810,400,0.687,1772,319,1848,482
124,44,941,165,0.687,917,98,964,231
124,24,1147,308,0.658,1118,243,1176,374
124,17,366,547,0.588,334,475,398,619
124,6,1196,269,0.532,1169,208,1224,330
124,16,101,167,0.53,73,107,130,227
124,7,741,198,0.514,712,134,770,262
124,53,472,557,0.47,441,492,504,623
124,20,819,101,0.445,800,36,837,166
124,30,1899,535,0.442,1880,470,1919,600
124,50,1901,304,0.4,1883,244,1919,363
124,18,877,105,0.397,857,41,897,169
124,29,418,578,0.386,388,507,447,648
124,45,1398,96,0.381,1380,29,1416,162
124,43,299,87,0.37,280,36,318,138
125,47,1250,749,0.878,1207,653,1293,845
125,51,734,849,0.877,694,739,775,960
125,48,122,733,0.834,74,645,170,822
125,9,943,515,0.823,906,434,980,596
125,13,574,639,0.808,529,553,619,725
125,5,1091,486,0.804,1055,403,1127,570
125,42,1041,667,0.79,1014,587,1068,747
125,3,1008,1046,0.787,962,1014,1055,1078
125,31,1629,363,0.748,1595,283,1664,444
125,8,111,1047,0.733,61,1015,160,1078
125,22,580,494,0.732,547,425,613,562
125,2,712,288,0.729,683,211,742,366
125,46,1810,401,0.699,1770,320,1849,482
125,23,992,407,0.672,957,323,1026,491
125,14,1806,998,0.657,1743,919,1870,1077
125,44,940,166,0.653,915,99,964,232
125,24,1147,312,0.653,1118,246,1177,378
125,17,366,547,0.602,334,475,399,620
125,16,100,167,0.536,71,107,129,228
125,6,1193,267,0.495,1166,205,1220,328
125,7,742,194,0.492,713,134,772,255
125,53,472,557,0.471,440,492,504,623
125,30,1900,537,0.434,1881,473,1919,600
125,20,818,100,0.402,800,35,837,164
125,43,303,87,0.38,282,35,323,138
125,29,419,578,0.362,388,508,450,648
125,18,877,104,0.335,856,41,897,167
125,50,1901,303,0.322,1883,244,1919,362
125,45,1398,96,0.319,1380,29,1416,162
126,51,735,845,0.873,695,734,775,955
126,47,1250,739,0.866,1207,646,1293,832
126,48,127,737,0.86,76,648,177,826
126,9,943,515,0.836,907,434,980,595
126,13,575,642,0.813,530,556,620,729
126,42,1042,663,0.811,1014,585,1070,741
126,5,1091,480,0.795,1056,399,1126,561
126,23,991,409,0.795,957,325,1025,493
126,22,580,495,0.762,547,427,613,564
126,31,1629,357,0.745,1595,279,1664,436
126,3,1008,1048,0.741,963,1019,1053,1078
126,2,713,285,0.719,685,208,741,362
126,46,1810,401,0.715,1771,321,1849,480
126,8,109,1050,0.714,61,1022,156,1079
126,44,940,166,0.699,915,100,964,232
126,17,366,547,0.624,334,475,398,619
126,24,1149,315,0.619,1118,250,1180,381
126,14,1811,1001,0.592,1744,925,1877,1077
126,7,742,192,0.562,713,133,771,252
126,16,99,167,0.521,71,107,127,227
126,6,1193,265,0.51,1165,203,1221,327
126,30,1901,536,0.48,1883,477,1919,595
126,43,307,85,0.463,287,35,328,136
126,20,818,100,0.441,799,35,837,165
126,53,472,558,0.426,440,493,504,623
126,50,1902,304,0.416,1884,245,1919,362
126,18,877,104,0.398,856,41,897,166
126,45,1398,96,0.363,1380,29,1416,162
126,29,418,573,0.324,390,498,447,648
126,12,726,56,0.313,704,0,748,112
127,47,1253,730,0.87,1210,638,1295,822
127,48,131,745,0.861,79,651,184,839
127,51,735,838,0.849,696,728,775,949
127,9,943,515,0.837,907,438,979,593
127,13,576,647,0.822,531,561,621,732
127,5,1092,475,0.822,1056,397,1127,553
127,23,990,411,0.786,955,327,1026,495
127,42,1043,661,0.763,1015,582,1071,739
127,31,1628,353,0.725,1594,275,1663,430
127,22,580,496,0.718,547,428,613,565
127,3,1007,1050,0.712,962,1021,1052,1078
127,46,1811,401,0.707,1772,321,1851,481
127,2,713,283,0.658,685,205,740,360
127,44,940,169,0.646,915,101,964,237
127,24,1150,316,0.642,1119,251,1181,381
127,8,108,1054,0.62,62,1029,154,1079
127,7,743,191,0.561,713,130,772,251
127,17,364,547,0.554,335,474,394,620
127,16,100,167,0.547,74,107,126,227
127,14,1816,1003,0.542,1751,929,1882,1077
127,6,1193,262,0.464,1166,200,1220,325
127,20,818,99,0.439,799,34,838,165
127,43,315,85,0.417,290,34,340,136
127,50,1902,304,0.384,1886,246,1919,361
127,56,1750,236,0.363,1718,163,1781,309
127,45,1399,94,0.345,1380,28,1418,160
127,30,1901,538,0.301,1884,483,1919,593
128,48,137,755,0.88,83,659,192,850
128,51,735,828,0.87,695,721,774,936
128,9,942,527,0.857,906,445,977,610
128,47,1255,722,0.844,1215,634,1295,809
128,42,1042,659,0.834,1013,578,1071,740
128,13,576,655,0.825,531,569,622,741
128,5,1090,470,0.807,1054,391,1126,549
128,22,578,502,0.79,545,436,612,568
128,23,989,418,0.753,954,334,1023,502
128,31,1627,351,0.727,1592,274,1662,427
128,2,712,274,0.727,685,200,738,348
128,46,1810,409,0.697,1770,327,1850,490
128,24,1153,317,0.691,1122,252,1183,382
128,44,940,176,0.688,916,103,964,248
128,3,1002,1054,0.684,959,1029,1044,1079
128,7,744,188,0.678,715,129,772,247
128,14,1834,1009,0.642,1774,939,1893,1078
128,17,365,547,0.593,335,475,396,619
128,16,98,168,0.561,71,107,125,228
128,20,819,99,0.509,799,33,838,165
128,45,1398,95,0.441,1380,28,1417,162
128,6,1189,260,0.422,1164,198,1215,322
128,43,326,86,0.414,295,36,356,136
128,8,104,1062,0.411,67,1045,142,1080
128,50,1902,306,0.411,1885,249,1919,363
128,18,877,101,0.383,856,39,898,164
128,53,474,558,0.369,442,492,505,624
128,12,725,54,0.312,703,0,747,109
129,48,138,758,0.884,84,664,192,853
129,51,734,818,0.87,695,714,774,921
129,42,1043,658,0.851,1014,575,1072,741
129,9,941,532,0.834,906,448,976,617
129,47,1256,721,0.825,1215,631,1297,811
129,13,577,657,0.807,532,570,621,744
129,5,1090,470,0.791,1055,391,1126,548
129,22,578,507,0.775,544,438,612,577
129,2,713,270,0.734,685,196,740,343
129,46,1812,412,0.728,1772,330,1851,495
129,23,990,419,0.725,955,336,1025,502
129,31,1626,349,0.717,1591,271,1661,426
129,7,744,185,0.703,716,124,772,246
129,44,940,178,0.674,915,106,965,250
129,24,1155,318,0.659,1125,253,1186,383
129,3,1000,1056,0.625,959,1033,1041,1079
129,17,366,547,0.609,334,475,398,620
129,16,97,168,0.577,71,107,124,228
129,14,1839,1012,0.524,1779,947,1898,1077
129,20,819,98,0.493,799,32,838,163
129,45,1398,95,0.466,1380,28,1417,162
129,43,329,86,0.444,298,36,360,136
129,50,1902,309,0.412,1886,250,1919,368
129,6,1189,257,0.383,1163,196,1214,319
129,18,876,101,0.359,855,39,897,164
129,53,473,558,0.355,441,493,505,624
129,12,724,53,0.315,703,0,745,107
129,25,1734,145,0.305,1706,90,1763,200
130,51,734,810,0.89,694,709,774,911
130,48,139,762,0.872,86,666,192,858
130,42,1041,656,0.864,1011,573,1071,739
130,13,577,658,0.833,533,571,622,744
130,9,941,536,0.83,906,452,977,619
130,47,1256,712,0.794,1215,628,1297,796
130,5,1090,469,0.788,1054,389,1127,549
130,23,986,419,0.751,951,337,1022,502
130,31,1623,348,0.746,1588,271,1659,425
130,22,577,506,0.745,543,439,611,574
130,2,712,267,0.726,685,194,739,339
130,7,744,183,0.704,716,121,771,245
130,24,1157,318,0.676,1128,254,1185,382
130,44,940,179,0.675,915,106,966,251
130,46,1812,418,0.673,1774,336,1851,501
130,17,366,547,0.608,334,475,398,620
130,3,997,1058,0.596,958,1038,1037,1079
130,16,96,168,0.587,70,107,122,230
130,14,1843,1016,0.556,1785,954,1902,1078
130,20,818,97,0.497,799,31,838,163
130,43,330,86,0.451,298,35,361,136
130,45,1398,95,0.449,1380,28,1416,162
130,53,474,558,0.391,442,492,505,624
130,6,1188,252,0.367,1161,193,1214,312
130,18,876,101,0.354,855,38,897,164
130,12,724,52,0.336,703,0,746,104
130,50,1903,311,0.323,1887,248,1919,374
131,51,734,801,0.878,694,704,774,898
131,48,140,769,0.841,88,672,191,867
131,42,1041,655,0.83,1011,571,1071,739
131,13,577,658,0.821,533,571,622,744
131,47,1255,718,0.811,1212,625,1297,812
131,9,941,539,0.798,905,455,978,622
131,5,1090,469,0.772,1054,387,1127,551
131,22,575,512,0.763,541,441,609,582
131,23,987,421,0.735,952,340,1022,502
131,31,1620,346,0.732,1583,267,1657,425
131,2,712,266,0.724,685,193,739,338
131,7,743,182,0.687,716,119,770,244
131,44,941,181,0.661,915,109,967,252
131,24,1157,319,0.649,1130,256,1185,382
131,46,1813,422,0.599,1775,338,1851,506
131,17,366,547,0.588,334,475,397,620
131,16,95,168,0.564,71,108,119,229
131,3,996,1061,0.51,961,1043,1032,1079
131,20,819,96,0.458,798,31,839,162
131,45,1398,95,0.454,1380,28,1416,162
131,14,1847,1019,0.42,1788,959,1906,1078
131,43,330,86,0.395,298,35,362,136
131,53,474,558,0.39,442,492,505,623
131,6,1186,248,0.356,1159,190,1213,306
131,50,1903,316,0.34,1886,254,1919,377
131,18,876,101,0.33,855,37,897,165
131,29,416,578,0.326,390,508,443,648
131,56,1749,241,0.302,1716,170,1781,312
132,51,734,796,0.874,694,701,773,892
132,47,1258,717,0.865,1216,622,1300,811
132,42,1041,653,0.828,1009,568,1074,738
132,48,142,773,0.825,93,673,191,873
132,9,941,540,0.811,904,456,978,624
132,13,577,660,0.811,533,575,621,744
132,5,1090,468,0.761,1053,385,1127,551
132,2,711,264,0.754,684,191,737,338
132,22,574,515,0.735,540,443,608,588
132,31,1617,346,0.726,1579,267,1656,424
132,23,985,421,0.697,949,340,1021,502
132,44,941,184,0.669,915,112,967,255
132,24,1158,320,0.661,1130,257,1185,384
132,7,742,182,0.65,714,119,769,245
132,17,365,547,0.599,335,475,396,620
132,16,95,169,0.555,71,108,119,229
132,3,995,1064,0.506,963,1049,1027,1079
132,43,333,86,0.498,302,35,364,137
132,46,1811,428,0.489,1774,344,1847,513
132,14,1851,1021,0.485,1793,965,1909,1078
132,45,1398,95,0.482,1380,28,1416,161
132,20,819,96,0.455,799,31,839,161
132,53,474,558,0.437,442,492,506,623
132,6,1185,247,0.418,1157,189,1214,304
132,57,241,57,0.378,214,0,268,115
132,18,876,100,0.378,855,36,897,164
132,50,1902,318,0.344,1886,258,1919,378
133,47,1262,708,0.858,1221,612,1302,804
133,51,734,790,0.856,695,691,774,890
133,42,1041,646,0.851,1009,561,1072,730
133,48,145,776,0.851,97,679,192,873
133,5,1091,466,0.825,1055,382,1128,549
133,9,940,548,0.817,902,461,978,636
133,2,711,263,0.755,685,188,736,338
133,13,576,661,0.754,532,579,619,742
133,23,989,423,0.738,957,342,1021,504
133,46,1813,435,0.728,1773,348,1853,521
133,31,1614,344,0.719,1578,265,1650,423
133,44,941,184,0.705,916,113,967,255
133,24,1159,327,0.682,1133,260,1186,393
133,22,572,518,0.674,538,447,605,590
133,7,739,179,0.673,714,116,764,243
133,17,367,547,0.639,335,474,399,620
133,43,336,84,0.633,308,33,364,135
133,20,820,95,0.579,799,30,840,160
133,16,95,170,0.52,70,108,120,232
133,53,475,557,0.505,443,491,506,623
133,45,1399,95,0.492,1380,28,1417,161
133,6,1185,240,0.479,1157,186,1212,294
133,14,1858,1030,0.463,1799,981,1917,1079
133,18,876,99,0.431,855,36,896,162
133,57,241,57,0.414,214,0,268,115
133,12,724,48,0.408,704,0,744,96
133,56,1749,243,0.329,1717,171,1781,315
133,50,1902,322,0.307,1886,265,1919,378
134,9,939,551,0.861,902,465,975,636
134,48,146,777,0.856,99,681,192,873
134,51,733,789,0.842,692,688,774,890
134,5,1092,463,0.835,1056,379,1127,548
134,42,1041,642,0.835,1009,558,1073,726
134,47,1263,704,0.822,1223,608,1303,799
134,46,1813,435,0.81,1773,349,1853,521
134,13,575,662,0.777,531,582,620,742
134,2,710,263,0.733,685,187,736,338
134,44,942,185,0.731,916,116,967,255
134,31,1613,343,0.727,1577,263,1648,423
134,24,1159,329,0.699,1133,262,1186,396
134,23,988,422,0.685,955,342,1020,502
134,22,570,518,0.675,538,448,603,588
134,7,738,178,0.666,714,114,763,242
134,17,366,547,0.64,335,474,398,620
134,43,339,83,0.613,314,32,364,134
134,20,820,94,0.573,799,30,840,158
134,53,474,557,0.525,443,491,506,623
134,16,95,170,0.498,70,107,121,232
134,45,1399,94,0.478,1380,28,1417,161
134,6,1184,237,0.454,1158,185,1209,288
134,18,876,99,0.442,856,36,896,163
134,14,1861,1035,0.399,1803,991,1918,1079
134,12,723,47,0.38,703,0,743,95
134,57,241,57,0.335,214,0,268,115
135,9,938,552,0.87,901,467,976,637
135,51,734,787,0.869,694,685,775,890
135,48,147,778,0.855,102,682,193,873
135,42,1042,636,0.844,1011,554,1074,718
135,5,1093,461,0.822,1058,377,1127,545
135,46,1813,436,0.814,1772,350,1854,522
135,13,574,666,0.814,531,585,617,747
135,47,1266,699,0.799,1229,606,1303,791
135,44,943,185,0.738,916,116,969,255
135,2,711,263,0.717,684,187,737,339
135,31,1612,341,0.716,1577,261,1646,421
135,24,1160,332,0.679,1134,266,1186,398
135,22,569,521,0.674,536,449,602,592
135,23,991,424,0.658,961,343,1020,504
135,7,738,177,0.652,714,113,762,242
135,17,366,547,0.592,335,474,397,620
135,20,820,93,0.548,799,29,840,156
135,43,340,83,0.546,318,31,363,134
135,16,95,170,0.508,70,107,121,232
135,53,475,557,0.486,444,491,506,623
135,18,876,99,0.438,857,35,896,163
135,45,1399,95,0.434,1380,28,1418,161
135,6,1183,236,0.397,1159,185,1208,287
135,14,1856,1045,0.354,1808,1010,1904,1079
136,51,735,786,0.886,695,682,776,890
136,9,938,553,0.863,901,469,975,637
136,42,1045,629,0.858,1016,549,1074,710
136,48,148,779,0.857,103,684,194,874
136,13,573,671,0.826,532,587,614,756
136,47,1266,690,0.819,1229,600,1304,781
136,46,1813,437,0.809,1771,352,1854,522
136,5,1094,457,0.807,1061,375,1127,540
136,31,1611,338,0.723,1577,258,1646,417
136,2,711,262,0.719,684,185,738,338
136,44,942,185,0.712,916,116,968,255
136,22,569,521,0.707,536,450,602,593
136,23,985,427,0.704,950,346,1020,509
136,24,1161,335,0.694,1136,269,1187,401
136,7,738,177,0.62,714,111,761,242
136,17,366,546,0.569,336,473,395,619
136,16,96,170,0.515,70,107,122,232
136,20,820,92,0.512,799,29,842,154
136,45,1399,95,0.403,1380,28,1419,161
136,18,876,99,0.389,856,36,895,162
136,43,341,82,0.381,322,31,359,133
136,53,476,558,0.356,446,492,506,623
136,56,1751,242,0.305,1717,165,1785,319
137,51,736,784,0.878,696,679,775,890
137,48,150,779,0.866,105,684,196,874
137,9,939,554,0.853,901,471,976,637
137,42,1045,623,0.846,1015,545,1075,702
137,13,571,678,0.836,531,592,611,764
137,47,1266,683,0.835,1228,594,1304,772
137,46,1813,438,0.792,1772,354,1854,522
137,5,1095,454,0.77,1062,372,1128,535
137,22,568,522,0.732,536,451,601,593
137,24,1163,339,0.715,1137,273,1189,405
137,2,709,260,0.711,683,183,736,336
137,31,1610,335,0.709,1577,256,1643,414
137,44,942,185,0.706,916,116,968,255
137,23,987,430,0.693,953,347,1020,512
137,7,738,175,0.666,714,110,761,241
137,17,366,546,0.579,336,473,395,619
137,16,96,170,0.56,71,107,122,232
137,20,821,92,0.489,800,28,842,155
137,53,476,557,0.476,446,490,506,623
137,18,877,99,0.418,857,34,896,163
137,45,1400,95,0.382,1381,29,1419,161
137,6,1184,234,0.361,1160,181,1209,287
137,43,345,81,0.3,326,31,364,132
138,51,737,782,0.881,697,674,776,889
138,47,1267,670,0.879,1227,584,1307,755
138,48,153,784,0.858,107,691,200,878
138,9,939,555,0.847,902,474,975,637
138,13,568,687,0.83,530,597,607,776
138,42,1047,615,0.818,1020,539,1075,691
138,22,567,527,0.773,535,455,599,599
138,5,1096,444,0.761,1063,367,1129,521
138,31,1609,328,0.738,1577,251,1641,406
138,46,1814,441,0.732,1773,358,1856,523
138,44,942,187,0.681,918,118,967,255
138,24,1166,341,0.677,1140,276,1192,405
138,2,710,256,0.672,683,180,736,332
138,23,989,431,0.613,959,354,1020,508
138,7,738,175,0.607,715,109,761,241
138,17,367,546,0.566,337,473,397,619
138,16,97,170,0.531,71,107,124,233
138,53,477,556,0.455,447,490,506,623
138,43,351,81,0.438,330,30,372,133
138,20,822,92,0.404,801,28,844,155
138,18,876,98,0.391,856,34,895,162
138,6,1186,230,0.388,1161,178,1211,281
138,45,1400,94,0.365,1381,27,1420,160
138,57,242,60,0.343,214,2,269,118
138,29,419,568,0.303,388,487,449,649
139,47,1267,667,0.882,1226,580,1308,754
139,51,738,777,0.879,698,668,778,887
139,9,941,557,0.859,905,477,978,637
139,48,155,792,0.851,109,694,201,889
139,13,568,691,0.837,529,601,606,780
139,5,1097,438,0.827,1064,363,1130,513
139,22,566,531,0.772,534,459,598,603
139,42,1048,612,0.769,1022,535,1074,689
139,31,1608,325,0.762,1577,248,1640,402
139,46,1816,441,0.708,1775,361,1856,522
139,24,1167,341,0.695,1141,277,1193,405
139,44,943,188,0.694,918,119,967,256
139,2,710,253,0.687,683,178,736,328
139,23,989,431,0.655,959,357,1020,505
139,7,738,174,0.59,715,108,761,239
139,17,367,545,0.548,337,473,397,618
139,16,97,170,0.519,71,106,124,233
139,53,477,556,0.473,447,489,506,622
139,43,354,81,0.427,331,30,377,131
139,18,876,97,0.399,856,31,895,162
139,20,823,91,0.39,802,28,845,155
139,45,1400,94,0.341,1382,28,1419,160
139,6,1184,229,0.331,1161,175,1207,283
140,51,740,773,0.895,698,663,781,882
140,47,1267,665,0.887,1227,577,1307,753
140,13,567,696,0.866,528,606,605,785
140,48,157,800,0.852,112,698,203,902
140,9,942,561,0.828,905,479,978,643
140,5,1096,434,0.826,1062,358,1130,509
140,42,1049,610,0.769,1024,532,1074,689
140,31,1607,321,0.756,1576,245,1639,396
140,46,1817,441,0.722,1776,362,1857,520
140,22,565,536,0.71,532,462,599,610
140,44,942,191,0.707,918,121,967,260
140,24,1169,342,0.682,1142,278,1195,405
140,2,709,246,0.68,683,175,735,317
140,23,986,431,0.658,955,359,1017,503
140,7,738,171,0.622,715,107,761,236
140,17,367,545,0.588,337,472,397,618
140,16,97,169,0.544,70,106,124,233
140,53,478,555,0.54,449,489,506,621
140,43,360,81,0.443,334,30,385,132
140,18,875,96,0.435,856,31,894,161
140,20,824,90,0.414,802,26,845,154
140,29,420,566,0.339,389,485,451,648
140,45,1400,92,0.338,1381,24,1419,160
141,47,1268,664,0.894,1228,574,1308,753
141,51,740,767,0.892,698,658,782,875
141,48,160,806,0.868,115,703,204,910
141,13,565,699,0.863,527,608,604,789
141,5,1096,431,0.826,1062,355,1130,508
141,9,942,565,0.815,906,480,977,650
141,42,1049,609,0.759,1024,530,1074,688
141,31,1606,319,0.758,1574,244,1638,394
141,22,565,539,0.742,531,463,599,615
141,44,942,195,0.729,918,125,966,264
141,46,1818,444,0.716,1778,363,1857,525
141,2,708,243,0.695,682,170,735,316
141,24,1168,342,0.69,1141,280,1196,405
141,23,986,433,0.633,954,362,1017,503
141,7,738,168,0.578,715,101,761,234
141,16,97,169,0.556,70,106,124,232
141,17,366,544,0.534,338,471,395,617
141,53,478,555,0.489,450,489,506,622
141,18,874,95,0.479,855,29,894,161
141,43,367,80,0.47,336,30,398,131
141,20,824,89,0.459,803,25,845,153
141,6,1183,229,0.359,1160,172,1206,287
141,29,422,566,0.339,390,484,453,648
141,45,1401,91,0.331,1382,22,1421,160
142,51,741,762,0.89,697,655,785,870
142,47,1269,661,0.886,1228,569,1310,752
142,48,161,809,0.848,117,707,204,911
142,13,565,701,0.84,526,613,603,789
142,5,1095,429,0.836,1061,352,1128,507
142,9,942,570,0.799,906,483,978,657
142,42,1049,608,0.74,1025,528,1074,688
142,31,1605,316,0.727,1574,241,1637,392
142,22,565,543,0.724,531,465,598,620
142,44,942,196,0.71,918,126,966,266
142,24,1168,342,0.705,1141,280,1196,405
142,2,708,239,0.685,682,167,734,311
142,46,1818,450,0.668,1779,365,1856,534
142,23,986,433,0.667,955,364,1017,502
142,17,365,544,0.57,337,471,393,616
142,16,97,169,0.549,70,105,124,232
142,7,737,166,0.507,714,100,760,232
142,43,369,79,0.441,339,28,399,130
142,18,873,93,0.44,854,29,893,158
142,20,824,87,0.428,803,24,845,150
142,53,478,555,0.424,450,488,506,621
142,6,1181,230,0.418,1159,171,1203,288
142,29,420,565,0.394,388,483,452,647
142,45,1401,93,0.367,1382,26,1421,160
142,25,1758,155,0.332,1732,103,1784,207
143,47,1269,656,0.867,1229,563,1308,749
143,48,165,816,0.866,120,715,210,918
143,51,742,746,0.849,696,644,789,847
143,13,563,702,0.83,524,616,602,788
143,5,1094,428,0.807,1060,348,1129,507
143,9,941,576,0.8,906,490,977,662
143,24,1168,348,0.778,1138,286,1198,410
143,31,1604,313,0.777,1573,236,1635,391
143,42,1049,605,0.754,1025,524,1073,686
143,46,1821,459,0.705,1783,369,1858,548
143,2,708,233,0.704,682,161,734,306
143,22,563,550,0.684,530,472,596,628
143,44,942,199,0.667,918,129,966,269
143,6,1185,224,0.636,1160,166,1211,282
143,23,984,435,0.614,952,367,1016,502
143,17,366,543,0.577,337,470,395,616
143,7,736,159,0.539,712,96,759,223
143,16,96,168,0.495,70,106,123,231
143,53,478,554,0.422,450,487,506,621
143,18,872,91,0.417,852,27,892,155
143,43,377,79,0.415,346,29,407,130
143,29,418,564,0.401,386,482,450,647
143,20,824,88,0.393,804,24,845,151
143,45,1402,94,0.354,1382,28,1422,160
144,48,167,822,0.869,121,721,213,923
144,51,744,737,0.857,697,639,791,835
144,13,563,704,0.848,523,619,603,788
144,47,1269,654,0.846,1230,559,1309,748
144,31,1603,313,0.791,1571,234,1634,391
144,5,1094,427,0.785,1060,346,1128,507
144,9,942,579,0.761,907,493,977,665
144,24,1168,352,0.756,1137,287,1199,418
144,42,1050,601,0.754,1026,520,1075,683
144,46,1820,462,0.718,1782,374,1859,550
144,44,943,200,0.683,919,131,967,269
144,22,562,551,0.682,529,474,596,628
144,2,707,232,0.676,681,159,733,305
144,6,1183,222,0.561,1159,164,1207,280
144,17,366,543,0.523,337,470,394,616
144,23,983,436,0.509,951,369,1015,504
144,16,96,168,0.503,70,106,123,231
144,7,735,158,0.478,712,93,759,222
144,58,1802,158,0.399,1782,96,1821,221
144,20,825,87,0.395,804,24,846,150
144,43,378,79,0.383,347,28,409,129
144,18,871,90,0.367,851,26,892,154
144,29,417,564,0.362,385,482,449,646
144,53,478,554,0.329,450,488,507,621
145,48,169,825,0.885,123,724,215,927
145,51,745,731,0.868,698,637,791,825
145,47,1269,650,0.845,1230,556,1309,744
145,13,563,704,0.844,522,619,604,789
145,31,1602,312,0.797,1571,233,1633,390
145,5,1094,425,0.786,1060,344,1127,506
145,42,1051,597,0.768,1026,515,1076,679
145,9,942,584,0.759,905,497,979,671
145,24,1169,356,0.737,1137,289,1200,422
145,46,1822,465,0.719,1783,377,1861,554
145,22,562,553,0.678,529,477,595,628
145,2,707,232,0.675,680,159,733,305
145,44,943,199,0.672,919,133,968,265
145,6,1184,219,0.583,1159,162,1209,276
145,16,97,168,0.517,71,105,123,230
145,17,364,542,0.511,337,469,392,615
145,7,735,154,0.453,711,91,759,216
145,43,378,77,0.447,348,26,408,128
145,58,1804,159,0.402,1783,96,1824,222
145,20,825,87,0.382,805,23,846,151
145,18,870,89,0.369,850,27,891,152
145,23,985,438,0.335,955,370,1014,506
145,29,416,564,0.329,384,482,447,645
145,53,478,554,0.328,450,487,507,620
146,48,171,827,0.89,126,727,216,927
146,51,744,726,0.876,697,634,792,818
146,47,1269,646,0.841,1230,552,1308,740
146,13,563,705,0.838,522,620,605,789
146,31,1601,311,0.804,1570,233,1633,390
146,9,944,586,0.785,907,497,981,675
146,5,1093,423,0.778,1060,342,1127,505
146,22,562,554,0.766,529,478,595,630
146,42,1051,594,0.746,1027,512,1076,675
146,46,1823,470,0.716,1785,381,1860,558
146,24,1169,358,0.708,1137,292,1201,425
146,2,707,232,0.698,680,158,734,306
146,44,943,205,0.693,918,135,968,274
146,6,1186,218,0.577,1160,161,1211,276
146,23,979,450,0.561,943,369,1015,530
146,7,736,152,0.519,712,90,760,215
146,43,380,77,0.516,352,26,409,128
146,16,98,167,0.516,72,106,123,229
146,17,363,542,0.513,337,468,389,615
146,58,1805,161,0.446,1785,99,1825,222
146,20,827,87,0.429,805,23,848,151
146,18,871,87,0.418,850,24,891,149
146,53,478,553,0.404,449,486,507,620
146,29,417,564,0.357,386,482,448,646
146,45,1402,92,0.302,1382,26,1422,157
147,48,172,828,0.877,126,729,218,927
147,51,744,725,0.864,698,631,790,818
147,47,1270,642,0.855,1232,547,1309,737
147,13,564,706,0.81,521,622,607,789
147,31,1600,310,0.807,1568,231,1632,389
147,5,1093,423,0.801,1060,341,1127,505
147,9,946,588,0.795,908,499,984,677
147,22,563,557,0.763,529,480,596,633
147,42,1053,590,0.739,1028,510,1078,671
147,24,1168,362,0.731,1137,294,1200,430
147,46,1823,472,0.711,1785,383,1861,561
147,44,944,205,0.693,917,135,970,274
147,2,706,226,0.686,679,158,733,294
147,6,1187,219,0.645,1160,160,1213,278
147,23,976,451,0.63,937,370,1014,532
147,43,383,76,0.608,356,25,411,127
147,7,737,150,0.592,712,88,762,212
147,58,1807,162,0.519,1785,101,1828,224
147,17,364,541,0.518,337,468,391,614
147,16,98,167,0.516,72,105,124,229
147,18,871,86,0.435,850,24,892,149
147,20,828,86,0.415,808,22,849,151
147,53,478,553,0.404,449,487,506,619
147,29,418,564,0.318,386,483,450,646
147,45,1402,91,0.307,1382,25,1422,157
148,48,175,830,0.882,129,734,220,927
148,51,744,722,0.878,699,626,788,817
148,47,1270,627,0.869,1230,535,1311,718
148,9,948,590,0.838,910,504,987,676
148,13,566,713,0.814,520,629,611,797
148,31,1598,305,0.808,1564,225,1631,384
148,5,1094,419,0.8,1062,336,1126,501
148,44,944,206,0.796,916,135,972,277
148,42,1055,576,0.78,1031,499,1079,652
148,24,1169,365,0.779,1138,298,1201,433
148,22,562,560,0.759,529,485,596,635
148,2,706,223,0.708,679,154,733,292
148,46,1825,479,0.657,1786,390,1864,567
148,6,1187,219,0.642,1161,159,1214,280
148,7,739,147,0.636,712,85,766,208
148,23,975,457,0.629,939,373,1011,541
148,43,388,75,0.611,365,23,411,127
148,16,98,167,0.58,71,105,124,229
148,53,478,553,0.571,449,487,507,619
148,17,364,540,0.525,337,466,391,614
148,58,1809,164,0.518,1787,103,1831,225
148,56,1761,267,0.501,1726,198,1795,335
148,20,830,85,0.49,810,21,850,149
148,18,871,85,0.461,849,23,892,147
148,29,421,565,0.392,386,482,456,647
148,25,1770,160,0.366,1746,107,1794,213
149,48,177,831,0.878,130,736,223,927
149,51,743,720,0.875,703,622,784,817
149,47,1271,620,0.868,1231,532,1311,708
149,13,567,719,0.844,520,632,613,807
149,9,949,591,0.838,910,506,988,676
149,42,1055,571,0.823,1031,495,1080,646
149,5,1094,417,0.803,1061,334,1126,500
149,22,563,560,0.793,529,485,597,635
149,31,1597,303,0.793,1564,224,1630,382
149,24,1170,366,0.786,1139,299,1202,433
149,44,944,207,0.778,916,137,972,277
149,46,1826,478,0.723,1786,390,1866,565
149,23,975,461,0.718,939,374,1011,547
149,2,708,227,0.709,680,152,736,301
149,6,1187,217,0.663,1160,156,1214,278
149,7,739,145,0.63,712,84,767,205
149,53,478,553,0.567,450,487,507,618
149,43,390,75,0.541,371,24,409,125
149,16,98,167,0.523,71,105,124,229
149,17,366,540,0.517,338,467,394,613
149,20,831,84,0.492,811,20,851,148
149,58,1812,166,0.458,1792,104,1833,227
149,18,871,84,0.458,850,21,892,147
149,29,422,565,0.428,386,482,458,648
149,25,1772,158,0.398,1750,107,1795,210
149,45,1403,90,0.307,1383,23,1422,157
150,48,178,833,0.867,131,739,225,927
150,51,744,717,0.866,706,618,782,816
150,47,1272,612,0.866,1233,527,1311,696
150,13,568,726,0.846,523,637,613,815
150,42,1057,567,0.846,1031,492,1082,641
150,9,951,591,0.833,912,507,990,675
150,5,1094,412,0.806,1061,331,1126,493
150,24,1173,368,0.792,1143,300,1202,435
150,31,1597,301,0.786,1563,223,1630,379
150,22,563,561,0.776,529,487,597,635
150,44,944,207,0.758,916,138,972,276
150,23,976,466,0.68,941,377,1011,554
150,2,707,223,0.668,680,151,734,296
150,46,1828,479,0.651,1790,393,1866,565
150,6,1187,216,0.638,1160,156,1213,276
150,7,740,145,0.57,713,83,768,207
150,53,478,552,0.539,450,487,507,618
150,16,98,167,0.511,71,105,124,229
150,17,367,540,0.496,338,467,396,613
150,20,831,83,0.482,810,20,852,147
150,43,390,73,0.47,373,23,407,124
150,18,872,83,0.432,852,21,893,146
150,58,1814,165,0.421,1794,104,1834,227
150,29,421,564,0.4,385,482,457,645
150,56,1762,273,0.356,1727,204,1797,341
150,45,1402,91,0.3,1383,24,1421,157
151,48,181,834,0.873,134,741,227,928
151,51,743,715,0.865,707,615,780,816
151,47,1274,606,0.865,1235,521,1313,690
151,13,569,730,0.847,524,639,614,821
151,46,1828,480,0.826,1788,395,1868,565
151,42,1057,564,0.824,1031,489,1082,640
151,5,1094,408,0.82,1061,328,1126,487
151,9,952,592,0.804,913,508,990,675
151,24,1174,368,0.795,1145,301,1203,435
151,31,1596,298,0.795,1563,221,1629,375
151,44,942,208,0.776,915,139,969,276
151,22,563,561,0.715,529,488,597,634
151,2,707,221,0.704,681,149,733,293
151,7,741,143,0.627,713,81,770,206
151,23,977,472,0.622,943,382,1011,562
151,16,99,167,0.576,74,105,124,229
151,6,1186,214,0.556,1161,154,1211,273
151,17,367,539,0.544,338,466,397,613
151,43,393,73,0.532,376,23,411,124
151,53,479,552,0.526,451,487,507,617
151,58,1817,166,0.524,1797,104,1838,228
151,20,833,82,0.483,812,18,853,147
151,56,1762,275,0.432,1727,204,1796,345
151,29,417,564,0.428,383,482,451,645
151,25,1773,161,0.4,1752,107,1795,215
151,18,872,81,0.384,853,21,892,142
151,45,1403,91,0.306,1384,25,1422,157
152,48,184,835,0.876,137,743,232,927
152,13,571,733,0.869,527,639,615,826
152,51,743,714,0.867,707,612,779,815
152,47,1275,604,0.853,1238,520,1313,689
152,9,952,592,0.847,912,510,991,674
152,42,1056,562,0.815,1031,486,1082,638
152,5,1093,403,0.802,1061,326,1126,479
152,24,1175,369,0.796,1146,302,1204,436
152,44,942,207,0.79,916,139,968,275
152,46,1829,480,0.765,1788,396,1870,565
152,31,1595,295,0.757,1563,219,1628,371
152,2,708,218,0.74,682,145,734,291
152,22,562,561,0.673,528,491,596,632
152,23,976,474,0.649,943,385,1009,563
152,7,742,142,0.625,714,79,770,206
152,6,1185,212,0.617,1160,152,1211,273
152,17,369,540,0.589,338,465,400,614
152,16,99,167,0.577,74,105,124,228
152,58,1819,165,0.555,1798,103,1839,227
152,20,834,80,0.514,814,17,854,144
152,43,397,73,0.494,378,22,416,125
152,53,479,552,0.478,451,486,508,617
152,29,417,563,0.463,382,481,451,645
152,18,874,81,0.444,854,21,893,141
152,25,1775,163,0.379,1754,107,1797,219
152,45,1403,91,0.371,1384,25,1422,157
152,56,1763,279,0.331,1729,207,1797,350
153,48,196,844,0.887,141,750,251,938
153,13,571,740,0.865,527,649,616,831
153,51,741,710,0.863,705,607,777,813
153,9,952,599,0.843,911,514,992,685
153,47,1277,596,0.822,1240,513,1314,678
153,42,1057,562,0.813,1030,482,1084,641
153,5,1092,393,0.812,1059,319,1126,467
153,24,1176,370,0.791,1149,306,1204,435
153,46,1829,482,0.776,1787,400,1871,564
153,44,941,214,0.759,915,143,968,285
153,2,708,211,0.752,683,139,734,284
153,31,1596,287,0.714,1564,215,1629,360
153,22,562,565,0.709,527,495,596,636
153,17,369,539,0.627,338,465,400,613
153,58,1821,166,0.588,1800,107,1842,226
153,23,976,477,0.566,943,391,1009,562
153,6,1185,207,0.565,1158,147,1212,266
153,7,743,137,0.55,716,76,770,199
153,43,408,72,0.541,384,21,432,123
153,16,99,166,0.532,74,103,124,228
153,53,479,550,0.521,451,483,508,617
153,20,836,79,0.515,815,16,858,141
153,29,416,563,0.444,382,482,449,643
153,18,875,83,0.422,855,21,894,144
153,25,1778,166,0.38,1757,109,1799,224
153,45,1404,90,0.372,1384,24,1423,156
154,48,202,852,0.894,145,753,259,950
154,51,741,707,0.866,705,605,777,809
154,13,572,740,0.863,528,649,616,831
154,9,951,604,0.853,911,517,991,691
154,42,1055,561,0.826,1028,481,1083,640
154,5,1093,391,0.818,1060,316,1126,465
154,47,1277,600,0.815,1240,512,1313,689
154,44,941,215,0.756,915,144,967,287
154,31,1596,285,0.746,1564,212,1629,359
154,24,1177,375,0.738,1150,309,1205,441
154,46,1830,486,0.733,1786,403,1873,570
154,2,708,208,0.732,683,137,733,280
154,6,1184,204,0.714,1157,145,1212,262
154,22,562,570,0.681,527,496,597,644
154,58,1822,167,0.601,1800,107,1844,227
154,17,368,539,0.596,338,464,399,613
154,7,743,135,0.534,716,73,770,196
154,16,99,166,0.51,73,104,124,228
154,23,975,478,0.497,941,394,1009,562
154,20,838,78,0.487,816,16,860,140
154,43,415,73,0.439,386,23,443,123
154,53,479,550,0.418,451,482,508,617
154,25,1777,166,0.395,1755,109,1799,224
154,29,415,563,0.381,382,482,448,643
154,18,876,82,0.349,857,20,895,144
154,45,1404,90,0.342,1384,23,1424,156
154,57,237,72,0.335,206,13,268,130
155,48,204,858,0.893,146,759,263,957
155,51,741,703,0.877,706,601,777,805
155,9,951,608,0.863,911,520,992,697
155,13,573,741,0.862,528,650,618,831
155,42,1055,559,0.826,1028,479,1082,639
155,47,1278,600,0.815,1242,510,1314,689
155,5,1092,389,0.791,1059,314,1126,465
155,44,940,219,0.753,915,147,965,291
155,31,1596,283,0.74,1564,210,1628,356
155,2,708,206,0.735,683,135,732,277
155,46,1831,493,0.727,1788,406,1874,580
155,24,1178,378,0.717,1151,311,1206,445
155,22,561,575,0.702,527,500,596,651
155,6,1185,202,0.679,1157,144,1212,260
155,58,1823,167,0.641,1800,107,1846,226
155,17,369,538,0.6,337,464,400,613
155,16,98,165,0.547,73,103,123,227
155,25,1777,167,0.517,1754,110,1800,224
155,23,974,480,0.501,940,397,1009,563
155,43,419,73,0.491,389,22,448,123
155,7,743,132,0.48,716,71,770,193
155,20,838,77,0.459,816,15,859,139
155,57,237,73,0.438,206,13,268,132
155,29,415,563,0.378,382,482,448,643
155,53,478,551,0.358,449,485,507,617
155,18,875,81,0.346,856,18,894,144
155,45,1404,90,0.337,1383,24,1424,156
156,48,206,860,0.894,147,762,265,958
156,51,740,698,0.868,705,596,775,800
156,9,951,613,0.852,910,523,992,704
156,13,574,741,0.827,528,651,620,831
156,42,1055,556,0.818,1028,477,1081,635
156,47,1279,598,0.798,1243,507,1316,688
156,46,1832,499,0.77,1790,410,1875,589
156,5,1092,388,0.755,1059,313,1126,464
156,31,1596,282,0.754,1563,208,1628,356
156,44,939,220,0.745,915,148,964,292
156,2,708,204,0.725,683,133,732,276
156,24,1180,381,0.702,1153,314,1207,449
156,6,1185,199,0.701,1157,141,1212,257
156,58,1823,167,0.645,1798,108,1848,226
156,22,559,579,0.612,526,504,591,653
156,16,98,165,0.572,74,103,121,227
156,17,368,538,0.553,337,464,399,613
156,7,742,132,0.493,716,70,768,195
156,43,421,74,0.473,391,24,450,123
156,23,973,480,0.448,938,399,1009,561
156,25,1777,168,0.442,1753,111,1801,224
156,20,837,76,0.418,816,14,858,137
156,53,479,549,0.373,451,482,508,616
156,57,237,73,0.365,205,13,268,134
156,45,1404,89,0.344,1384,22,1424,156
156,29,415,563,0.32,382,483,448,643
156,56,1765,281,0.303,1731,206,1800,357
156,18,875,80,0.303,856,17,894,143
157,48,208,865,0.882,150,768,266,963
157,51,739,692,0.851,704,592,775,791
157,9,950,616,0.843,910,528,991,705
157,13,574,742,0.819,529,653,619,831
157,42,1054,553,0.808,1026,474,1081,632
157,47,1280,593,0.778,1243,503,1316,683
157,31,1593,281,0.758,1559,206,1626,355
157,44,940,223,0.735,915,151,965,295
157,5,1092,387,0.733,1058,310,1125,464
157,6,1184,197,0.702,1157,139,1212,255
157,2,707,202,0.691,683,131,731,274
157,46,1834,500,0.684,1792,410,1877,591
157,58,1823,167,0.646,1797,108,1849,226
157,24,1180,385,0.629,1154,318,1206,452
157,22,558,583,0.586,525,508,592,659
157,16,98,165,0.551,75,104,120,226
157,17,368,538,0.515,337,463,399,613
157,25,1778,168,0.466,1753,113,1803,224
157,7,740,131,0.464,715,68,766,194
157,43,423,73,0.462,392,23,453,122
157,23,973,482,0.421,937,399,1010,564
157,20,838,75,0.38,817,12,858,137
157,45,1404,88,0.37,1383,22,1424,155
157,53,479,549,0.368,450,482,508,616
157,56,1765,280,0.367,1730,206,1800,355
158,48,209,876,0.876,155,774,264,978
158,9,951,624,0.865,911,535,992,713
158,13,573,743,0.837,527,656,618,830
158,51,739,678,0.827,702,583,775,772
158,42,1054,546,0.797,1026,466,1081,627
158,47,1281,584,0.79,1245,494,1318,674
158,5,1093,385,0.762,1059,307,1126,464
158,44,938,226,0.759,913,154,963,298
158,46,1835,509,0.756,1792,417,1878,602
158,31,1590,279,0.704,1557,204,1623,355
158,22,558,588,0.682,523,511,594,664
158,2,706,200,0.675,682,129,731,271
158,24,1182,391,0.646,1156,321,1209,460
158,6,1185,194,0.643,1159,137,1212,252
158,16,97,165,0.548,75,104,120,226
158,56,1765,283,0.544,1730,207,1801,359
158,25,1781,168,0.529,1753,113,1808,224
158,43,425,71,0.526,394,21,456,121
158,58,1828,168,0.518,1804,109,1852,227
158,23,971,485,0.507,933,402,1009,568
158,7,738,127,0.506,714,64,762,191
158,17,368,538,0.506,337,464,398,613
158,53,478,548,0.449,449,483,508,614
158,20,838,73,0.353,818,11,859,136
158,29,419,565,0.346,382,483,455,647
158,45,1403,88,0.326,1384,22,1423,154
159,9,950,626,0.86,910,536,991,717
159,13,572,744,0.859,528,660,617,828
159,51,738,669,0.852,701,578,775,761
159,47,1282,579,0.836,1245,491,1319,666
159,48,211,879,0.834,158,777,264,981
159,46,1836,513,0.83,1793,420,1879,606
159,5,1092,384,0.789,1059,306,1125,463
159,44,939,227,0.779,913,155,964,299
159,42,1055,542,0.754,1030,463,1080,622
159,31,1588,279,0.717,1556,203,1621,355
159,2,706,199,0.691,681,127,730,270
159,22,558,590,0.664,523,514,593,665
159,24,1183,392,0.655,1157,323,1209,460
159,6,1186,194,0.644,1160,135,1212,252
159,23,977,485,0.628,947,403,1008,567
159,7,737,125,0.606,714,62,760,189
159,16,97,165,0.601,74,104,120,226
159,17,367,538,0.568,337,463,397,612
159,43,426,70,0.54,397,19,455,121
159,53,478,548,0.503,449,483,507,613
159,58,1828,169,0.499,1804,109,1853,229
159,25,1780,170,0.452,1753,114,1807,226
159,56,1766,283,0.444,1731,207,1801,359
159,29,421,564,0.428,384,482,458,647
159,20,838,73,0.41,818,11,859,136
159,57,237,78,0.344,207,17,267,139
160,9,949,630,0.881,909,541,990,719
160,13,571,749,0.858,527,661,615,836
160,47,1283,571,0.856,1246,486,1320,657
160,48,212,881,0.839,160,780,265,982
160,51,738,664,0.819,702,573,775,754
160,46,1836,517,0.792,1792,423,1879,612
160,5,1092,383,0.788,1059,304,1126,463
160,44,939,227,0.787,913,156,964,299
160,42,1054,534,0.771,1030,458,1078,610
160,23,979,487,0.724,950,405,1008,569
160,2,705,199,0.698,681,127,730,271
160,24,1183,392,0.695,1157,324,1210,460
160,31,1588,279,0.691,1556,202,1620,355
160,22,556,591,0.675,521,515,591,667
160,6,1187,193,0.64,1161,134,1213,252
160,7,737,124,0.612,714,61,760,187
160,17,368,538,0.589,337,463,398,613
160,16,97,165,0.554,73,104,120,227
160,43,429,69,0.548,400,18,457,120
160,56,1767,283,0.542,1732,208,1801,359
160,58,1829,171,0.482,1804,109,1854,233
160,29,421,564,0.456,383,481,458,647
160,20,839,72,0.436,818,10,860,135
160,53,478,548,0.41,448,484,507,613
160,57,237,79,0.404,208,17,266,141
160,45,1403,88,0.336,1384,22,1422,154
160,25,1782,169,0.329,1754,114,1810,225
161,9,950,631,0.901,910,542,989,719
161,47,1283,564,0.873,1246,482,1320,645
161,13,571,757,0.845,527,667,614,846
161,48,214,883,0.833,164,784,265,982
161,51,739,660,0.83,702,569,775,752
161,42,1053,529,0.821,1029,454,1078,603
161,5,1093,382,0.81,1060,302,1125,461
161,46,1836,521,0.796,1792,429,1879,614
161,44,939,228,0.795,912,156,965,299
161,23,978,488,0.744,949,407,1008,569
161,2,705,198,0.737,680,126,730,270
161,22,555,592,0.718,520,518,590,667
161,24,1185,393,0.715,1158,326,1212,460
161,31,1588,277,0.696,1557,200,1618,354
161,6,1187,193,0.647,1162,135,1212,252
161,17,367,537,0.647,337,463,397,612
161,7,737,124,0.602,715,60,760,187
161,16,96,165,0.551,73,104,120,227
161,43,430,69,0.539,404,18,457,119
161,29,421,563,0.534,383,481,459,646
161,56,1767,285,0.513,1732,212,1803,358
161,57,237,81,0.507,208,18,265,143
161,58,1830,173,0.496,1805,110,1854,237
161,53,478,548,0.474,449,484,507,613
161,20,839,72,0.421,818,9,860,135
161,25,1783,169,0.382,1755,114,1810,224
161,45,1403,88,0.357,1384,22,1422,154
162,9,951,631,0.891,911,543,991,719
162,47,1283,557,0.878,1246,476,1321,639
162,13,570,762,0.871,528,668,613,856
162,48,215,884,0.86,166,786,264,982
162,42,1053,523,0.826,1027,449,1078,596
162,51,740,657,0.811,702,564,777,750
162,5,1094,380,0.805,1061,299,1127,460
162,44,939,228,0.8,913,157,966,300
162,46,1836,523,0.751,1792,431,1880,615
162,24,1186,394,0.741,1158,328,1213,460
162,22,556,594,0.741,522,521,591,667
162,2,706,197,0.736,680,124,731,270
162,23,977,490,0.72,947,408,1008,572
162,31,1587,276,0.69,1557,199,1617,353
162,6,1188,193,0.682,1163,134,1214,253
162,17,367,537,0.638,337,463,397,612
162,16,96,165,0.568,73,104,119,227
162,7,738,124,0.564,715,59,760,188
162,29,421,563,0.514,382,481,459,645
162,57,237,81,0.509,209,19,266,143
162,58,1830,175,0.508,1806,112,1854,237
162,43,433,68,0.477,409,18,457,119
162,53,478,548,0.466,449,484,507,613
162,56,1768,286,0.454,1733,215,1803,358
162,20,839,72,0.371,818,9,859,136
162,45,1403,88,0.326,1384,22,1422,154
162,25,1784,172,0.302,1757,115,1812,228
163,9,951,635,0.884,912,550,990,721
163,13,569,775,0.88,527,681,611,870
163,48,217,887,0.878,169,792,265,982
163,47,1283,553,0.86,1245,469,1320,637
163,42,1055,518,0.835,1031,444,1080,592
163,51,740,655,0.827,703,559,778,751
163,44,939,229,0.77,911,159,967,299
163,22,555,597,0.752,521,522,588,672
163,5,1095,373,0.744,1064,295,1127,452
163,24,1187,395,0.738,1157,331,1216,459
163,31,1584,269,0.707,1554,194,1615,344
163,2,706,190,0.703,680,119,732,261
163,6,1189,190,0.683,1164,131,1214,250
163,17,367,537,0.634,337,463,397,612
163,46,1836,526,0.618,1791,436,1881,615
163,16,96,166,0.592,74,105,118,226
163,58,1831,176,0.584,1806,113,1856,238
163,23,978,496,0.584,948,414,1007,577
163,56,1768,287,0.541,1732,213,1804,361
163,7,737,123,0.531,716,57,758,189
163,29,420,564,0.521,383,480,457,647
163,43,436,68,0.473,417,18,455,119
163,57,238,83,0.389,209,22,267,144
163,20,839,72,0.378,819,7,859,136
163,53,477,548,0.367,447,483,507,612
163,45,1403,88,0.363,1384,23,1422,154
163,25,1789,172,0.319,1763,116,1815,229
164,48,217,888,0.874,169,794,266,982
164,13,568,780,0.874,527,686,609,874
164,9,951,636,0.869,911,552,991,719
164,47,1283,553,0.858,1245,468,1321,638
164,42,1056,518,0.837,1032,443,1081,593
164,51,740,655,0.83,702,557,778,752
164,5,1095,369,0.791,1064,292,1127,445
164,44,940,230,0.786,912,162,967,298
164,24,1186,398,0.786,1154,334,1218,462
164,22,554,600,0.754,521,525,587,674
164,46,1837,527,0.749,1792,439,1883,616
164,31,1585,267,0.715,1555,193,1615,341
164,2,706,190,0.708,680,118,732,261
164,6,1190,189,0.669,1165,130,1216,249
164,58,1832,177,0.647,1806,114,1857,239
164,16,97,166,0.626,75,105,119,226
164,17,367,537,0.616,337,462,397,612
164,7,737,123,0.561,715,57,759,189
164,56,1769,292,0.535,1733,219,1805,365
164,57,238,85,0.528,210,23,267,146
164,59,20,657,0.522,0,592,41,721
164,29,419,561,0.513,386,481,451,641
164,25,1789,173,0.498,1761,116,1816,230
164,23,976,498,0.468,945,418,1007,578
164,43,437,68,0.426,418,17,457,118
164,53,477,548,0.422,447,483,507,613
164,20,840,72,0.386,819,7,860,138
164,45,1403,89,0.369,1384,23,1422,154
165,13,568,784,0.879,527,690,608,879
165,48,220,891,0.877,171,799,269,983
165,9,952,638,0.877,912,556,991,720
165,47,1284,552,0.86,1246,466,1322,638
165,51,740,654,0.826,703,556,778,753
165,42,1056,518,0.818,1032,442,1081,594
165,44,940,231,0.794,912,164,967,299
165,5,1096,365,0.788,1064,290,1127,440
165,24,1186,404,0.752,1153,336,1219,472
165,22,554,601,0.743,521,528,587,674
165,2,706,187,0.73,680,115,731,258
165,31,1584,263,0.729,1555,191,1614,336
165,46,1839,529,0.716,1794,441,1884,617
165,6,1192,188,0.66,1167,127,1217,248
165,16,96,166,0.639,74,106,119,226
165,17,368,537,0.631,337,463,398,612
165,56,1769,295,0.578,1733,221,1804,370
165,58,1835,180,0.566,1809,116,1861,244
165,57,238,85,0.545,209,23,268,146
165,7,738,121,0.542,716,55,759,186
165,59,22,661,0.535,0,597,44,724
165,25,1790,175,0.516,1762,118,1818,232
165,43,441,69,0.413,422,19,460,118
165,23,972,500,0.409,938,421,1007,580
165,29,421,562,0.399,383,480,460,644
165,53,478,548,0.39,448,483,507,613
165,20,840,73,0.364,819,7,860,138
165,45,1403,89,0.354,1383,23,1423,155
166,9,952,641,0.881,912,558,992,725
166,13,567,788,0.879,526,694,608,882
166,48,222,899,0.878,172,802,272,995
166,47,1284,551,0.862,1246,464,1321,638
166,51,740,653,0.829,703,553,778,753
166,5,1095,360,0.81,1063,288,1126,433
166,44,940,235,0.79,912,166,968,304
166,42,1056,518,0.788,1032,441,1080,595
166,22,554,604,0.776,521,532,587,675
166,31,1583,260,0.772,1553,187,1613,334
166,24,1186,409,0.771,1152,340,1220,478
166,2,706,183,0.734,680,113,732,254
166,6,1193,185,0.703,1168,127,1218,244
166,46,1841,529,0.701,1797,441,1885,616
166,16,96,166,0.652,73,106,119,227
166,17,368,537,0.652,337,463,399,612
166,59,23,662,0.603,0,597,47,727
166,58,1836,182,0.569,1811,119,1861,246
166,23,976,502,0.542,945,425,1007,579
166,7,737,118,0.516,716,54,759,183
166,56,1769,301,0.467,1734,225,1804,378
166,43,445,69,0.462,424,18,466,119
166,25,1791,176,0.458,1763,119,1819,233
166,53,478,549,0.44,450,483,507,614
166,57,238,84,0.436,208,23,268,145
166,29,419,561,0.417,385,480,453,642
166,20,840,73,0.403,820,7,860,138
166,45,1403,89,0.374,1383,23,1423,155
166,18,883,66,0.345,864,3,902,129
167,13,567,789,0.89,526,696,608,882
167,9,954,649,0.866,913,561,994,737
167,47,1284,550,0.855,1248,461,1320,638
167,48,224,909,0.841,174,808,274,1010
167,22,554,607,0.823,520,534,588,680
167,51,740,652,0.821,703,551,778,753
167,5,1095,359,0.806,1063,287,1126,430
167,46,1843,530,0.799,1799,444,1886,616
167,42,1056,517,0.798,1032,439,1080,596
167,24,1186,413,0.786,1152,343,1221,483
167,44,940,239,0.76,913,169,967,309
167,31,1585,258,0.752,1554,185,1615,330
167,2,705,181,0.709,679,112,730,251
167,6,1193,183,0.697,1168,125,1219,240
167,17,369,538,0.636,337,462,400,613
167,16,96,166,0.627,73,106,119,227
167,59,25,665,0.601,0,596,50,733
167,58,1837,182,0.547,1811,119,1862,246
167,56,1769,303,0.5,1734,226,1805,380
167,23,973,505,0.491,940,428,1007,582
167,29,418,562,0.456,385,482,451,642
167,53,479,549,0.451,450,484,507,615
167,25,1792,177,0.439,1766,120,1819,233
167,7,737,116,0.418,716,54,759,179
167,20,840,73,0.382,820,8,860,139
167,43,449,69,0.379,426,18,472,121
167,45,1403,89,0.334,1383,23,1423,155
167,18,884,65,0.331,864,2,903,128
167,57,237,84,0.313,209,25,265,143
168,9,956,662,0.906,916,569,996,755
168,13,566,792,0.886,524,703,608,881
168,5,1093,355,0.845,1061,281,1125,429
168,47,1284,547,0.841,1248,457,1320,636
168,51,741,647,0.84,703,544,779,751
168,48,223,926,0.812,177,818,269,1035
168,42,1058,514,0.78,1035,436,1081,592
168,24,1186,421,0.743,1151,350,1221,492
168,22,553,619,0.731,519,541,587,698
168,46,1845,541,0.72,1803,451,1888,632
168,31,1582,254,0.71,1553,182,1612,327
168,2,704,178,0.689,679,109,729,247
168,6,1193,178,0.688,1168,120,1218,236
168,44,940,245,0.681,913,173,967,317
168,59,25,659,0.641,0,582,51,737
168,17,369,538,0.619,337,463,401,613
168,16,96,167,0.588,74,107,118,227
168,56,1771,303,0.558,1736,227,1807,378
168,58,1840,183,0.527,1817,120,1864,246
168,43,459,71,0.513,430,21,489,122
168,57,238,85,0.486,208,25,267,145
168,23,967,512,0.44,930,433,1004,590
168,7,737,113,0.425,716,51,758,174
168,25,1796,181,0.388,1768,121,1824,241
168,53,479,550,0.386,450,484,507,616
168,29,417,562,0.371,386,482,448,641
168,20,839,73,0.35,819,7,859,138
168,18,883,65,0.323,864,1,902,129
169,9,956,666,0.894,916,572,996,759
169,13,566,793,0.886,524,704,608,882
169,51,742,644,0.853,703,540,781,747
169,47,1283,543,0.849,1247,453,1319,632
169,48,224,932,0.846,177,824,271,1040
169,5,1093,354,0.84,1061,280,1125,429
169,24,1186,423,0.758,1151,353,1221,492
169,6,1193,177,0.74,1167,120,1218,234
169,46,1845,550,0.737,1801,456,1889,643
169,31,1583,254,0.727,1553,181,1613,327
169,42,1058,511,0.719,1034,433,1081,589
169,59,26,658,0.698,0,580,51,736
169,2,703,177,0.694,678,107,729,247
169,44,939,248,0.674,912,175,966,320
169,22,552,624,0.669,519,544,586,704
169,56,1771,303,0.651,1736,228,1806,377
169,17,369,538,0.583,337,463,401,613
169,16,96,168,0.564,74,108,118,228
169,43,462,71,0.523,432,20,492,122
169,58,1841,182,0.51,1818,120,1865,245
169,7,736,110,0.458,714,48,758,172
169,25,1791,184,0.417,1768,129,1815,238
169,57,238,87,0.412,207,26,268,149
169,23,968,515,0.403,930,436,1006,594
169,20,840,72,0.359,819,7,860,138
169,29,416,562,0.351,386,483,446,642
169,18,884,65,0.325,864,2,903,129
169,45,1403,89,0.317,1383,23,1422,156
170,13,567,794,0.893,523,706,610,882
170,51,743,639,0.863,703,536,782,742
170,9,957,669,0.853,918,577,997,761
170,47,1283,537,0.851,1247,448,1319,626
170,48,228,936,0.848,178,830,278,1042
170,5,1093,354,0.806,1061,279,1125,429
170,46,1846,554,0.761,1802,460,1890,647
170,31,1582,253,0.753,1552,179,1612,327
170,24,1188,424,0.738,1154,354,1222,494
170,42,1059,509,0.725,1035,431,1082,587
170,2,703,175,0.721,677,106,729,244
170,59,26,659,0.685,0,581,52,737
170,44,938,250,0.677,911,178,966,321
170,22,553,627,0.673,519,547,586,707
170,6,1192,176,0.671,1167,119,1218,233
170,56,1772,303,0.644,1737,232,1807,375
170,16,95,168,0.618,73,108,117,228
170,17,368,538,0.558,337,463,399,613
170,7,736,107,0.534,713,46,759,169
170,58,1843,183,0.502,1820,121,1866,245
170,23,968,516,0.487,930,438,1007,595
170,43,465,72,0.465,435,22,494,122
170,25,1792,184,0.447,1768,127,1816,241
170,57,237,89,0.391,207,28,267,150
170,29,417,562,0.391,383,481,452,643
170,20,839,71,0.347,819,6,860,136
170,53,478,550,0.315,449,484,507,617
171,13,567,796,0.885,523,709,611,883
171,48,232,942,0.869,180,836,284,1047
171,51,744,634,0.856,703,533,784,735
171,9,958,673,0.844,919,580,997,765
171,47,1283,534,0.826,1247,445,1319,622
171,5,1092,353,0.809,1060,277,1125,429
171,31,1581,252,0.79,1551,178,1611,326
171,24,1189,425,0.759,1156,356,1222,494
171,46,1847,555,0.756,1802,461,1892,648
171,42,1060,504,0.745,1035,426,1084,583
171,2,703,173,0.741,677,105,728,241
171,44,937,251,0.709,909,180,965,323
171,6,1192,176,0.684,1166,118,1217,234
171,22,553,631,0.65,520,551,587,711
171,59,27,660,0.646,0,582,54,737
171,16,95,169,0.568,73,109,117,228
171,7,736,106,0.554,712,44,759,169
171,56,1773,310,0.523,1738,236,1808,383
171,17,365,537,0.515,337,461,394,613
171,58,1843,185,0.49,1821,123,1866,246
171,43,466,72,0.478,437,22,496,122
171,25,1798,187,0.455,1768,126,1829,247
171,23,968,517,0.414,930,438,1007,596
171,57,237,90,0.406,207,29,267,152
171,29,415,562,0.388,385,483,444,642
171,20,839,70,0.375,819,5,860,135
171,18,884,65,0.321,864,1,903,130
171,45,1402,90,0.314,1383,23,1422,156
172,48,233,948,0.876,181,840,284,1055
172,13,567,796,0.87,521,710,613,882
172,9,959,677,0.857,920,585,998,769
172,47,1283,525,0.848,1246,439,1320,610
172,51,744,627,0.835,703,529,785,726
172,5,1091,353,0.81,1059,275,1124,430
172,46,1848,559,0.81,1803,465,1893,653
172,24,1190,425,0.782,1159,357,1222,494
172,22,551,634,0.778,518,555,584,713
172,42,1060,499,0.767,1036,425,1084,574
172,31,1580,252,0.762,1549,178,1611,327
172,59,27,660,0.736,0,582,54,738
172,2,703,173,0.733,677,104,729,243
172,44,936,253,0.682,908,181,964,324
172,6,1191,176,0.641,1166,118,1216,234
172,7,738,104,0.617,712,42,764,166
172,29,414,563,0.562,384,484,444,642
172,17,364,537,0.55,336,461,391,613
172,16,95,169,0.53,73,110,117,228
172,43,468,71,0.477,439,21,497,122
172,25,1793,186,0.473,1768,128,1818,244
172,58,1844,183,0.463,1822,125,1866,240
172,53,477,550,0.45,449,483,506,616
172,23,971,519,0.434,933,441,1008,597
172,57,238,92,0.429,207,30,269,154
172,20,839,69,0.416,818,4,860,134
172,56,1773,306,0.409,1737,236,1809,377
172,18,884,65,0.344,864,1,903,130
172,45,1402,90,0.306,1383,23,1421,156
173,13,568,806,0.883,520,717,615,894
173,9,961,680,0.873,921,590,1001,771
173,47,1281,513,0.853,1243,432,1319,593
173,51,743,614,0.851,701,521,785,706
173,48,233,953,0.85,182,846,283,1059
173,46,1848,570,0.826,1802,473,1895,666
173,5,1090,352,0.82,1058,273,1122,430
173,22,550,640,0.805,516,559,584,720
173,42,1062,487,0.803,1036,415,1087,559
173,31,1579,251,0.791,1548,176,1609,327
173,24,1192,426,0.763,1162,360,1222,493
173,44,933,254,0.757,905,182,962,326
173,23,978,521,0.718,945,443,1011,599
173,2,702,172,0.689,675,102,729,242
173,6,1191,174,0.659,1166,116,1217,233
173,59,27,671,0.635,0,588,55,754
173,16,93,169,0.598,70,109,117,228
173,7,740,102,0.589,713,41,767,162
173,29,417,562,0.583,384,483,450,641
173,17,366,537,0.578,336,462,395,612
173,58,1845,186,0.569,1822,126,1868,247
173,25,1795,189,0.532,1765,128,1824,250
173,53,477,550,0.426,448,483,506,616
173,43,470,70,0.406,442,19,497,121
173,57,236,94,0.398,205,32,266,156
173,20,839,66,0.385,818,3,860,129
173,56,1775,309,0.362,1738,235,1811,383
173,45,1401,90,0.313,1382,23,1420,156
173,18,883,64,0.303,864,1,902,128
174,9,963,680,0.893,922,589,1003,772
174,48,234,955,0.864,183,851,285,1060
174,13,568,816,0.86,521,724,616,908
174,47,1282,509,0.851,1245,429,1319,588
174,51,743,609,0.848,701,520,786,699
174,22,549,642,0.82,514,560,584,724
174,5,1090,351,0.801,1058,271,1122,430
174,42,1061,483,0.78,1036,412,1087,554
174,44,933,255,0.773,904,183,961,326
174,24,1193,427,0.767,1163,363,1222,492
174,46,1850,574,0.764,1803,479,1897,669
174,31,1578,249,0.747,1548,174,1609,324
174,2,703,166,0.702,676,100,729,231
174,23,978,526,0.699,945,446,1011,606
174,6,1191,173,0.676,1166,114,1217,233
174,59,26,674,0.646,0,590,53,759
174,58,1846,186,0.603,1823,127,1869,246
174,7,740,100,0.584,713,41,767,160
174,17,366,537,0.574,337,462,395,613
174,29,416,562,0.562,384,483,447,642
174,16,94,169,0.523,71,110,117,228
174,25,1797,190,0.491,1768,129,1826,251
174,57,236,96,0.468,205,35,268,157
174,20,839,66,0.392,818,3,860,128
174,53,477,549,0.374,448,483,506,616
174,43,471,70,0.346,445,19,498,120
174,45,1402,90,0.346,1383,23,1421,156
174,18,883,64,0.316,864,1,902,127
174,56,1776,311,0.306,1739,235,1813,388
175,9,963,681,0.886,922,592,1003,771
175,13,569,821,0.866,521,728,616,915
175,48,235,958,0.851,186,855,285,1060
175,47,1282,506,0.838,1246,426,1318,587
175,51,742,606,0.836,699,516,785,697
175,5,1089,347,0.819,1058,268,1120,426
175,24,1193,432,0.811,1163,367,1222,498
175,22,549,643,0.801,514,562,584,724
175,42,1061,481,0.79,1036,409,1087,553
175,44,933,255,0.79,905,183,960,326
175,31,1578,247,0.779,1548,172,1608,322
175,2,702,163,0.737,677,99,728,228
175,6,1191,172,0.669,1166,113,1217,232
175,58,1847,188,0.666,1824,128,1869,248
175,23,976,531,0.631,940,449,1011,612
175,25,1797,190,0.595,1767,129,1826,251
175,7,741,101,0.576,714,41,768,161
175,46,1851,577,0.571,1808,484,1895,670
175,17,366,538,0.558,336,462,395,613
175,29,416,562,0.554,384,483,448,642
175,59,30,681,0.522,0,594,59,768
175,43,475,69,0.484,451,18,500,121
175,16,94,169,0.476,71,111,117,228
175,57,234,97,0.455,203,35,265,159
175,20,839,64,0.423,818,2,859,127
175,56,1777,312,0.421,1739,239,1814,386
175,45,1402,90,0.385,1382,23,1421,156
175,18,882,64,0.356,864,1,901,127
176,9,964,683,0.889,923,593,1005,772
176,13,569,826,0.858,521,733,617,919
176,48,236,959,0.855,186,858,286,1060
176,51,742,604,0.834,701,514,783,695
176,5,1089,345,0.818,1058,267,1119,422
176,42,1061,480,0.801,1035,407,1087,553
176,47,1282,506,0.792,1246,424,1318,588
176,22,549,643,0.789,515,564,584,722
176,44,933,255,0.783,905,184,961,326
176,31,1577,246,0.764,1547,171,1607,322
176,24,1193,437,0.743,1163,370,1223,505
176,23,977,539,0.739,943,453,1012,624
176,2,702,165,0.735,677,97,727,233
176,58,1847,189,0.717,1823,129,1871,249
176,6,1193,172,0.71,1167,112,1219,231
176,25,1797,191,0.614,1770,131,1825,251
176,29,417,561,0.586,384,480,450,642
176,46,1858,579,0.578,1815,485,1901,674
176,7,741,100,0.553,715,40,768,160
176,17,366,538,0.545,336,462,396,613
176,16,93,169,0.534,70,111,117,228
176,59,32,685,0.521,0,599,63,771
176,43,477,69,0.503,455,18,499,120
176,56,1777,314,0.468,1741,238,1814,389
176,20,838,62,0.425,817,2,860,123
176,57,236,98,0.415,204,36,268,161
176,45,1402,90,0.386,1383,24,1420,156
176,18,882,63,0.353,863,0,901,126
177,9,964,683,0.893,923,595,1006,770
177,13,570,832,0.859,522,738,618,926
177,48,237,960,0.855,188,861,286,1059
177,51,741,603,0.838,701,511,782,694
177,44,932,256,0.804,905,186,960,326
177,22,549,644,0.791,514,566,584,723
177,42,1060,480,0.788,1033,406,1087,553
177,5,1088,341,0.782,1057,265,1119,417
177,31,1577,244,0.777,1547,169,1607,320
177,47,1283,502,0.768,1248,422,1318,583
177,23,977,543,0.759,940,456,1013,629
177,2,703,164,0.733,678,94,728,234
177,58,1849,192,0.728,1826,131,1872,253
177,6,1192,171,0.716,1166,111,1219,231
177,24,1193,442,0.71,1163,373,1223,510
177,46,1863,581,0.692,1823,489,1903,673
177,59,33,688,0.62,0,603,66,773
177,25,1799,192,0.602,1772,131,1825,253
177,7,742,98,0.6,716,38,768,159
177,29,417,561,0.591,384,481,450,642
177,16,93,170,0.559,70,111,117,229
177,17,365,538,0.541,336,463,395,613
177,56,1779,319,0.517,1742,246,1816,391
177,43,478,69,0.484,461,17,495,120
177,20,839,62,0.47,817,1,860,122
177,45,1402,90,0.411,1383,24,1420,156
177,18,882,62,0.387,863,0,901,124
177,57,236,99,0.385,204,37,268,162
177,53,477,550,0.36,449,482,506,617
178,48,238,964,0.867,189,869,287,1060
178,9,965,686,0.861,923,599,1007,772
178,13,571,838,0.856,523,744,620,933
178,31,1577,237,0.812,1547,165,1607,309
178,51,737,601,0.809,701,508,773,693
178,44,930,261,0.809,902,190,958,332
178,5,1089,331,0.804,1058,258,1120,404
178,42,1059,478,0.801,1032,402,1087,553
178,47,1282,503,0.798,1248,418,1317,589
178,24,1195,449,0.797,1166,381,1223,518
178,22,548,646,0.768,511,571,585,721
178,58,1851,195,0.744,1826,133,1875,257
178,46,1859,583,0.742,1814,493,1904,674
178,6,1193,167,0.74,1167,108,1220,226
178,59,35,696,0.72,0,611,71,781
178,2,703,158,0.683,679,89,727,227
178,23,980,548,0.674,945,463,1016,633
178,16,92,170,0.665,68,111,116,229
178,29,417,562,0.626,384,482,450,642
178,25,1800,193,0.617,1775,134,1825,253
178,56,1781,322,0.571,1743,247,1818,398
178,7,743,95,0.548,717,35,769,156
178,17,363,537,0.548,336,461,390,613
178,20,838,61,0.501,817,0,860,121
178,43,484,70,0.495,467,19,501,121
178,53,478,549,0.463,450,483,506,616
178,45,1402,90,0.437,1383,23,1420,156
178,18,883,60,0.413,864,0,901,121
178,57,235,102,0.323,203,40,267,164
179,9,965,691,0.869,923,600,1008,782
179,48,241,967,0.864,192,872,290,1061
179,13,572,840,0.861,523,748,621,933
179,5,1088,328,0.834,1057,254,1119,401
179,31,1577,233,0.808,1547,162,1607,304
179,44,930,264,0.805,901,192,958,337
179,51,737,599,0.798,702,505,772,694
179,47,1283,502,0.789,1249,415,1317,589
179,42,1059,476,0.787,1031,400,1086,553
179,22,548,648,0.773,510,574,585,722
179,24,1196,453,0.769,1167,383,1225,523
179,46,1862,583,0.754,1818,494,1906,672
179,59,37,697,0.749,0,614,74,780
179,58,1851,195,0.726,1826,133,1876,257
179,6,1193,163,0.717,1166,106,1220,221
179,2,704,156,0.692,680,87,729,224
179,16,92,171,0.682,68,112,117,230
179,25,1802,194,0.651,1777,134,1826,253
179,23,981,554,0.639,945,467,1017,640
179,43,487,68,0.623,470,18,504,119
179,29,416,562,0.612,384,482,449,642
179,7,743,93,0.601,717,34,770,153
179,56,1781,326,0.568,1744,248,1819,404
179,17,363,537,0.559,336,461,390,613
179,20,839,60,0.555,817,0,860,121
179,18,883,59,0.495,864,0,901,118
179,53,478,549,0.469,450,483,506,615
179,45,1402,90,0.46,1383,23,1420,156
179,57,234,102,0.346,203,40,266,164
180,48,247,976,0.87,192,877,302,1076
180,13,573,842,0.862,524,750,622,933
180,9,965,699,0.859,922,606,1008,792
180,5,1089,324,0.832,1057,253,1121,396
180,31,1577,231,0.801,1548,160,1607,301
180,51,738,599,0.798,703,504,772,693
180,44,929,267,0.796,900,192,958,342
180,22,548,651,0.789,510,576,586,725
180,42,1058,476,0.789,1031,399,1085,552
180,24,1197,456,0.788,1169,386,1225,526
180,47,1283,499,0.773,1249,413,1317,584
180,46,1863,584,0.75,1819,497,1906,672
180,6,1193,161,0.707,1166,104,1220,217
180,2,704,153,0.704,680,86,729,221
180,16,92,172,0.699,67,112,117,231
180,23,980,556,0.694,943,471,1017,642
180,59,38,698,0.662,0,616,77,780
180,58,1852,196,0.657,1826,134,1878,258
180,29,417,562,0.61,384,483,449,642
180,7,744,92,0.608,718,31,770,153
180,56,1783,329,0.565,1746,250,1819,409
180,17,363,537,0.562,336,461,390,613
180,25,1804,195,0.547,1780,137,1827,254
180,20,839,60,0.533,818,0,860,120
180,18,883,58,0.497,864,0,901,116
180,53,478,549,0.484,450,483,506,615
180,45,1402,90,0.461,1383,24,1420,156
180,43,493,68,0.45,472,18,514,119
180,57,234,103,0.321,201,40,266,165
181,9,965,708,0.879,922,615,1008,800
181,13,575,843,0.861,526,754,624,932
181,48,252,979,0.846,194,881,310,1077
181,5,1089,322,0.82,1057,251,1120,393
181,51,738,598,0.803,705,502,771,693
181,22,546,657,0.795,506,580,585,735
181,44,929,271,0.793,899,196,958,346
181,31,1578,229,0.787,1549,159,1606,300
181,42,1058,475,0.785,1033,397,1084,553
181,47,1284,494,0.781,1252,408,1317,579
181,59,40,699,0.775,0,617,80,780
181,46,1864,586,0.766,1820,500,1908,673
181,24,1197,458,0.761,1169,388,1226,527
181,2,704,152,0.726,680,85,728,219
181,23,981,558,0.72,943,473,1020,643
181,16,91,171,0.674,65,110,117,233
181,6,1193,158,0.67,1166,102,1221,214
181,56,1783,332,0.652,1747,253,1820,412
181,58,1853,198,0.648,1827,136,1879,260
181,29,417,562,0.607,384,482,449,642
181,7,744,89,0.592,719,29,769,150
181,17,363,537,0.561,336,461,390,613
181,20,840,59,0.547,819,0,860,119
181,25,1805,197,0.542,1783,138,1826,256
181,53,478,549,0.525,449,483,506,614
181,18,883,57,0.516,864,0,902,114
181,43,497,68,0.476,474,17,520,120
181,45,1401,90,0.451,1383,23,1420,156
182,13,575,845,0.871,526,757,624,933
182,9,966,711,0.87,922,618,1009,805
182,48,253,982,0.841,196,887,311,1077
182,5,1089,320,0.823,1057,250,1120,390
182,47,1285,490,0.806,1253,405,1317,574
182,46,1866,595,0.804,1821,504,1910,686
182,42,1059,471,0.796,1032,394,1086,547
182,31,1577,228,0.788,1549,157,1606,300
182,44,929,272,0.788,899,198,958,346
182,24,1198,458,0.786,1170,390,1227,526
182,51,734,596,0.786,699,498,770,694
182,22,545,663,0.775,505,581,585,745
182,59,42,699,0.766,0,618,84,780
182,2,704,150,0.755,680,82,728,218
182,23,982,564,0.705,943,475,1021,653
182,6,1195,156,0.673,1169,101,1222,211
182,16,91,171,0.666,65,109,117,233
182,58,1853,200,0.649,1828,136,1879,264
182,7,744,87,0.594,719,27,768,148
182,25,1806,197,0.592,1783,138,1829,256
182,20,839,59,0.576,819,0,860,118
182,56,1783,335,0.567,1747,253,1820,416
182,17,363,537,0.552,336,461,390,613
182,29,417,562,0.536,385,482,449,642
182,18,883,57,0.531,864,0,902,114
182,43,503,69,0.497,477,18,529,120
182,53,477,548,0.491,448,482,506,614
182,45,1402,90,0.449,1383,23,1420,156
183,13,576,847,0.872,526,763,626,932
183,9,965,721,0.869,920,627,1011,814
183,47,1284,478,0.85,1250,397,1318,560
183,48,256,988,0.829,200,898,312,1077
183,44,929,277,0.823,899,203,959,351
183,5,1089,318,0.807,1057,246,1121,390
183,46,1868,609,0.798,1823,515,1913,703
183,51,734,589,0.791,700,492,768,686
183,42,1058,463,0.783,1032,388,1084,538
183,24,1199,459,0.769,1169,394,1230,524
183,22,543,673,0.753,503,588,584,758
183,31,1576,226,0.751,1546,153,1605,299
183,59,42,700,0.741,0,621,84,780
183,2,705,149,0.713,680,80,729,218
183,16,91,172,0.68,65,111,118,234
183,23,984,571,0.658,947,481,1022,661
183,58,1855,201,0.657,1828,137,1882,265
183,6,1197,156,0.625,1171,101,1223,210
183,25,1807,197,0.574,1783,138,1832,256
183,7,742,83,0.553,719,22,765,145
183,20,840,58,0.549,820,0,861,117
183,56,1784,336,0.525,1748,257,1821,415
183,29,417,562,0.524,385,482,450,641
183,18,883,55,0.523,864,0,902,111
183,17,363,537,0.514,336,461,391,613
183,43,507,69,0.436,477,18,537,119
183,60,1021,41,0.418,1003,0,1039,82
183,45,1401,90,0.415,1382,23,1421,156
183,53,477,548,0.32,449,482,506,613
184,9,964,725,0.872,920,630,1009,820
184,13,576,850,0.871,526,766,625,934
184,47,1283,471,0.834,1247,392,1319,550
184,59,44,701,0.825,0,624,89,779
184,44,928,279,0.825,899,205,958,353
184,5,1089,317,0.815,1058,244,1120,390
184,42,1058,459,0.779,1031,384,1086,533
184,24,1200,461,0.774,1168,395,1231,526
184,51,733,587,0.762,700,489,767,684
184,46,1871,613,0.754,1824,518,1919,708
184,23,982,571,0.747,941,482,1023,660
184,48,255,991,0.74,202,905,308,1078
184,22,543,677,0.724,503,593,583,761
184,31,1575,225,0.72,1545,152,1605,299
184,2,705,149,0.709,680,80,730,219
184,58,1856,201,0.685,1829,137,1884,266
184,16,91,173,0.678,64,112,118,235
184,6,1199,155,0.649,1174,100,1223,210
184,20,840,58,0.601,820,0,860,117
184,7,741,83,0.578,719,20,763,145
184,18,883,56,0.572,864,0,903,112
184,56,1784,338,0.562,1748,258,1821,417
184,29,418,562,0.559,385,482,451,641
184,25,1807,197,0.556,1782,138,1833,256
184,17,363,537,0.527,336,461,391,613
184,43,508,69,0.526,479,18,537,119
184,57,232,103,0.449,201,42,263,165
184,60,1021,42,0.435,1003,0,1039,84
184,45,1402,90,0.413,1383,23,1421,156
184,53,477,548,0.376,448,481,506,614
185,13,576,858,0.872,526,770,625,946
185,9,964,727,0.865,920,632,1008,821
185,44,928,280,0.832,899,205,958,355
185,59,47,704,0.826,0,626,95,782
185,47,1284,467,0.825,1248,388,1319,546
185,5,1090,316,0.817,1058,243,1121,389
185,42,1056,454,0.8,1029,381,1083,527
185,51,733,584,0.775,700,488,766,679
185,24,1199,463,0.768,1167,397,1231,528
185,46,1870,618,0.767,1823,522,1917,715
185,22,542,681,0.747,502,597,583,765
185,31,1575,225,0.72,1546,151,1605,299
185,2,704,149,0.69,680,79,728,219
185,58,1858,202,0.682,1831,137,1885,266
185,48,256,995,0.679,208,911,304,1078
185,23,984,572,0.651,942,485,1025,660
185,20,840,58,0.649,820,0,860,117
185,16,90,174,0.646,64,112,117,235
185,6,1199,155,0.642,1175,99,1223,210
185,18,884,55,0.599,865,0,903,111
185,7,741,81,0.572,719,18,763,145
185,25,1808,199,0.563,1782,139,1834,259
185,29,418,562,0.543,385,483,450,641
185,56,1784,341,0.533,1748,260,1820,421
185,43,511,70,0.53,481,20,541,121
185,17,363,537,0.528,336,461,390,613
185,60,1021,43,0.441,1003,0,1039,86
185,45,1402,90,0.423,1383,23,1420,156
185,53,477,548,0.331,448,482,506,615
186,9,964,729,0.889,919,636,1009,822
186,13,574,866,0.866,525,773,622,959
186,47,1283,465,0.835,1248,386,1319,544
186,44,929,281,0.83,899,206,959,356
186,42,1056,447,0.81,1031,378,1082,517
186,51,731,578,0.807,696,485,765,671
186,46,1870,620,0.792,1825,523,1915,718
186,24,1198,467,0.782,1165,400,1231,535
186,5,1090,316,0.771,1059,242,1121,389
186,59,50,711,0.763,1,629,99,793
186,48,257,997,0.758,208,916,306,1078
186,16,90,174,0.715,62,112,117,236
186,2,705,148,0.712,680,78,730,218
186,22,541,685,0.702,500,601,582,768
186,31,1573,226,0.701,1544,151,1603,300
186,58,1859,202,0.681,1830,138,1887,267
186,20,840,58,0.661,820,0,860,117
186,6,1200,154,0.657,1176,97,1223,210
186,7,740,82,0.638,719,21,762,144
186,56,1784,342,0.634,1747,261,1821,423
186,23,987,573,0.622,948,486,1027,659
186,18,884,55,0.605,865,0,903,110
186,25,1808,200,0.601,1782,140,1834,260
186,43,513,70,0.564,485,20,541,121
186,29,417,563,0.561,385,484,449,641
186,17,363,537,0.557,336,461,390,613
186,45,1401,89,0.438,1382,23,1420,156
186,60,1021,43,0.426,1003,0,1039,87
186,57,232,108,0.385,200,45,264,171
186,53,477,549,0.333,448,483,507,615
187,9,964,730,0.898,920,638,1007,822
187,13,573,874,0.863,524,777,622,970
187,47,1283,464,0.845,1248,383,1318,544
187,44,930,282,0.834,900,208,959,356
187,24,1198,472,0.826,1164,402,1232,542
187,48,260,999,0.797,212,920,307,1078
187,46,1869,627,0.794,1824,530,1915,724
187,51,731,571,0.784,698,479,763,663
187,42,1057,445,0.776,1032,375,1082,515
187,59,53,717,0.774,2,633,105,801
187,5,1090,315,0.754,1060,240,1120,390
187,16,89,175,0.722,60,113,117,236
187,22,541,687,0.699,501,604,581,770
187,2,704,147,0.698,680,77,728,218
187,23,989,573,0.698,951,486,1027,659
187,31,1573,225,0.674,1543,151,1602,299
187,58,1861,203,0.644,1834,139,1888,267
187,6,1200,153,0.644,1176,96,1224,209
187,20,840,58,0.642,820,0,861,117
187,7,740,83,0.624,718,21,761,145
187,43,514,69,0.585,487,19,541,120
187,25,1809,202,0.576,1782,141,1835,262
187,18,885,55,0.568,866,0,904,110
187,57,231,109,0.567,199,46,264,172
187,17,363,537,0.539,336,461,390,613
187,29,417,563,0.532,385,484,449,641
187,56,1785,343,0.514,1747,264,1822,423
187,45,1401,89,0.412,1382,23,1420,156
187,60,1021,44,0.395,1003,0,1040,88
187,53,478,548,0.363,449,482,506,614
188,13,570,883,0.879,521,785,618,981
188,9,962,734,0.869,919,644,1006,823
188,47,1283,461,0.825,1249,379,1317,544
188,48,261,1002,0.821,214,926,308,1078
188,44,931,283,0.814,901,210,961,356
188,24,1197,483,0.791,1160,411,1233,554
188,22,539,690,0.771,499,608,579,772
188,42,1057,441,0.769,1035,370,1080,512
188,46,1871,633,0.762,1824,536,1917,730
188,51,731,558,0.759,698,470,763,646
188,5,1091,312,0.756,1062,238,1121,387
188,16,87,175,0.707,58,113,117,237
188,2,705,143,0.706,680,73,730,214
188,59,58,726,0.659,5,640,110,811
188,31,1571,220,0.646,1542,147,1599,293
188,20,841,58,0.644,821,0,861,117
188,6,1201,151,0.628,1177,95,1225,207
188,7,739,82,0.607,719,20,760,144
188,58,1863,205,0.606,1834,142,1892,268
188,23,991,577,0.599,954,491,1028,662
188,18,885,55,0.594,866,0,905,110
188,43,518,68,0.59,495,18,541,119
188,17,362,537,0.562,335,461,388,613
188,25,1810,205,0.559,1782,143,1838,266
188,57,231,112,0.554,199,48,263,177
188,29,418,562,0.543,385,483,451,641
188,45,1401,89,0.485,1382,23,1420,156
188,60,1022,43,0.461,1003,0,1040,87
188,53,477,549,0.408,448,483,506,614
188,56,1785,346,0.302,1748,269,1822,423
189,13,568,887,0.875,519,789,616,984
189,9,962,736,0.868,919,648,1005,824
189,44,931,283,0.829,901,210,961,355
189,48,262,1004,0.822,214,929,310,1079
189,47,1283,460,0.817,1249,377,1317,543
189,24,1196,487,0.805,1159,415,1234,559
189,46,1871,635,0.789,1824,540,1918,731
189,5,1092,308,0.779,1063,235,1122,381
189,51,731,555,0.773,698,468,765,642
189,22,538,691,0.77,499,611,576,771
189,42,1057,441,0.759,1035,369,1080,513
189,16,86,176,0.719,56,114,117,237
189,59,61,729,0.71,11,643,111,815
189,2,704,142,0.7,679,71,728,212
189,31,1570,218,0.662,1542,144,1598,293
189,20,842,58,0.639,822,0,861,116
189,23,985,581,0.621,944,490,1026,671
189,6,1202,149,0.611,1178,92,1227,207
189,7,739,81,0.602,718,20,759,142
189,18,885,55,0.587,866,0,905,110
189,58,1863,204,0.585,1835,142,1892,266
189,57,231,113,0.583,199,48,262,178
189,43,520,68,0.576,499,17,541,119
189,29,417,562,0.567,384,482,450,642
189,17,361,537,0.551,335,461,387,613
189,25,1810,205,0.526,1782,144,1838,267
189,60,1021,43,0.489,1003,0,1040,87
189,45,1401,89,0.487,1382,23,1420,156
189,56,1785,344,0.425,1747,267,1822,421
189,53,477,549,0.404,448,484,506,614
190,9,962,738,0.869,920,652,1005,823
190,13,567,892,0.867,518,795,615,990
190,44,931,285,0.83,901,213,961,356
190,24,1197,490,0.818,1160,418,1234,561
190,48,265,1006,0.815,216,933,314,1078
190,22,538,693,0.804,500,614,576,772
190,47,1283,459,0.797,1250,376,1316,543
190,46,1873,636,0.791,1827,542,1919,731
190,5,1093,305,0.783,1064,233,1123,376
190,51,731,552,0.768,697,464,766,640
190,42,1057,441,0.768,1035,368,1079,514
190,59,64,733,0.764,15,647,114,819
190,57,231,116,0.698,201,51,262,180
190,16,86,176,0.692,56,115,117,237
190,2,704,138,0.68,679,68,728,207
190,31,1569,217,0.633,1540,143,1597,291
190,61,810,1051,0.622,772,1024,848,1078
190,6,1203,148,0.607,1179,91,1228,205
190,20,842,58,0.599,822,0,862,116
190,23,991,587,0.592,951,498,1030,675
190,7,738,81,0.58,717,19,759,142
190,29,418,561,0.575,384,481,451,642
190,18,886,54,0.56,867,0,904,109
190,25,1810,205,0.558,1782,145,1839,265
190,43,520,68,0.557,503,17,537,119
190,58,1863,205,0.552,1834,144,1892,266
190,17,361,537,0.539,335,461,387,613
190,45,1401,89,0.488,1383,23,1420,156
190,56,1785,344,0.455,1748,268,1822,421
190,60,1022,43,0.451,1003,0,1040,87
190,53,477,549,0.385,448,483,506,614
191,13,565,896,0.87,516,798,613,994
191,9,962,740,0.839,920,655,1005,825
191,22,538,694,0.832,500,616,575,772
191,48,268,1008,0.829,216,937,320,1079
191,44,932,287,0.81,901,215,962,358
191,24,1196,491,0.808,1160,420,1232,562
191,47,1282,457,0.788,1249,372,1315,542
191,59,66,735,0.775,17,650,116,820
191,46,1874,638,0.772,1828,545,1919,731
191,51,731,552,0.77,697,462,766,641
191,42,1057,439,0.757,1035,366,1078,513
191,5,1094,300,0.75,1064,230,1124,370
191,61,807,1047,0.711,765,1017,850,1077
191,16,85,176,0.681,54,115,116,237
191,2,704,135,0.659,679,66,729,204
191,57,232,117,0.648,201,51,263,182
191,6,1205,145,0.636,1181,88,1230,201
191,31,1568,214,0.632,1540,142,1596,286
191,20,843,57,0.546,823,0,862,115
191,7,739,78,0.546,718,17,759,139
191,58,1864,206,0.536,1836,145,1893,267
191,29,417,562,0.527,385,481,450,642
191,17,361,537,0.517,335,461,387,613
191,56,1785,346,0.511,1748,270,1823,421
191,43,522,67,0.484,504,16,540,119
191,23,992,592,0.47,951,502,1032,682
191,18,886,52,0.469,868,0,904,105
191,45,1401,89,0.464,1382,23,1419,156
191,25,1812,207,0.456,1783,146,1842,268
191,60,1021,44,0.427,1003,0,1040,88
191,53,477,548,0.376,450,483,505,614
192,9,963,748,0.882,921,658,1005,837
192,13,564,898,0.873,515,801,612,996
192,48,269,1010,0.852,216,941,321,1079
192,24,1197,492,0.849,1162,422,1231,563
192,22,538,695,0.824,500,618,576,772
192,44,931,289,0.814,900,216,962,362
192,59,67,736,0.813,18,652,116,820
192,5,1094,297,0.793,1064,228,1124,366
192,47,1282,453,0.783,1249,369,1315,538
192,46,1875,639,0.78,1830,546,1919,731
192,51,731,550,0.734,696,460,766,641
192,42,1057,438,0.733,1035,365,1078,512
192,61,804,1045,0.723,759,1012,850,1079
192,57,232,118,0.703,201,53,263,184
192,2,704,131,0.689,679,65,728,198
192,31,1566,210,0.688,1539,139,1594,281
192,16,85,176,0.663,54,115,116,237
192,6,1207,142,0.653,1182,86,1232,198
192,43,524,68,0.585,506,17,542,118
192,58,1866,209,0.549,1838,147,1893,271
192,17,361,537,0.54,335,461,387,613
192,29,417,563,0.537,384,483,450,642
192,25,1814,210,0.512,1783,148,1845,272
192,23,992,600,0.502,950,505,1033,695
192,7,738,78,0.495,717,16,759,139
192,20,842,56,0.49,823,0,861,112
192,45,1401,89,0.489,1383,23,1419,156
192,56,1786,347,0.479,1748,272,1824,423
192,53,478,548,0.427,450,483,505,614
192,18,887,53,0.415,869,0,905,106
192,60,1021,43,0.384,1004,0,1039,87
193,9,964,764,0.878,922,666,1005,862
193,13,562,903,0.864,513,809,610,996
193,24,1199,493,0.831,1166,425,1232,562
193,59,69,738,0.81,21,656,118,820
193,5,1094,292,0.807,1063,223,1125,361
193,22,536,699,0.796,500,623,573,775
193,48,269,1015,0.794,216,951,322,1078
193,46,1876,641,0.792,1835,551,1918,730
193,61,804,1039,0.789,758,998,851,1079
193,44,931,297,0.782,901,221,961,373
193,47,1279,448,0.771,1246,364,1312,532
193,51,732,547,0.769,696,454,767,640
193,42,1056,435,0.752,1035,361,1078,508
193,2,704,128,0.75,679,62,728,194
193,23,993,606,0.69,951,512,1036,700
193,16,84,177,0.684,53,116,115,237
193,31,1565,206,0.669,1537,137,1593,275
193,56,1786,352,0.668,1749,275,1824,429
193,6,1207,140,0.666,1182,85,1232,195
193,57,233,119,0.649,202,54,263,184
193,58,1867,214,0.618,1839,150,1895,277
193,7,738,72,0.608,717,12,758,131
193,25,1816,210,0.592,1785,149,1846,270
193,29,417,563,0.583,384,484,451,642
193,17,361,537,0.581,335,461,387,613
193,53,477,549,0.51,448,483,506,615
193,43,531,68,0.496,510,17,553,118
193,20,842,54,0.485,823,0,861,108
193,45,1401,89,0.476,1382,23,1419,156
193,18,888,53,0.421,869,0,907,106
193,60,1021,45,0.395,1003,0,1039,90
194,13,561,903,0.876,513,811,609,996
194,9,964,768,0.836,922,672,1006,864
194,61,804,1036,0.831,758,993,850,1079
194,22,536,705,0.819,499,625,573,786
194,24,1201,494,0.813,1170,426,1233,562
194,46,1878,642,0.801,1837,554,1918,731
194,5,1094,291,0.796,1063,222,1126,361
194,48,271,1019,0.783,218,958,323,1079
194,51,732,546,0.777,696,452,767,640
194,44,932,301,0.771,902,223,962,379
194,59,71,739,0.77,23,659,119,820
194,47,1278,441,0.77,1244,359,1311,523
194,42,1057,433,0.754,1034,359,1079,507
194,2,704,128,0.731,679,61,729,194
194,23,994,611,0.722,953,515,1036,707
194,56,1786,355,0.681,1749,277,1823,433
194,6,1207,138,0.667,1182,83,1232,193
194,16,83,176,0.66,51,116,115,237
194,57,233,119,0.617,203,54,263,183
194,31,1564,204,0.606,1536,133,1592,274
194,58,1867,216,0.594,1839,153,1895,279
194,29,417,562,0.591,383,483,450,642
194,7,738,68,0.585,717,8,758,129
194,17,361,537,0.583,335,461,387,613
194,25,1816,210,0.569,1787,150,1846,271
194,53,477,549,0.541,448,482,506,615
194,20,842,53,0.483,823,0,861,106
194,43,536,67,0.477,513,16,559,118
194,45,1401,89,0.461,1382,23,1419,156
194,18,888,52,0.415,869,0,907,105
194,60,1021,46,0.39,1003,0,1039,92
195,13,561,906,0.873,513,815,610,996
195,22,535,711,0.847,498,629,573,793
195,9,965,770,0.833,923,675,1006,866
195,46,1880,648,0.827,1840,558,1919,737
195,24,1202,495,0.807,1172,428,1233,561
195,47,1277,431,0.8,1242,353,1311,509
195,51,732,544,0.791,696,450,767,639
195,5,1094,290,0.789,1063,219,1125,361
195,61,804,1033,0.78,756,988,851,1078
195,42,1056,429,0.772,1034,354,1078,503
195,44,932,304,0.761,903,226,961,382
195,48,272,1021,0.746,220,963,324,1080
195,2,704,127,0.733,679,59,729,194
195,56,1787,354,0.724,1750,280,1824,428
195,59,70,740,0.724,23,661,118,819
195,23,996,614,0.721,955,517,1037,711
195,16,81,176,0.657,51,116,110,236
195,6,1207,137,0.653,1183,82,1232,193
195,58,1867,218,0.641,1839,153,1894,283
195,31,1563,203,0.612,1534,133,1592,273
195,17,361,537,0.588,335,461,387,613
195,7,738,65,0.572,717,4,760,126
195,25,1819,210,0.567,1787,151,1850,269
195,29,415,563,0.561,383,484,447,642
195,43,542,68,0.525,514,17,569,119
195,57,233,118,0.52,203,55,263,182
195,53,477,549,0.52,448,483,506,615
195,45,1400,89,0.484,1382,23,1419,156
195,20,842,52,0.449,823,0,861,104
195,60,1021,47,0.439,1002,0,1039,94
195,18,889,51,0.393,870,0,908,103
196,13,563,906,0.863,514,817,612,996
196,22,535,717,0.855,497,635,573,798
196,9,967,777,0.841,925,680,1009,874
196,24,1203,498,0.821,1172,432,1234,564
196,47,1276,429,0.815,1241,350,1311,507
196,51,733,543,0.815,696,448,769,638
196,46,1878,654,0.806,1838,561,1918,747
196,42,1056,425,0.784,1034,351,1079,499
196,5,1094,288,0.782,1063,217,1125,360
196,61,804,1031,0.778,756,984,851,1079
196,44,931,306,0.778,902,228,959,385
196,23,996,616,0.755,956,519,1037,712
196,48,271,1025,0.744,219,970,324,1080
196,2,703,126,0.724,678,59,728,194
196,56,1788,354,0.686,1751,283,1824,425
196,16,80,176,0.661,51,116,108,237
196,59,73,747,0.649,24,664,121,829
196,6,1207,137,0.631,1182,82,1232,193
196,58,1867,220,0.618,1839,155,1895,284
196,31,1563,202,0.607,1534,131,1592,273
196,17,361,537,0.601,335,461,387,613
196,7,739,65,0.596,717,4,760,125
196,25,1819,211,0.593,1788,152,1850,270
196,29,415,563,0.565,383,484,447,642
196,53,476,549,0.538,446,483,506,615
196,43,546,70,0.533,517,19,576,120
196,45,1400,89,0.497,1382,23,1419,155
196,57,233,119,0.465,203,55,264,184
196,60,1021,48,0.456,1002,0,1040,96
196,20,842,51,0.442,823,0,862,103
196,18,890,51,0.429,870,0,910,102
197,9,967,783,0.878,925,685,1009,881
197,13,564,908,0.85,514,821,613,995
197,22,534,721,0.843,496,639,571,803
197,47,1276,425,0.842,1241,347,1311,503
197,51,733,542,0.812,696,445,770,638
197,24,1204,505,0.812,1173,435,1234,574
197,5,1095,289,0.802,1063,217,1126,362
197,46,1879,663,0.797,1840,562,1919,763
197,42,1056,420,0.786,1034,348,1079,492
197,44,929,307,0.782,901,229,958,386
197,61,803,1029,0.78,756,981,851,1078
197,23,998,618,0.763,957,523,1039,714
197,2,703,126,0.737,678,58,728,194
197,59,72,753,0.72,25,667,118,840
197,31,1561,202,0.704,1532,131,1591,273
197,48,273,1028,0.696,220,977,327,1079
197,56,1788,359,0.691,1751,285,1825,432
197,16,78,176,0.659,50,115,107,237
197,58,1867,221,0.654,1840,156,1895,285
197,6,1208,137,0.641,1182,81,1233,194
197,25,1819,212,0.636,1788,153,1850,272
197,7,739,64,0.615,717,4,762,123
197,17,361,537,0.602,335,461,386,612
197,53,478,549,0.564,449,483,506,615
197,43,549,69,0.56,520,19,577,119
197,45,1400,89,0.529,1382,23,1419,155
197,29,417,562,0.512,381,482,452,642
197,20,843,51,0.479,823,0,862,103
197,18,890,50,0.462,870,0,910,100
197,62,960,51,0.452,931,0,989,102
197,57,233,119,0.428,203,54,263,184
197,60,1020,49,0.381,1001,0,1039,99
198,9,970,787,0.871,927,689,1014,884
198,47,1274,419,0.869,1240,342,1309,496
198,13,565,919,0.839,514,828,616,1009
198,5,1095,289,0.832,1063,216,1126,362
198,61,803,1025,0.827,755,971,850,1078
198,22,534,730,0.826,497,646,571,814
198,51,734,536,0.821,697,439,772,632
198,24,1205,513,0.808,1174,441,1236,586
198,23,999,620,0.794,959,527,1039,713
198,46,1879,673,0.765,1839,574,1919,771
198,44,928,310,0.748,899,232,957,387
198,2,703,124,0.732,678,56,729,193
198,42,1056,411,0.718,1034,342,1079,480
198,59,76,765,0.709,27,677,125,854
198,58,1868,222,0.678,1841,158,1894,287
198,25,1824,215,0.656,1794,157,1853,273
198,31,1559,200,0.64,1529,128,1589,272
198,16,77,177,0.637,50,117,105,237
198,6,1208,136,0.611,1181,78,1235,193
198,17,361,537,0.607,335,461,386,613
198,7,741,62,0.606,717,3,765,122
198,43,551,70,0.568,523,20,579,120
198,53,475,548,0.554,446,479,505,616
198,45,1400,89,0.501,1382,23,1419,155
198,56,1790,361,0.47,1753,290,1826,431
198,62,960,51,0.469,932,0,987,103
198,18,891,49,0.453,870,0,911,99
198,20,842,51,0.452,822,0,862,102
198,57,234,119,0.443,203,56,264,182
198,29,418,562,0.433,382,482,454,642
198,60,1021,50,0.411,1002,0,1040,101
198,48,276,1035,0.372,224,991,328,1078
199,47,1274,418,0.868,1240,340,1308,496
199,13,565,928,0.855,514,832,616,1025
199,9,972,788,0.852,928,693,1016,883
199,61,804,1023,0.839,756,968,851,1079
199,24,1206,517,0.832,1174,445,1237,589
199,51,735,532,0.83,697,437,772,627
199,5,1094,289,0.825,1063,215,1125,363
199,59,80,770,0.778,30,681,130,860
199,22,534,732,0.778,496,648,571,816
199,23,999,620,0.771,959,529,1040,712
199,42,1056,410,0.759,1033,341,1079,478
199,44,928,310,0.756,899,234,957,387
199,46,1879,677,0.731,1839,578,1919,775
199,58,1868,222,0.715,1842,158,1895,287
199,2,703,123,0.701,678,54,729,191
199,16,76,178,0.68,50,119,103,237
199,31,1560,200,0.663,1529,127,1590,273
199,43,552,70,0.662,523,20,580,119
199,25,1824,217,0.65,1794,157,1854,276
199,17,361,537,0.625,335,461,387,613
199,6,1209,135,0.614,1182,78,1236,193
199,7,742,62,0.578,718,1,766,122
199,53,476,547,0.557,447,480,506,615
199,62,959,51,0.528,930,0,987,103
199,45,1400,89,0.527,1381,23,1419,156
199,60,1020,50,0.487,1001,0,1039,101
199,57,233,121,0.482,202,58,263,183
199,56,1790,361,0.442,1753,292,1826,430
199,20,842,51,0.442,822,0,862,102
199,18,891,49,0.437,870,0,912,98
199,29,416,561,0.422,379,481,452,641
199,48,272,1037,0.371,223,997,321,1078
200,13,565,936,0.861,514,836,617,1035
200,61,803,1020,0.861,756,962,851,1078
200,9,973,790,0.86,928,698,1018,882
200,47,1274,418,0.849,1240,338,1308,498
200,51,735,528,0.843,697,432,773,624
200,24,1207,519,0.837,1175,447,1238,592
200,5,1094,287,0.822,1063,211,1125,363
200,22,534,735,0.816,496,651,571,819
200,59,84,774,0.797,36,684,131,863
200,42,1055,408,0.786,1032,337,1078,478
200,44,928,311,0.745,898,235,957,386
200,46,1879,683,0.739,1839,583,1919,783
200,23,1001,622,0.73,961,532,1041,712
200,2,705,120,0.708,679,51,730,189
200,58,1869,223,0.694,1842,158,1896,288
200,31,1558,199,0.68,1528,126,1589,273
200,16,76,178,0.677,49,119,103,238
200,17,362,537,0.664,335,461,388,613
200,53,477,547,0.617,448,480,506,615
200,25,1825,219,0.612,1795,158,1855,280
200,6,1209,135,0.603,1181,77,1236,193
200,7,742,61,0.567,718,1,766,120
200,43,553,69,0.542,524,19,581,120
200,60,1020,50,0.519,1001,0,1038,101
200,62,959,52,0.494,931,0,987,104
200,45,1400,89,0.492,1381,23,1419,155
200,48,274,1040,0.477,228,1001,319,1079
200,20,842,51,0.443,822,0,862,102
200,56,1790,360,0.439,1753,292,1828,428
200,57,233,122,0.434,202,58,263,186
200,29,416,562,0.43,380,482,453,642
200,18,891,49,0.41,870,0,912,99
201,61,803,1018,0.867,758,958,849,1079
201,9,975,791,0.863,928,701,1021,882
201,47,1273,417,0.857,1240,337,1307,498
201,13,566,941,0.853,514,841,618,1042
201,51,735,521,0.835,697,429,773,614
201,5,1094,285,0.829,1064,210,1124,360
201,24,1208,525,0.824,1179,451,1238,599
201,22,534,738,0.817,496,654,571,821
201,59,86,779,0.802,38,689,135,868
201,42,1055,407,0.785,1032,336,1078,477
201,44,927,310,0.776,897,235,958,386
201,46,1879,688,0.743,1840,588,1919,788
201,2,705,119,0.729,680,50,730,188
201,23,1002,623,0.709,963,534,1041,711
201,58,1870,223,0.689,1844,159,1896,287
201,31,1556,198,0.682,1527,124,1586,273
201,17,362,537,0.68,335,462,388,613
201,16,74,179,0.67,48,119,100,238
201,53,477,549,0.652,450,482,504,616
201,6,1209,133,0.6,1181,76,1236,191
201,25,1826,221,0.576,1795,158,1856,283
201,7,743,60,0.566,718,1,767,119
201,45,1400,89,0.522,1381,22,1419,155
201,43,554,68,0.503,527,17,582,119
201,20,842,51,0.484,822,0,861,102
201,60,1020,49,0.483,1001,0,1038,99
201,62,959,51,0.469,932,0,986,102
201,48,277,1042,0.46,229,1006,326,1078
201,29,418,562,0.428,380,482,456,641
201,18,891,48,0.42,870,0,911,97
201,64,433,561,0.415,406,481,459,641
201,57,232,123,0.413,202,59,263,188
201,63,408,563,0.372,382,486,433,639
201,56,1792,370,0.331,1754,294,1830,446
202,9,975,792,0.868,928,702,1022,883
202,61,804,1014,0.855,758,951,850,1078
202,13,567,946,0.855,515,846,619,1046
202,22,532,739,0.853,495,657,570,822
202,47,1273,416,0.835,1240,335,1306,498
202,51,735,515,0.832,697,426,773,604
202,24,1210,526,0.829,1180,454,1240,598
202,59,89,782,0.813,41,693,138,872
202,5,1093,283,0.811,1063,208,1123,358
202,42,1055,406,0.795,1032,335,1079,476
202,44,927,311,0.766,897,236,958,385
202,23,1001,623,0.743,960,535,1043,710
202,31,1557,196,0.712,1527,122,1586,270
202,46,1879,692,0.69,1840,593,1919,791
202,17,362,537,0.682,335,462,389,613
202,58,1869,224,0.681,1842,160,1896,288
202,2,705,116,0.665,681,48,730,185
202,53,476,548,0.654,449,479,504,616
202,16,73,180,0.653,48,120,99,240
202,6,1208,131,0.648,1180,72,1237,191
202,56,1793,374,0.591,1754,296,1832,452
202,25,1826,222,0.553,1797,161,1855,283
202,7,743,58,0.521,718,0,768,116
202,45,1400,89,0.52,1381,22,1419,155
202,60,1020,50,0.49,1001,0,1038,100
202,62,960,51,0.47,933,0,986,103
202,20,842,50,0.464,822,0,861,101
202,29,419,562,0.443,380,482,458,641
202,64,431,557,0.429,404,472,458,641
202,43,558,68,0.424,534,17,582,119
202,57,232,124,0.413,202,59,262,189
202,18,890,47,0.402,870,0,911,95
202,48,278,1044,0.384,231,1011,324,1078
202,63,407,563,0.334,382,486,432,639
203,9,977,795,0.903,930,707,1024,884
203,61,804,1010,0.883,759,941,848,1078
203,13,570,955,0.868,517,854,622,1055
203,47,1273,413,0.858,1239,330,1306,495
203,22,533,743,0.855,493,663,572,824
203,51,735,505,0.818,698,420,773,589
203,59,92,786,0.809,42,699,142,872
203,24,1212,530,0.806,1182,460,1241,599
203,44,927,313,0.797,898,239,957,387
203,42,1052,405,0.796,1028,333,1076,476
203,5,1093,278,0.795,1062,205,1124,351
203,31,1556,189,0.781,1526,117,1586,261
203,23,1005,637,0.75,965,544,1045,730
203,16,71,181,0.704,45,121,97,241
203,58,1870,223,0.695,1843,161,1897,286
203,2,706,110,0.687,682,42,731,178
203,17,362,538,0.674,335,463,389,612
203,53,477,547,0.662,449,479,504,616
203,6,1209,127,0.657,1180,70,1238,184
203,48,279,1049,0.624,233,1019,325,1079
203,62,960,53,0.578,935,0,985,106
203,56,1795,374,0.56,1756,297,1834,451
203,25,1825,225,0.56,1794,163,1856,286
203,46,1889,697,0.555,1860,599,1919,794
203,7,744,56,0.546,719,0,768,113
203,45,1400,89,0.517,1381,22,1419,155
203,60,1019,50,0.478,1001,0,1037,100
203,20,841,51,0.471,821,0,860,102
203,64,431,554,0.433,404,466,458,641
203,29,418,562,0.414,379,484,456,641
203,18,889,47,0.402,869,0,909,95
203,57,231,126,0.4,202,62,261,191
203,43,561,67,0.381,543,16,580,118
203,63,407,564,0.347,380,490,434,637
204,9,977,801,0.909,930,711,1024,892
204,22,533,745,0.861,493,665,572,825
204,13,570,957,0.861,518,857,622,1057
204,61,804,1007,0.859,759,935,848,1078
204,47,1273,410,0.831,1240,327,1307,493
204,59,94,787,0.813,42,701,146,873
204,44,928,314,0.812,897,240,958,389
204,24,1212,531,0.804,1182,462,1243,601
204,51,734,503,0.804,697,417,771,589
204,42,1052,404,0.784,1028,331,1076,476
204,5,1093,273,0.78,1062,203,1123,344
204,23,1006,642,0.761,968,547,1045,738
204,31,1555,185,0.756,1526,113,1584,257
204,16,71,183,0.712,46,122,96,243
204,58,1870,224,0.692,1843,162,1897,287
204,2,706,107,0.69,682,41,730,173
204,17,362,538,0.645,335,464,389,612
204,53,477,547,0.628,449,478,504,616
204,6,1209,125,0.609,1180,69,1238,180
204,56,1796,375,0.586,1757,298,1834,451
204,46,1885,697,0.578,1851,599,1919,794
204,62,960,54,0.568,935,0,985,109
204,25,1824,225,0.558,1792,163,1856,288
204,7,744,55,0.513,720,0,769,110
204,48,279,1050,0.5,234,1021,324,1079
204,45,1400,89,0.494,1381,22,1418,156
204,20,840,51,0.467,820,0,860,103
204,43,563,67,0.446,546,16,579,118
204,60,1019,51,0.446,1000,0,1037,102
204,18,888,47,0.407,869,0,907,94
204,29,418,562,0.401,379,483,456,641
204,64,431,554,0.398,403,467,459,641
204,63,408,563,0.34,380,489,436,638
205,9,977,809,0.877,931,714,1023,904
205,22,533,746,0.859,493,667,572,826
205,61,805,1004,0.854,760,929,850,1078
205,59,97,788,0.847,44,703,150,872
205,13,571,959,0.835,518,861,623,1057
205,44,928,319,0.803,898,242,958,396
205,24,1213,532,0.801,1181,464,1244,600
205,23,1008,647,0.794,969,551,1047,743
205,47,1274,405,0.793,1241,323,1306,487
205,51,732,503,0.787,696,416,767,589
205,31,1555,184,0.776,1526,113,1583,255
205,5,1092,270,0.774,1061,200,1123,340
205,42,1051,401,0.761,1027,329,1075,474
205,16,71,184,0.734,45,123,96,244
205,2,707,105,0.73,682,40,732,171
205,58,1871,225,0.69,1844,163,1897,287
205,17,362,538,0.651,335,464,388,612
205,56,1796,375,0.635,1758,299,1835,451
205,53,477,548,0.613,449,480,505,615
205,62,961,56,0.598,936,0,985,112
205,6,1210,122,0.594,1181,67,1239,178
205,46,1889,699,0.578,1858,606,1919,792
205,25,1824,225,0.528,1793,163,1856,287
205,7,745,54,0.524,721,0,770,109
205,20,840,51,0.507,820,0,860,103
205,48,270,1052,0.506,233,1025,308,1079
205,60,1018,52,0.493,999,0,1037,104
205,45,1400,89,0.482,1381,22,1418,156
205,43,566,67,0.475,550,16,582,119
205,18,887,46,0.455,868,0,907,93
205,64,433,550,0.385,407,461,458,640
205,29,416,561,0.379,379,481,454,640
205,63,408,562,0.348,381,484,435,640
205,57,229,131,0.301,201,66,257,196
206,9,976,817,0.872,929,718,1024,916
206,61,805,1001,0.867,761,924,849,1078
206,59,99,788,0.85,46,704,152,872
206,22,531,748,0.845,492,671,571,825
206,44,928,323,0.828,898,246,958,400
206,5,1092,265,0.822,1061,197,1123,334
206,13,571,961,0.815,519,865,623,1057
206,24,1212,533,0.802,1181,466,1244,600
206,51,731,502,0.792,697,415,765,588
206,23,1009,650,0.787,971,555,1048,746
206,47,1274,400,0.785,1241,319,1306,481
206,31,1554,181,0.777,1526,113,1583,249
206,16,71,184,0.765,45,123,96,245
206,2,707,105,0.733,683,39,732,170
206,42,1052,400,0.72,1028,327,1075,472
206,56,1797,377,0.718,1759,300,1836,453
206,43,567,68,0.708,552,17,582,120
206,58,1871,226,0.685,1844,164,1898,288
206,46,1884,705,0.674,1849,614,1919,795
206,17,361,539,0.654,334,464,389,613
206,62,961,58,0.649,936,0,986,116
206,6,1212,121,0.638,1183,66,1240,176
206,53,477,547,0.618,448,480,505,615
206,20,840,51,0.565,820,0,859,102
206,45,1400,89,0.551,1381,22,1418,156
206,7,746,54,0.549,722,0,769,108
206,25,1824,227,0.536,1793,166,1856,288
206,60,1018,54,0.508,999,1,1036,107
206,18,887,46,0.499,868,0,907,93
206,48,275,1055,0.426,234,1030,315,1080
206,29,416,560,0.412,378,479,453,640
206,64,432,553,0.38,406,465,459,640
206,57,232,132,0.357,201,66,263,197
207,61,806,998,0.865,761,919,852,1077
207,9,975,823,0.863,928,724,1023,921
207,47,1272,394,0.834,1240,316,1305,471
207,24,1212,534,0.827,1179,467,1245,601
207,13,571,962,0.825,519,869,624,1056
207,22,531,749,0.819,491,672,572,825
207,5,1092,264,0.814,1061,194,1123,333
207,59,103,790,0.81,50,707,155,872
207,31,1554,179,0.8,1526,110,1583,248
207,44,928,327,0.799,898,248,958,405
207,51,730,501,0.782,699,413,762,590
207,23,1011,655,0.774,970,559,1051,751
207,16,71,184,0.745,45,123,96,246
207,2,707,104,0.722,683,38,731,171
207,42,1051,395,0.706,1028,325,1074,466
207,58,1872,227,0.673,1844,165,1899,289
207,17,362,539,0.672,334,464,389,613
207,62,961,58,0.651,937,0,986,116
207,56,1797,380,0.648,1759,304,1835,457
207,46,1885,711,0.621,1851,627,1919,795
207,6,1214,119,0.599,1186,65,1241,173
207,43,571,69,0.591,553,16,589,122
207,53,477,548,0.561,448,480,505,616
207,7,747,53,0.539,724,0,769,106
207,25,1827,229,0.521,1799,168,1855,290
207,45,1399,89,0.495,1381,22,1418,156
207,60,1017,56,0.478,997,2,1037,110
207,20,839,51,0.467,819,0,858,102
207,63,409,561,0.433,380,483,438,639
207,18,887,46,0.433,868,0,906,93
207,57,230,135,0.431,200,69,260,200
207,48,268,1058,0.375,239,1037,297,1079
207,64,432,552,0.364,406,465,459,640
208,9,975,831,0.901,927,733,1023,930
208,61,806,992,0.875,759,908,854,1077
208,13,570,966,0.863,518,874,623,1058
208,47,1273,385,0.851,1240,309,1305,460
208,24,1211,547,0.842,1176,474,1246,619
208,22,531,763,0.821,489,683,572,844
208,44,929,331,0.812,900,253,958,410
208,51,729,498,0.798,697,409,761,587
208,23,1013,662,0.787,974,564,1053,760
208,59,111,793,0.781,61,713,162,873
208,5,1091,261,0.765,1061,191,1122,330
208,42,1050,388,0.759,1026,319,1074,457
208,16,71,185,0.744,45,123,96,246
208,46,1888,716,0.742,1858,635,1919,796
208,31,1552,177,0.734,1524,109,1581,246
208,2,707,103,0.696,683,36,730,171
208,56,1799,389,0.681,1760,307,1837,470
208,17,361,539,0.656,333,464,390,614
208,58,1874,232,0.649,1847,166,1900,298
208,43,580,70,0.602,554,18,606,122
208,6,1216,116,0.594,1192,63,1241,169
208,62,964,59,0.583,939,0,988,118
208,53,477,546,0.551,450,476,505,615
208,25,1828,230,0.546,1798,168,1857,291
208,7,745,51,0.504,723,0,767,103
208,57,233,137,0.498,201,71,266,203
208,45,1400,89,0.45,1381,22,1418,155
208,29,415,561,0.447,379,482,451,641
208,48,274,1064,0.431,255,1049,293,1078
208,60,1016,58,0.359,996,4,1037,112
208,64,436,549,0.347,412,462,459,636
208,20,837,47,0.335,817,0,856,95
208,18,885,45,0.326,867,0,902,91
209,24,1211,553,0.868,1176,478,1247,627
209,61,806,991,0.859,758,905,854,1077
209,9,974,837,0.856,927,735,1022,939
209,13,569,967,0.854,517,879,621,1056
209,47,1272,382,0.835,1240,306,1305,458
209,22,530,769,0.83,489,685,570,853
209,59,118,799,0.823,66,716,170,882
209,23,1015,664,0.799,976,568,1053,760
209,51,730,498,0.799,698,409,761,587
209,44,930,333,0.792,902,255,957,411
209,42,1049,384,0.777,1024,315,1074,453
209,5,1091,259,0.766,1060,191,1121,328
209,16,71,185,0.736,45,123,97,246
209,46,1893,724,0.735,1866,638,1919,809
209,58,1874,235,0.703,1848,169,1900,302
209,31,1550,177,0.702,1521,108,1579,245
209,17,362,539,0.664,333,465,391,614
209,56,1799,391,0.662,1761,309,1837,473
209,2,707,103,0.661,684,35,729,171
209,6,1219,116,0.634,1195,63,1242,169
209,43,582,71,0.611,555,19,610,122
209,62,964,59,0.588,939,0,989,119
209,25,1828,232,0.571,1799,171,1857,292
209,53,477,544,0.553,450,474,505,615
209,57,233,138,0.506,200,72,265,204
209,45,1399,89,0.481,1381,23,1418,156
209,29,414,562,0.479,379,483,449,641
209,7,745,51,0.473,724,0,766,102
209,60,1017,59,0.379,997,5,1036,112
209,18,883,45,0.331,865,0,901,91
209,64,438,550,0.329,414,463,461,636
209,20,837,47,0.312,818,0,855,94
210,24,1210,557,0.869,1174,483,1247,631
210,9,973,841,0.863,926,740,1021,942
210,61,806,989,0.856,757,900,854,1078
210,13,568,974,0.855,517,882,619,1066
210,59,123,804,0.846,68,720,178,888
210,47,1273,380,0.826,1240,303,1305,458
210,23,1018,665,0.82,981,570,1055,760
210,22,530,775,0.805,490,689,570,862
210,42,1050,381,0.804,1026,314,1073,447
210,51,728,496,0.79,695,405,761,587
210,44,930,336,0.767,904,259,957,414
210,5,1090,260,0.754,1059,188,1121,331
210,16,71,185,0.706,45,124,96,246
210,46,1892,737,0.704,1864,648,1919,827
210,31,1547,175,0.697,1518,106,1577,244
210,58,1875,236,0.671,1849,170,1901,302
210,56,1800,393,0.657,1762,312,1837,475
210,17,362,540,0.646,332,466,392,614
210,6,1220,116,0.613,1197,62,1243,171
210,2,707,102,0.574,684,35,730,170
210,43,584,70,0.57,555,20,613,121
210,25,1829,231,0.565,1800,170,1858,293
210,62,964,59,0.527,939,0,989,119
210,53,477,542,0.522,450,470,505,614
210,45,1399,89,0.464,1381,23,1418,156
210,57,232,138,0.458,199,73,265,204
210,29,412,562,0.457,378,482,447,641
210,7,744,51,0.365,724,0,765,102
210,18,882,45,0.365,863,0,901,91
210,60,1017,59,0.346,997,5,1037,113
210,20,836,45,0.333,817,0,855,91
210,64,438,549,0.314,414,462,462,636
211,24,1210,561,0.875,1172,486,1248,636
211,61,806,988,0.875,758,897,854,1078
211,59,126,810,0.87,71,725,181,895
211,9,973,844,0.859,927,746,1019,943
211,13,567,981,0.857,517,886,616,1077
211,47,1272,380,0.825,1240,302,1305,457
211,42,1049,378,0.824,1026,311,1073,445
211,22,530,781,0.82,490,694,571,867
211,23,1019,667,0.803,983,573,1054,760
211,51,727,495,0.795,694,403,761,587
211,44,931,338,0.761,905,261,957,415
211,46,1887,743,0.742,1855,652,1919,833
211,16,71,185,0.711,45,124,97,246
211,5,1090,259,0.706,1059,187,1120,332
211,31,1546,175,0.691,1516,107,1575,244
211,58,1875,238,0.667,1848,172,1902,303
211,56,1800,396,0.646,1763,313,1837,478
211,17,362,540,0.646,332,466,391,614
211,25,1830,232,0.634,1802,171,1859,293
211,6,1221,117,0.601,1198,62,1244,172
211,2,707,102,0.556,684,34,730,170
211,53,477,541,0.551,450,468,505,614
211,57,232,139,0.549,199,73,265,204
211,43,585,70,0.546,556,19,613,121
211,62,964,59,0.503,939,0,989,119
211,45,1399,89,0.45,1381,22,1418,156
211,29,415,561,0.44,378,481,452,641
211,7,744,50,0.4,724,0,764,101
211,65,450,537,0.359,419,460,481,615
211,60,1018,60,0.346,999,6,1037,114
211,64,438,549,0.331,414,462,461,637
211,18,882,45,0.317,864,0,900,90
211,20,836,44,0.308,818,0,855,89
212,61,806,986,0.874,758,894,854,1078
212,24,1210,565,0.864,1172,490,1249,639
212,59,131,815,0.862,75,729,186,900
212,9,973,846,0.858,927,749,1018,944
212,23,1021,668,0.811,985,576,1057,761
212,47,1273,379,0.806,1241,300,1305,458
212,51,728,494,0.805,696,402,760,585
212,42,1050,375,0.798,1027,307,1073,444
212,13,565,984,0.789,517,891,614,1077
212,44,931,339,0.774,905,263,958,415
212,22,530,785,0.761,490,698,570,871
212,5,1090,260,0.742,1060,187,1120,333
212,31,1544,175,0.712,1515,105,1573,245
212,16,71,186,0.711,45,125,96,246
212,46,1883,750,0.686,1846,662,1919,838
212,56,1800,397,0.642,1762,316,1838,479
212,17,362,540,0.635,332,467,392,613
212,58,1876,239,0.632,1850,174,1902,305
212,25,1831,233,0.61,1804,172,1859,293
212,6,1222,115,0.594,1198,60,1246,171
212,2,707,100,0.555,684,34,730,167
212,53,477,545,0.535,448,475,506,615
212,43,588,71,0.53,559,20,617,122
212,57,232,139,0.524,199,75,265,204
212,29,415,561,0.466,378,480,451,641
212,62,964,60,0.459,938,0,989,120
212,45,1399,89,0.42,1381,23,1418,156
212,7,743,51,0.404,723,0,762,102
212,64,432,558,0.337,403,471,460,645
212,60,1018,60,0.329,1000,8,1037,113
213,9,972,849,0.904,926,755,1018,944
213,24,1212,568,0.865,1175,495,1248,641
213,59,134,823,0.862,81,736,188,910
213,13,563,989,0.857,516,900,609,1078
213,61,803,982,0.844,756,886,849,1078
213,51,729,488,0.814,698,397,759,579
213,42,1051,374,0.802,1028,304,1073,443
213,44,933,340,0.796,904,265,961,416
213,47,1272,377,0.794,1241,298,1302,457
213,23,1021,671,0.789,985,582,1057,760
213,22,527,790,0.763,486,704,568,875
213,31,1542,174,0.754,1515,104,1570,244
213,5,1092,259,0.745,1062,184,1121,333
213,16,71,186,0.677,45,126,97,247
213,58,1878,243,0.661,1853,177,1904,308
213,46,1893,761,0.651,1867,675,1919,847
213,17,362,540,0.643,332,467,392,614
213,2,706,97,0.609,683,29,729,165
213,25,1833,235,0.599,1806,175,1859,295
213,57,230,141,0.562,198,76,263,206
213,56,1799,396,0.561,1760,321,1838,471
213,43,592,71,0.538,565,19,619,122
213,29,418,562,0.527,380,481,457,642
213,6,1224,113,0.524,1198,56,1250,170
213,53,476,540,0.522,447,465,505,615
213,45,1399,89,0.483,1381,23,1417,156
213,62,963,59,0.479,937,0,990,119
213,7,743,51,0.389,725,0,762,102
213,60,1018,61,0.353,999,8,1037,114
213,65,461,538,0.322,422,460,500,616
214,9,972,851,0.929,926,759,1018,944
214,24,1212,569,0.88,1177,497,1248,641
214,59,137,825,0.862,85,738,189,912
214,13,561,992,0.847,515,905,607,1078
214,61,801,980,0.836,756,881,847,1078
214,51,727,485,0.798,697,394,758,576
214,23,1022,673,0.795,984,584,1060,761
214,42,1051,374,0.791,1028,304,1073,444
214,44,933,341,0.785,903,266,962,416
214,47,1272,376,0.78,1242,296,1302,457
214,22,526,792,0.764,486,709,567,876
214,46,1895,766,0.763,1871,676,1919,855
214,5,1094,256,0.738,1063,182,1124,329
214,31,1542,171,0.709,1514,102,1569,240
214,57,231,141,0.706,198,77,264,206
214,16,70,186,0.668,44,126,96,246
214,58,1881,243,0.657,1856,178,1905,309
214,17,362,541,0.647,332,467,391,614
214,2,707,95,0.579,683,27,730,163
214,25,1833,237,0.57,1807,177,1859,298
214,56,1800,403,0.548,1760,322,1839,483
214,29,420,560,0.52,381,478,458,642
214,53,475,540,0.484,444,464,505,615
214,62,962,59,0.457,936,0,989,119
214,6,1227,111,0.429,1201,54,1253,168
214,45,1399,89,0.42,1381,23,1418,156
214,43,594,71,0.412,568,19,620,123
214,7,744,50,0.355,725,0,762,101
214,60,1018,61,0.354,999,9,1037,114
214,65,464,538,0.347,422,460,506,616
215,9,973,852,0.916,928,760,1019,944
215,61,801,976,0.877,755,877,847,1076
215,24,1216,570,0.87,1182,499,1250,641
215,59,138,827,0.847,87,741,189,913
215,13,560,995,0.833,513,911,607,1078
215,22,525,794,0.808,485,711,564,877
215,42,1051,373,0.803,1028,302,1073,443
215,51,726,481,0.789,695,391,757,571
215,47,1271,375,0.789,1241,294,1301,455
215,44,933,342,0.775,903,269,963,416
215,23,1020,676,0.751,978,587,1061,765
215,5,1094,253,0.727,1065,181,1124,325
215,31,1541,168,0.676,1514,99,1568,238
215,17,362,541,0.656,332,468,391,614
215,16,70,186,0.641,44,126,96,246
215,57,231,142,0.635,198,78,263,206
215,46,1896,772,0.606,1874,682,1919,863
215,58,1882,244,0.593,1858,178,1907,309
215,29,420,560,0.563,382,478,458,642
215,25,1833,240,0.545,1806,178,1860,302
215,2,706,92,0.544,684,25,729,159
215,62,962,60,0.492,936,0,989,120
215,53,473,540,0.489,440,464,505,615
215,6,1229,107,0.428,1203,49,1255,165
215,56,1800,404,0.423,1761,324,1839,485
215,45,1400,89,0.395,1381,23,1418,156
215,60,1018,62,0.362,999,10,1037,114
215,66,25,23,0.358,0,0,50,47
215,7,744,50,0.304,726,0,762,101
216,9,973,855,0.903,928,765,1019,945
216,61,801,973,0.892,755,872,847,1073
216,24,1218,571,0.87,1184,502,1252,640
216,59,140,828,0.852,89,743,190,914
216,51,726,475,0.824,695,388,756,563
216,47,1270,371,0.815,1239,291,1301,451
216,13,559,998,0.814,512,918,606,1079
216,42,1051,372,0.806,1029,301,1073,443
216,44,933,343,0.796,903,270,963,416
216,22,523,795,0.758,483,713,563,877
216,23,1020,683,0.723,979,589,1061,777
216,5,1095,249,0.692,1066,178,1124,320
216,17,362,542,0.685,333,469,392,614
216,31,1540,166,0.664,1514,97,1567,234
216,16,70,186,0.657,45,126,96,247
216,57,231,143,0.657,199,79,263,206
216,29,420,560,0.593,382,478,458,642
216,2,706,88,0.587,684,23,729,152
216,46,1896,774,0.567,1874,683,1919,865
216,25,1834,242,0.561,1806,179,1861,305
216,58,1881,244,0.554,1854,179,1908,309
216,62,962,61,0.503,936,0,988,123
216,56,1800,405,0.477,1760,325,1841,485
216,65,467,539,0.477,429,462,505,616
216,45,1399,89,0.409,1381,23,1418,155
216,6,1229,105,0.397,1206,47,1252,163
216,60,1018,64,0.371,999,10,1037,117
216,66,24,23,0.36,0,0,49,47
216,43,597,70,0.316,576,19,619,122
217,61,801,966,0.898,754,867,848,1065
217,9,973,864,0.887,927,769,1019,958
217,24,1219,572,0.869,1187,504,1252,640
217,59,141,829,0.844,91,745,192,913
217,22,523,796,0.83,484,716,562,877
217,44,933,345,0.826,903,271,964,419
217,13,558,1000,0.826,511,923,604,1077
217,51,727,469,0.823,696,384,757,554
217,42,1052,371,0.798,1030,299,1073,442
217,47,1268,367,0.797,1236,287,1300,447
217,23,1021,691,0.75,978,593,1063,790
217,5,1096,245,0.729,1067,177,1125,313
217,16,70,186,0.699,44,125,96,247
217,57,231,143,0.685,197,80,264,207
217,17,361,541,0.684,333,470,389,613
217,46,1897,778,0.675,1874,689,1919,867
217,31,1539,163,0.672,1513,95,1565,231
217,29,418,561,0.638,380,479,456,643
217,2,707,85,0.624,684,20,729,150
217,56,1801,405,0.571,1761,326,1840,484
217,65,466,539,0.532,427,462,505,615
217,25,1834,244,0.522,1806,181,1862,306
217,43,599,70,0.512,581,19,617,122
217,62,962,63,0.501,936,0,988,126
217,58,1882,244,0.45,1855,179,1909,308
217,60,1018,66,0.45,999,11,1037,121
217,66,24,23,0.415,0,0,48,46
217,6,1233,100,0.395,1209,38,1257,161
217,45,1399,89,0.392,1381,23,1418,155
217,7,744,49,0.345,725,0,763,98
218,61,800,948,0.879,753,856,846,1040
218,9,976,881,0.874,930,779,1022,984
218,22,520,800,0.848,480,721,559,878
218,59,146,832,0.841,95,750,197,915
218,13,555,1005,0.836,509,931,602,1078
218,24,1222,580,0.82,1189,509,1255,652
218,44,933,354,0.818,901,276,965,432
218,51,727,461,0.815,696,376,759,547
218,47,1268,356,0.807,1236,280,1300,432
218,42,1052,367,0.794,1031,295,1074,439
218,5,1096,240,0.785,1066,173,1126,306
218,23,1023,702,0.773,982,600,1064,803
218,57,231,149,0.772,197,82,265,216
218,16,70,186,0.752,44,126,96,246
218,31,1538,156,0.724,1512,89,1563,224
218,17,361,542,0.681,333,470,389,613
218,46,1898,783,0.669,1878,701,1919,866
218,2,707,81,0.644,683,17,730,146
218,29,419,560,0.626,380,477,458,642
218,62,960,65,0.57,931,1,989,129
218,56,1801,405,0.56,1761,328,1840,483
218,25,1834,246,0.553,1806,184,1861,307
218,43,603,71,0.553,586,20,619,123
218,65,469,539,0.546,433,462,505,615
218,58,1887,245,0.541,1858,181,1915,309
218,60,1018,70,0.526,999,14,1037,126
218,6,1234,96,0.522,1210,34,1258,158
218,45,1400,89,0.453,1381,22,1418,156
218,66,28,23,0.329,6,0,49,46
218,20,834,44,0.31,816,0,852,88
219,61,799,938,0.895,754,851,843,1025
219,9,976,886,0.874,930,783,1023,989
219,22,520,801,0.863,480,725,559,878
219,13,554,1005,0.848,506,934,603,1075
219,47,1266,351,0.848,1233,276,1299,426
219,59,148,840,0.837,96,753,200,927
219,24,1223,587,0.806,1190,513,1256,661
219,42,1052,364,0.781,1030,292,1074,436
219,5,1096,237,0.78,1066,169,1127,304
219,44,933,358,0.774,901,278,965,437
219,51,728,459,0.764,696,374,759,544
219,23,1026,704,0.762,984,605,1068,804
219,57,231,151,0.754,197,83,265,219
219,16,70,187,0.735,44,127,96,246
219,17,361,542,0.704,333,470,390,614
219,31,1537,154,0.694,1512,87,1563,221
219,56,1801,407,0.68,1761,330,1841,484
219,29,418,560,0.659,379,477,458,642
219,46,1900,785,0.629,1880,704,1919,866
219,2,707,81,0.626,683,15,731,146
219,65,466,539,0.583,428,462,505,616
219,62,961,66,0.568,933,3,988,130
219,25,1835,246,0.529,1806,183,1863,308
219,58,1886,245,0.523,1855,182,1917,309
219,60,1018,71,0.516,999,15,1037,127
219,6,1234,94,0.488,1210,31,1259,157
219,43,605,71,0.462,587,19,623,122
219,45,1400,89,0.416,1381,23,1418,156
220,61,797,934,0.894,752,847,843,1021
220,22,519,803,0.876,479,726,559,879
220,9,977,891,0.869,931,787,1023,996
220,13,555,1007,0.865,506,938,604,1077
220,47,1266,348,0.855,1233,274,1299,422
220,59,150,849,0.84,98,758,203,939
220,24,1224,593,0.819,1192,517,1257,669
220,51,729,457,0.801,696,371,763,543
220,42,1052,359,0.786,1030,289,1074,429
220,5,1096,236,0.786,1066,167,1127,304
220,23,1028,709,0.778,988,608,1068,811
220,44,932,363,0.772,900,281,965,444
220,56,1802,408,0.763,1761,331,1842,484
220,16,70,187,0.747,44,127,96,247
220,17,362,542,0.72,334,470,390,613
220,57,231,153,0.71,198,85,265,221
220,31,1536,153,0.669,1510,85,1561,221
220,29,419,560,0.617,380,478,458,642
220,2,707,81,0.615,683,16,731,146
220,53,475,540,0.6,445,464,505,616
220,62,961,67,0.588,935,2,988,132
220,46,1903,786,0.582,1887,706,1919,865
220,58,1887,247,0.571,1855,184,1918,310
220,43,608,69,0.55,590,17,626,122
220,25,1835,247,0.532,1807,185,1864,308
220,60,1018,72,0.508,999,16,1037,128
220,6,1235,94,0.481,1211,31,1259,157
220,45,1400,89,0.403,1380,21,1419,157
221,61,796,931,0.888,751,842,841,1020
221,13,554,1010,0.885,504,941,605,1079
221,9,978,898,0.874,931,794,1025,1002
221,22,518,808,0.852,478,732,558,885
221,47,1266,345,0.851,1233,271,1299,418
221,24,1225,597,0.833,1192,522,1258,672
221,51,730,457,0.818,697,369,764,544
221,44,931,365,0.806,897,284,964,446
221,59,151,856,0.806,100,762,203,950
221,5,1096,234,0.805,1065,166,1126,303
221,23,1027,713,0.799,988,610,1067,815
221,42,1052,355,0.799,1030,287,1074,423
221,16,70,187,0.759,44,127,96,246
221,17,362,542,0.75,334,472,390,613
221,56,1802,411,0.75,1761,334,1842,488
221,57,232,154,0.678,198,87,265,222
221,31,1533,152,0.676,1506,84,1561,220
221,53,476,541,0.615,448,465,505,616
221,2,707,81,0.6,683,16,732,145
221,46,1904,788,0.592,1890,711,1919,865
221,29,419,560,0.567,381,478,458,642
221,58,1888,247,0.536,1857,185,1918,310
221,62,962,69,0.535,936,5,988,133
221,25,1837,246,0.534,1807,185,1867,308
221,43,612,71,0.527,591,19,632,122
221,60,1017,73,0.457,998,17,1037,129
221,6,1235,97,0.437,1211,36,1260,158
221,45,1400,89,0.431,1380,21,1419,157
221,63,410,557,0.405,379,482,440,633
221,65,465,538,0.404,424,460,505,617
221,66,36,22,0.393,20,0,51,45
221,64,435,552,0.355,411,464,459,639
222,9,980,904,0.884,933,800,1028,1008
222,13,555,1011,0.883,503,944,607,1078
222,61,795,929,0.881,750,838,839,1020
222,24,1226,601,0.838,1193,525,1258,678
222,47,1266,343,0.824,1234,269,1299,417
222,51,731,456,0.82,697,368,764,544
222,23,1025,715,0.817,983,614,1067,816
222,5,1095,234,0.812,1064,165,1126,302
222,44,930,367,0.8,896,287,965,447
222,59,153,862,0.786,100,767,206,956
222,42,1052,350,0.786,1030,283,1074,418
222,22,518,817,0.769,477,736,559,898
222,17,364,543,0.753,334,472,393,613
222,16,70,187,0.747,44,128,97,246
222,56,1802,414,0.74,1761,335,1843,494
222,57,232,156,0.694,199,89,264,224
222,31,1532,151,0.666,1504,82,1560,220
222,58,1885,248,0.644,1852,185,1919,311
222,53,477,540,0.622,449,465,505,616
222,43,615,71,0.594,593,20,637,123
222,2,707,81,0.588,682,16,731,146
222,25,1836,246,0.577,1806,185,1867,308
222,29,418,560,0.56,380,479,456,641
222,62,960,71,0.539,932,6,988,136
222,46,1906,791,0.535,1893,717,1919,865
222,60,1017,73,0.513,998,18,1036,129
222,6,1236,96,0.486,1211,33,1260,158
222,45,1400,89,0.429,1381,23,1418,156
222,65,464,538,0.404,424,460,505,616
222,64,430,557,0.399,403,472,458,641
222,63,408,558,0.328,381,482,435,635
223,9,983,909,0.902,936,806,1030,1012
223,61,793,926,0.895,749,833,837,1020
223,13,555,1016,0.873,500,953,610,1078
223,24,1229,607,0.866,1196,532,1261,682
223,5,1095,233,0.835,1063,163,1126,303
223,22,518,830,0.834,477,744,559,916
223,23,1026,719,0.828,984,620,1068,818
223,44,931,370,0.823,898,289,963,451
223,51,731,455,0.816,697,366,764,544
223,47,1265,342,0.812,1233,266,1297,418
223,42,1052,344,0.807,1029,278,1075,411
223,59,158,871,0.788,103,778,213,965
223,16,71,187,0.776,44,127,97,247
223,17,362,542,0.77,334,471,391,613
223,57,233,158,0.768,201,90,265,226
223,31,1530,150,0.747,1503,80,1558,221
223,25,1840,247,0.658,1810,186,1870,308
223,29,419,561,0.653,381,480,458,643
223,53,473,539,0.641,442,463,505,615
223,62,957,72,0.63,927,8,987,137
223,56,1803,423,0.63,1764,341,1842,504
223,58,1887,250,0.613,1855,187,1919,314
223,43,626,72,0.568,597,21,654,123
223,2,707,79,0.552,684,14,730,144
223,46,1907,799,0.533,1895,733,1919,865
223,66,55,22,0.5,29,0,81,45
223,6,1236,91,0.498,1211,25,1262,158
223,60,1017,74,0.49,998,19,1036,129
223,45,1399,89,0.447,1381,23,1418,156
223,63,408,559,0.416,381,482,435,637
224,9,985,911,0.907,937,809,1032,1012
224,61,793,924,0.891,749,827,837,1020
224,13,555,1019,0.861,500,960,610,1078
224,24,1231,609,0.849,1199,535,1262,682
224,22,517,836,0.843,476,749,557,923
224,5,1095,233,0.83,1063,163,1126,303
224,23,1027,720,0.828,983,623,1070,818
224,47,1265,341,0.824,1233,264,1296,418
224,44,931,371,0.817,900,291,962,450
224,42,1050,343,0.81,1028,277,1072,409
224,51,731,453,0.806,697,364,765,542
224,57,233,159,0.787,201,91,265,226
224,16,71,187,0.777,44,127,97,247
224,17,362,543,0.772,333,472,391,613
224,59,163,875,0.766,114,782,212,968
224,31,1530,150,0.731,1503,79,1557,220
224,56,1803,422,0.702,1762,342,1844,502
224,29,420,561,0.662,381,480,458,643
224,62,957,73,0.647,928,9,986,137
224,53,475,539,0.62,444,464,505,614
224,25,1840,248,0.618,1810,187,1870,310
224,58,1889,253,0.617,1859,187,1919,319
224,43,628,72,0.603,598,21,658,124
224,2,707,77,0.551,684,12,730,142
224,46,1907,804,0.513,1895,745,1919,864
224,60,1017,75,0.512,998,21,1036,129
224,45,1399,89,0.468,1380,23,1419,155
224,66,59,23,0.447,30,1,88,45
224,6,1236,90,0.397,1210,24,1262,157
224,63,408,558,0.378,381,482,434,634
224,64,435,553,0.333,412,468,458,639
225,9,986,913,0.901,937,813,1034,1012
225,61,791,923,0.882,746,825,836,1020
225,13,555,1021,0.842,499,964,611,1078
225,24,1232,610,0.834,1200,537,1264,682
225,47,1265,339,0.834,1233,262,1296,417
225,5,1095,232,0.829,1064,161,1126,304
225,23,1027,722,0.815,984,625,1071,818
225,51,732,452,0.81,698,362,766,542
225,44,931,372,0.8,901,293,962,451
225,57,233,159,0.787,201,91,265,226
225,16,70,187,0.783,43,127,97,247
225,59,167,879,0.782,118,787,216,971
225,17,362,543,0.779,333,473,392,613
225,42,1050,343,0.777,1027,276,1073,410
225,56,1803,424,0.74,1762,344,1844,504
225,31,1528,149,0.738,1501,79,1556,220
225,22,516,840,0.715,476,752,557,927
225,29,420,561,0.669,382,480,458,643
225,25,1841,249,0.659,1811,187,1871,310
225,58,1890,255,0.649,1861,187,1919,324
225,53,473,539,0.637,442,463,505,614
225,62,957,73,0.631,929,8,986,137
225,66,61,22,0.616,31,0,91,45
225,2,707,76,0.595,685,11,730,141
225,43,628,74,0.593,598,22,658,125
225,6,1237,89,0.546,1210,22,1263,156
225,60,1017,75,0.531,998,21,1036,130
225,45,1399,89,0.526,1380,23,1419,155
225,67,1752,21,0.429,1715,0,1789,42
225,63,408,559,0.392,382,482,435,636
225,46,1906,809,0.383,1894,754,1919,864
225,64,435,553,0.305,413,468,458,639
226,9,987,915,0.892,939,818,1036,1012
226,61,792,921,0.888,746,823,837,1019
226,13,555,1024,0.859,499,969,612,1078
226,47,1265,338,0.841,1233,262,1297,415
226,24,1233,611,0.836,1201,539,1264,682
226,23,1028,722,0.834,984,628,1071,817
226,44,931,374,0.821,901,294,962,453
226,22,516,844,0.806,475,758,557,931
226,51,731,450,0.805,697,359,765,540
226,5,1094,232,0.801,1064,160,1124,303
226,59,168,882,0.798,117,791,219,973
226,16,70,186,0.781,43,127,97,246
226,17,362,544,0.764,333,474,392,614
226,42,1049,342,0.757,1026,275,1072,410
226,57,233,159,0.708,202,91,265,226
226,31,1526,148,0.695,1497,78,1555,217
226,56,1804,428,0.68,1765,346,1844,510
226,25,1842,249,0.654,1812,188,1873,309
226,29,419,561,0.639,382,480,456,643
226,53,476,539,0.633,449,464,504,614
226,58,1891,255,0.628,1863,186,1919,324
226,62,957,74,0.6,928,10,986,137
226,66,62,23,0.588,29,0,95,46
226,2,708,72,0.582,686,8,729,137
226,6,1238,91,0.574,1211,26,1265,155
226,43,629,73,0.551,601,22,656,124
226,63,408,561,0.496,382,482,435,640
226,45,1400,89,0.487,1381,23,1418,155
226,60,1016,75,0.478,997,21,1036,129
226,65,465,537,0.419,426,459,505,615
226,64,430,558,0.346,402,476,458,641
226,67,1753,20,0.326,1716,0,1791,41
227,9,990,916,0.892,940,821,1039,1011
227,61,791,917,0.889,746,819,835,1016
227,47,1265,336,0.856,1234,259,1296,414
227,24,1233,611,0.833,1200,541,1266,682
227,23,1029,724,0.827,986,630,1073,818
227,51,732,446,0.819,697,355,766,537
227,59,170,883,0.81,119,794,220,973
227,44,932,374,0.797,901,295,962,453
227,13,555,1026,0.796,498,973,612,1079
227,22,516,849,0.789,475,761,556,938
227,5,1094,230,0.788,1064,157,1123,303
227,16,70,187,0.766,43,127,98,246
227,17,362,544,0.751,333,474,391,614
227,42,1049,341,0.738,1025,273,1072,410
227,57,234,158,0.712,202,91,265,226
227,31,1525,146,0.7,1495,76,1554,216
227,56,1805,422,0.693,1765,348,1844,495
227,25,1844,251,0.651,1813,191,1874,311
227,53,476,539,0.641,447,464,504,614
227,29,419,561,0.639,382,480,457,643
227,62,957,74,0.6,928,10,986,137
227,58,1891,254,0.582,1863,182,1919,327
227,2,708,71,0.561,686,6,730,135
227,43,630,73,0.521,601,22,659,124
227,66,64,23,0.513,31,0,98,47
227,63,408,562,0.501,381,483,435,641
227,6,1239,93,0.498,1213,33,1265,154
227,45,1399,89,0.46,1381,23,1418,155
227,60,1017,77,0.445,997,22,1036,131
227,65,465,537,0.413,425,459,505,614
227,67,1753,20,0.309,1716,0,1790,40
228,9,989,919,0.902,940,825,1039,1012
228,61,790,909,0.889,748,810,832,1008
228,59,173,885,0.84,119,798,227,973
228,13,556,1032,0.835,499,985,613,1079
228,24,1232,615,0.824,1197,547,1268,683
228,47,1267,329,0.822,1237,252,1297,406
228,23,1032,729,0.816,989,636,1075,821
228,51,733,439,0.813,699,348,768,530
228,22,515,855,0.813,472,768,557,941
228,44,932,375,0.809,901,299,962,450
228,16,71,187,0.781,43,127,98,246
228,5,1093,226,0.776,1065,155,1121,298
228,17,363,544,0.752,333,474,394,614
228,42,1048,340,0.741,1024,272,1071,409
228,31,1523,143,0.717,1494,74,1551,213
228,57,233,159,0.703,201,93,265,226
228,56,1807,437,0.69,1767,352,1847,521
228,29,420,561,0.661,381,479,459,643
228,53,473,541,0.655,442,468,504,615
228,2,708,65,0.595,686,2,729,128
228,25,1846,255,0.591,1816,192,1877,318
228,62,958,75,0.573,929,13,988,138
228,58,1892,253,0.513,1865,178,1919,327
228,43,632,72,0.494,605,21,659,124
228,45,1399,89,0.488,1381,23,1418,155
228,6,1240,87,0.476,1213,25,1268,150
228,63,408,561,0.474,380,482,436,640
228,60,1016,82,0.431,996,26,1036,138
228,66,67,22,0.375,34,0,99,45
229,9,990,921,0.893,939,828,1040,1013
229,61,790,902,0.887,748,804,831,1000
229,22,514,856,0.862,472,771,556,941
229,24,1231,622,0.855,1193,550,1269,693
229,47,1268,325,0.831,1239,249,1297,401
229,13,557,1033,0.824,499,988,615,1078
229,51,734,435,0.82,699,346,769,525
229,44,932,376,0.82,904,301,961,450
229,23,1028,737,0.8,982,639,1074,835
229,59,174,887,0.798,121,800,227,974
229,5,1093,223,0.778,1064,152,1121,295
229,16,70,187,0.778,43,127,98,246
229,17,363,544,0.736,333,474,393,614
229,42,1048,338,0.731,1025,268,1071,408
229,31,1522,141,0.712,1493,72,1551,210
229,56,1808,438,0.694,1769,355,1847,521
229,29,420,561,0.663,380,479,459,643
229,53,472,541,0.645,439,466,504,615
229,57,233,159,0.634,201,93,265,225
229,2,707,63,0.616,686,1,729,126
229,62,959,77,0.574,930,14,988,139
229,25,1849,257,0.539,1819,193,1879,321
229,45,1399,89,0.503,1381,23,1418,155
229,63,408,561,0.482,380,482,436,640
229,6,1242,84,0.481,1215,22,1269,146
229,43,633,71,0.467,607,19,658,123
229,60,1015,84,0.452,994,28,1036,140
229,58,1892,252,0.413,1866,177,1919,327
230,9,989,931,0.913,940,833,1039,1028
230,61,789,897,0.892,748,801,831,993
230,22,513,856,0.861,471,773,554,940
230,24,1231,630,0.853,1193,556,1269,705
230,51,734,427,0.828,700,344,769,511
230,13,558,1034,0.827,500,991,615,1078
230,44,933,379,0.815,904,303,961,455
230,23,1033,745,0.81,990,643,1077,846
230,47,1267,321,0.808,1238,247,1296,394
230,59,179,888,0.796,127,803,231,973
230,5,1093,220,0.782,1065,151,1121,289
230,16,70,187,0.761,42,127,98,247
230,42,1048,336,0.749,1023,266,1072,406
230,17,363,544,0.721,333,474,393,614
230,31,1521,139,0.699,1492,70,1551,207
230,56,1809,438,0.691,1769,356,1848,521
230,29,419,561,0.67,380,479,459,643
230,53,472,541,0.636,440,467,504,615
230,57,234,159,0.6,201,94,267,225
230,2,708,62,0.589,686,0,730,124
230,62,959,78,0.562,931,15,988,141
230,25,1850,260,0.534,1821,195,1880,325
230,43,635,72,0.522,613,20,657,124
230,45,1399,89,0.519,1381,23,1418,155
230,63,408,561,0.496,380,482,437,641
230,6,1244,82,0.482,1218,21,1270,143
230,60,1016,84,0.403,996,28,1036,140
230,58,1893,254,0.383,1866,182,1919,327
230,66,71,22,0.336,42,0,100,44
231,9,989,939,0.887,938,837,1040,1041
231,61,789,888,0.879,747,795,831,980
231,59,184,890,0.867,131,807,238,973
231,24,1230,636,0.863,1189,560,1271,712
231,47,1266,315,0.831,1236,243,1296,387
231,22,512,857,0.823,470,775,555,939
231,51,735,425,0.818,699,342,771,509
231,23,1034,752,0.797,991,649,1078,855
231,5,1093,215,0.79,1064,148,1121,283
231,42,1046,334,0.783,1020,264,1071,405
231,13,558,1037,0.77,500,996,615,1079
231,16,70,187,0.768,41,127,98,246
231,44,933,384,0.764,906,305,960,463
231,17,363,544,0.748,333,474,393,614
231,56,1810,440,0.715,1769,357,1850,522
231,29,419,561,0.671,379,480,458,642
231,31,1521,136,0.665,1492,68,1549,203
231,53,471,541,0.631,438,466,504,615
231,57,234,160,0.575,201,94,266,226
231,2,707,61,0.566,685,0,729,122
231,6,1245,82,0.534,1219,22,1271,142
231,62,961,82,0.51,933,18,988,145
231,45,1399,89,0.508,1381,23,1417,155
231,25,1851,262,0.493,1822,197,1880,327
231,43,637,72,0.452,619,20,656,124
231,60,1015,87,0.417,994,30,1037,143
231,58,1893,252,0.323,1867,180,1919,324
232,9,988,948,0.882,937,844,1039,1053
232,59,188,897,0.869,133,810,243,984
232,61,788,879,0.862,748,789,829,968
232,24,1230,641,0.853,1189,564,1271,718
232,23,1037,757,0.846,993,654,1081,861
232,47,1265,312,0.833,1235,240,1296,385
232,13,558,1039,0.819,501,999,615,1079
232,51,734,420,0.813,699,339,770,501
232,16,70,187,0.791,41,127,99,246
232,5,1093,211,0.785,1064,144,1121,278
232,22,512,860,0.779,469,778,555,941
232,44,934,387,0.779,907,307,961,468
232,42,1046,331,0.775,1021,262,1071,400
232,56,1810,440,0.728,1770,359,1850,522
232,17,363,544,0.714,333,475,393,613
232,31,1520,132,0.669,1492,67,1548,197
232,29,419,561,0.669,380,480,459,643
232,57,234,161,0.645,202,95,267,228
232,53,470,540,0.64,437,465,504,615
232,6,1246,82,0.543,1221,25,1271,140
232,2,708,61,0.539,685,0,730,122
232,45,1399,89,0.52,1381,23,1417,155
232,62,960,83,0.515,932,18,988,148
232,43,639,71,0.465,622,19,656,123
232,25,1853,262,0.464,1823,197,1882,327
232,60,1015,88,0.418,995,32,1036,144
233,9,987,952,0.892,936,848,1039,1057
233,61,787,872,0.861,748,787,827,957
233,24,1230,645,0.859,1188,568,1271,722
233,59,193,905,0.851,136,814,250,997
233,23,1039,759,0.839,995,657,1082,862
233,47,1266,311,0.839,1234,238,1297,383
233,51,734,417,0.827,700,336,769,498
233,13,559,1040,0.808,500,1001,617,1079
233,42,1046,327,0.8,1020,260,1071,393
233,16,70,187,0.797,41,127,100,246
233,5,1092,208,0.789,1063,142,1121,274
233,22,511,861,0.787,469,783,553,940
233,44,934,392,0.772,906,310,961,473
233,31,1520,130,0.742,1492,66,1548,195
233,56,1811,442,0.709,1771,361,1851,522
233,17,363,544,0.688,333,475,394,613
233,29,419,561,0.677,380,480,459,643
233,53,471,540,0.635,439,466,504,615
233,62,960,84,0.546,932,19,988,149
233,57,234,163,0.545,201,96,267,230
233,2,708,61,0.53,685,0,731,122
233,45,1399,89,0.518,1381,23,1417,155
233,6,1246,82,0.505,1221,25,1272,139
233,43,642,71,0.472,627,19,657,123
233,25,1853,263,0.456,1823,198,1883,328
233,60,1016,88,0.407,995,32,1037,144
234,9,987,963,0.889,936,858,1038,1068
234,24,1230,652,0.888,1189,575,1271,728
234,47,1265,308,0.859,1234,234,1296,382
234,23,1040,768,0.856,997,665,1084,872
234,61,787,864,0.856,747,777,827,951
234,13,552,1045,0.827,497,1012,607,1079
234,51,732,415,0.825,698,332,766,498
234,22,510,864,0.814,469,786,551,942
234,16,71,187,0.792,40,127,101,247
234,5,1093,206,0.782,1064,139,1122,274
234,59,198,916,0.782,141,825,255,1007
234,42,1046,318,0.776,1021,252,1070,384
234,56,1811,442,0.775,1770,364,1853,520
234,44,935,397,0.77,906,316,963,478
234,31,1519,130,0.751,1492,64,1546,195
234,17,361,545,0.684,333,477,390,613
234,29,419,561,0.679,378,480,459,643
234,57,234,167,0.664,202,100,267,235
234,53,470,541,0.648,436,466,503,615
234,62,962,86,0.616,933,22,991,151
234,2,708,61,0.601,685,0,730,123
234,45,1399,89,0.56,1381,23,1417,155
234,43,649,72,0.483,634,18,663,125
234,60,1016,89,0.456,996,33,1036,144
234,25,1855,266,0.452,1824,202,1886,331
234,6,1246,81,0.321,1218,24,1274,139
235,9,986,968,0.89,936,864,1037,1073
235,61,786,863,0.879,744,774,828,952
235,24,1232,653,0.874,1192,578,1272,728
235,47,1265,307,0.866,1234,233,1296,382
235,23,1043,771,0.843,1002,669,1085,872
235,51,731,414,0.824,698,331,765,496
235,16,71,187,0.824,40,128,102,246
235,59,201,923,0.822,146,830,257,1016
235,13,549,1046,0.818,496,1014,601,1078
235,22,510,873,0.811,468,792,552,953
235,56,1811,444,0.791,1770,366,1853,522
235,42,1046,316,0.772,1022,251,1070,381
235,44,935,401,0.761,906,318,964,483
235,5,1092,206,0.747,1063,138,1122,274
235,31,1518,128,0.715,1490,63,1545,193
235,57,234,168,0.684,201,100,267,235
235,29,419,561,0.681,379,480,459,642
235,17,362,545,0.676,333,477,390,613
235,53,470,542,0.619,436,467,503,616
235,2,707,61,0.592,685,0,730,122
235,62,964,87,0.577,935,23,992,151
235,43,652,72,0.559,635,19,669,125
235,45,1399,89,0.529,1381,23,1417,155
235,25,1856,268,0.477,1825,204,1886,331
235,60,1015,89,0.473,994,34,1036,145
235,6,1249,84,0.302,1223,28,1276,139
236,9,986,971,0.884,935,869,1036,1074
236,61,787,861,0.883,744,770,829,952
236,24,1233,655,0.87,1194,581,1272,729
236,23,1044,773,0.856,1002,673,1085,873
236,47,1265,307,0.846,1235,232,1296,382
236,59,204,927,0.83,149,834,259,1020
236,51,731,413,0.823,698,330,763,496
236,16,72,187,0.815,40,127,103,246
236,56,1813,447,0.811,1771,368,1854,527
236,13,548,1049,0.786,495,1020,600,1078
236,22,509,881,0.781,466,796,551,967
236,44,936,402,0.767,908,319,964,484
236,42,1046,314,0.76,1023,250,1069,378
236,5,1093,205,0.729,1063,138,1122,272
236,17,361,544,0.707,333,475,390,612
236,57,234,170,0.701,201,103,267,236
236,31,1516,127,0.684,1487,62,1544,193
236,29,419,561,0.677,379,479,459,642
236,53,469,542,0.625,434,468,503,616
236,2,707,59,0.609,685,0,729,119
236,62,963,88,0.544,937,24,989,153
236,43,654,71,0.54,637,20,672,123
236,45,1399,89,0.517,1381,22,1417,155
236,60,1014,90,0.477,993,34,1035,145
236,6,1253,83,0.404,1228,28,1277,137
236,25,1856,268,0.372,1826,205,1886,331
237,9,985,974,0.892,935,873,1036,1076
237,61,787,860,0.889,744,768,830,952
237,24,1236,656,0.876,1198,583,1273,728
237,23,1044,775,0.845,1001,676,1086,873
237,56,1813,454,0.833,1770,370,1855,538
237,51,731,412,0.82,699,329,763,496
237,59,206,931,0.82,151,838,261,1024
237,16,72,187,0.816,40,127,105,246
237,47,1265,306,0.815,1235,231,1295,381
237,13,548,1052,0.783,498,1025,597,1078
237,44,936,404,0.781,908,322,964,485
237,42,1047,312,0.776,1025,247,1069,378
237,17,363,544,0.755,333,475,393,612
237,5,1093,205,0.733,1063,137,1123,274
237,29,418,560,0.706,379,478,458,642
237,31,1514,127,0.704,1486,61,1543,192
237,22,509,888,0.699,466,799,551,977
237,57,234,170,0.642,199,103,268,238
237,65,465,538,0.62,427,462,504,614
237,2,707,59,0.578,685,0,729,119
237,62,963,88,0.575,938,24,989,153
237,45,1399,89,0.57,1381,22,1417,155
237,43,659,73,0.558,638,21,680,125
237,60,1015,89,0.531,994,34,1035,143
237,6,1254,82,0.454,1228,29,1279,136
237,58,1897,267,0.425,1874,203,1919,331
237,25,1855,270,0.4,1828,209,1883,331
238,61,786,858,0.895,744,765,829,952
238,9,985,976,0.883,935,876,1036,1076
238,24,1237,655,0.875,1201,583,1273,728
238,23,1046,775,0.845,1006,678,1086,873
238,51,731,411,0.842,699,327,763,495
238,59,210,934,0.827,156,841,264,1026
238,16,72,187,0.811,40,127,105,246
238,47,1265,304,0.811,1235,228,1294,380
238,56,1814,457,0.804,1773,372,1856,542
238,44,937,405,0.798,909,323,965,486
238,42,1048,311,0.78,1027,245,1069,377
238,5,1093,205,0.747,1064,136,1123,274
238,17,362,544,0.735,334,476,391,612
238,22,509,894,0.733,467,805,551,984
238,31,1514,126,0.725,1486,60,1542,192
238,29,418,560,0.722,378,478,458,641
238,13,548,1054,0.721,501,1030,595,1079
238,57,233,173,0.672,200,107,267,239
238,65,465,537,0.64,426,461,504,613
238,60,1014,90,0.6,993,34,1035,146
238,2,708,58,0.582,686,0,729,116
238,45,1399,88,0.579,1381,22,1417,155
238,62,963,88,0.574,937,24,989,153
238,43,662,72,0.571,638,21,686,123
238,58,1897,267,0.522,1875,203,1919,332
238,6,1257,80,0.455,1232,27,1282,133
238,25,1855,269,0.45,1828,208,1883,330
239,61,784,854,0.885,743,758,826,950
239,24,1240,659,0.874,1204,589,1276,729
239,9,986,981,0.868,937,885,1035,1077
239,51,729,407,0.847,697,322,761,493
239,23,1048,778,0.831,1008,683,1088,873
239,56,1815,463,0.829,1774,377,1856,549
239,47,1263,299,0.818,1234,223,1293,376
239,44,939,406,0.807,911,326,967,486
239,16,73,186,0.8,39,127,107,245
239,59,212,937,0.779,159,848,265,1026
239,22,507,904,0.767,465,816,550,993
239,17,363,543,0.761,334,475,391,611
239,5,1094,203,0.756,1065,133,1124,273
239,42,1048,310,0.736,1027,243,1069,377
239,29,418,559,0.719,377,478,458,641
239,13,545,1059,0.715,506,1040,583,1079
239,31,1511,125,0.706,1485,58,1537,191
239,57,233,175,0.618,198,108,267,242
239,65,467,538,0.614,427,460,506,615
239,60,1013,92,0.602,992,35,1035,149
239,2,707,55,0.593,685,0,728,111
239,62,962,89,0.581,935,25,989,152
239,45,1399,88,0.573,1381,21,1417,155
239,43,667,73,0.552,639,21,695,124
239,58,1895,270,0.531,1872,207,1919,334
239,6,1259,79,0.523,1234,24,1284,134
239,25,1853,273,0.327,1828,217,1878,328
240,24,1240,665,0.867,1204,592,1277,739
240,9,986,982,0.866,936,888,1036,1076
240,61,784,850,0.864,743,753,825,947
240,23,1047,779,0.825,1006,685,1088,872
240,51,730,407,0.821,699,321,761,492
240,16,74,186,0.816,40,127,108,244
240,56,1813,465,0.813,1772,379,1855,551
240,47,1262,296,0.809,1232,220,1292,372
240,44,940,408,0.801,911,330,968,485
240,59,213,938,0.775,159,850,267,1026
240,17,363,543,0.767,335,475,391,611
240,42,1049,309,0.759,1027,240,1070,378
240,5,1096,201,0.735,1067,131,1124,271
240,22,506,908,0.73,465,819,548,998
240,29,418,559,0.709,377,478,459,640
240,31,1511,121,0.674,1485,55,1536,188
240,57,232,177,0.642,198,109,266,244
240,13,543,1063,0.612,509,1046,577,1080
240,65,466,537,0.605,427,461,505,613
240,2,707,53,0.581,685,0,729,107
240,60,1014,94,0.566,992,37,1035,151
240,62,963,89,0.553,935,26,990,152
240,6,1261,77,0.532,1236,24,1286,129
240,43,668,73,0.529,640,21,696,124
240,45,1400,88,0.519,1382,21,1417,155
240,58,1896,273,0.4,1873,209,1919,337
240,66,112,20,0.36,81,0,144,40
241,9,987,983,0.861,937,892,1037,1075
241,61,782,845,0.856,739,750,824,941
241,24,1242,672,0.826,1205,594,1278,749
241,56,1814,466,0.82,1773,381,1854,552
241,16,74,185,0.81,40,127,109,244
241,23,1048,781,0.807,1008,688,1088,874
241,44,940,406,0.807,911,328,969,484
241,51,731,405,0.806,701,319,761,491
241,47,1261,291,0.802,1231,216,1292,365
241,17,363,543,0.759,335,475,391,611
241,42,1049,308,0.753,1027,240,1070,377
241,5,1096,198,0.747,1068,130,1125,267
241,22,506,910,0.733,464,821,547,1000
241,59,213,939,0.727,161,854,264,1025
241,29,419,558,0.648,378,477,460,639
241,31,1510,119,0.646,1484,52,1535,186
241,6,1262,75,0.61,1238,23,1286,128
241,60,1014,95,0.599,992,38,1035,152
241,57,232,176,0.588,197,108,267,244
241,62,962,88,0.575,933,26,990,151
241,43,669,74,0.557,641,23,697,125
241,2,707,53,0.547,684,0,729,106
241,45,1399,87,0.535,1381,20,1418,154
241,13,543,1065,0.502,519,1051,567,1079
241,65,466,537,0.5,427,462,506,613
241,68,1896,237,0.395,1872,131,1919,342
241,58,1898,276,0.334,1877,207,1919,344
241,66,114,20,0.322,84,0,144,40
242,9,987,985,0.877,938,894,1037,1076
242,61,781,840,0.857,741,745,821,935
242,44,941,407,0.83,911,332,970,483
242,23,1050,787,0.829,1010,691,1090,884
242,56,1813,469,0.813,1772,383,1854,556
242,24,1242,679,0.81,1206,600,1279,758
242,47,1261,286,0.8,1229,214,1293,359
242,16,75,185,0.8,39,126,110,243
242,22,504,913,0.791,462,825,546,1001
242,51,731,403,0.782,702,317,760,489
242,42,1049,306,0.771,1027,238,1070,374
242,57,231,177,0.75,196,109,266,244
242,5,1097,195,0.747,1069,127,1125,262
242,17,363,543,0.742,335,474,392,611
242,59,213,943,0.708,162,856,264,1029
242,29,419,558,0.629,379,477,458,639
242,31,1509,117,0.627,1484,52,1534,182
242,6,1266,73,0.626,1242,20,1291,126
242,43,672,74,0.57,643,22,701,126
242,62,961,90,0.561,932,27,990,153
242,65,468,538,0.54,429,462,506,613
242,60,1014,97,0.537,992,38,1036,155
242,45,1399,87,0.516,1381,20,1418,154
242,2,707,51,0.457,685,0,730,102
242,69,1806,19,0.453,1772,0,1839,38
242,53,476,546,0.439,446,477,505,615
242,68,1897,241,0.418,1875,138,1919,343
242,58,1898,271,0.389,1877,195,1919,346
243,9,989,989,0.884,939,900,1038,1077
243,61,780,835,0.862,741,740,818,930
243,47,1262,282,0.848,1231,211,1292,353
243,44,941,410,0.825,912,333,971,486
243,51,728,400,0.817,698,314,758,486
243,24,1243,683,0.813,1207,604,1279,762
243,16,74,185,0.813,39,126,110,243
243,23,1050,796,0.813,1008,695,1092,898
243,56,1813,471,0.789,1771,386,1854,555
243,22,503,915,0.769,463,828,544,1002
243,5,1097,192,0.748,1069,125,1125,259
243,42,1049,304,0.745,1029,236,1070,373
243,17,363,542,0.709,335,474,392,611
243,59,211,953,0.68,162,860,260,1046
243,31,1508,113,0.65,1484,49,1533,178
243,57,230,178,0.602,195,111,265,245
243,29,419,558,0.597,379,478,458,639
243,6,1266,70,0.587,1243,17,1290,123
243,43,674,73,0.557,646,22,703,125
243,65,468,536,0.537,429,459,507,614
243,62,961,91,0.527,931,27,990,155
243,45,1400,86,0.504,1381,18,1419,154
243,60,1014,98,0.471,992,39,1036,157
243,53,478,545,0.471,450,476,506,615
243,2,709,50,0.42,689,0,729,100
243,68,1897,239,0.39,1875,135,1919,344
243,69,1808,19,0.357,1775,0,1840,38
243,58,1899,277,0.318,1878,206,1919,347
244,9,991,994,0.901,942,911,1040,1078
244,61,779,819,0.879,739,730,820,908
244,44,942,417,0.845,912,336,973,498
244,23,1050,810,0.838,1008,704,1092,917
244,16,75,184,0.835,40,125,110,243
244,47,1261,275,0.828,1230,205,1292,345
244,24,1246,692,0.804,1211,612,1281,773
244,51,730,391,0.803,701,306,760,476
244,59,214,966,0.794,166,872,263,1060
244,56,1812,472,0.759,1770,387,1854,557
244,5,1097,185,0.757,1068,120,1126,251
244,42,1051,299,0.747,1030,231,1072,367
244,17,364,542,0.741,335,472,394,611
244,31,1508,109,0.722,1484,44,1531,173
244,22,499,917,0.705,457,831,542,1002
244,29,419,558,0.651,380,477,457,639
244,6,1269,68,0.616,1246,16,1292,121
244,45,1400,86,0.585,1383,19,1418,153
244,57,229,179,0.566,194,111,263,246
244,62,961,94,0.535,932,30,990,159
244,60,1015,99,0.534,995,42,1035,157
244,65,468,536,0.522,429,458,508,614
244,43,679,73,0.505,656,22,702,124
244,25,1859,273,0.503,1828,213,1890,334
244,2,710,48,0.41,690,0,729,96
244,53,479,543,0.384,451,473,507,614
244,58,1901,283,0.375,1882,218,1919,348
245,9,993,997,0.922,944,915,1043,1078
245,61,778,812,0.88,739,726,818,898
245,44,943,423,0.846,912,340,973,506
245,16,75,184,0.84,40,125,110,243
245,24,1247,694,0.835,1212,615,1282,773
245,47,1261,274,0.822,1231,203,1291,344
245,23,1049,813,0.821,1006,708,1091,918
245,51,729,386,0.811,699,304,759,468
245,56,1813,472,0.784,1770,388,1855,557
245,42,1052,294,0.78,1030,229,1075,359
245,59,216,975,0.775,169,878,263,1071
245,17,364,542,0.757,335,472,393,611
245,5,1097,184,0.755,1069,118,1126,249
245,31,1508,106,0.731,1485,43,1530,169
245,57,229,179,0.699,194,111,264,246
245,22,499,918,0.689,455,834,542,1001
245,29,420,558,0.673,381,477,458,640
245,6,1270,69,0.659,1247,16,1292,121
245,65,469,536,0.62,430,458,508,614
245,60,1015,100,0.599,996,43,1035,157
245,45,1400,86,0.583,1383,19,1418,152
245,62,961,96,0.543,932,31,990,161
245,25,1859,275,0.501,1828,214,1890,336
245,43,681,72,0.491,661,19,701,124
245,53,479,544,0.438,452,476,507,613
245,2,709,48,0.387,689,0,728,97
245,68,1900,252,0.355,1882,153,1919,350
245,66,136,18,0.314,115,0,157,37
246,9,994,1000,0.914,945,921,1044,1078
246,61,778,806,0.878,738,722,818,889
246,44,942,425,0.849,911,343,973,507
246,16,75,183,0.843,40,124,110,243
246,22,497,921,0.812,454,841,540,1001
246,24,1249,696,0.809,1213,618,1284,774
246,47,1262,273,0.807,1233,201,1291,345
246,51,729,381,0.804,699,300,760,462
246,56,1813,473,0.803,1771,389,1856,556
246,23,1047,816,0.799,1006,710,1089,922
246,59,218,974,0.787,171,883,265,1065
246,42,1052,289,0.764,1030,225,1074,353
246,5,1097,182,0.762,1068,116,1125,248
246,17,363,541,0.746,335,472,391,610
246,70,1449,1050,0.73,1413,1022,1485,1079
246,31,1508,104,0.701,1485,41,1531,166
246,29,417,558,0.689,384,479,449,638
246,65,470,536,0.663,432,458,509,613
246,57,228,178,0.652,194,111,263,245
246,6,1270,68,0.628,1247,15,1293,120
246,62,960,98,0.584,931,32,989,163
246,60,1013,100,0.574,993,41,1034,159
246,45,1401,85,0.566,1383,19,1418,152
246,25,1859,276,0.535,1828,215,1890,337
246,58,1902,283,0.407,1886,214,1919,352
246,43,684,71,0.401,666,18,702,123
247,61,777,804,0.912,738,719,815,888
247,9,996,1002,0.884,946,926,1046,1078
247,44,941,429,0.849,910,346,973,512
247,24,1250,697,0.833,1216,620,1284,774
247,51,730,377,0.815,699,297,761,456
247,16,74,184,0.801,39,124,109,243
247,56,1813,473,0.8,1771,390,1856,556
247,42,1051,286,0.796,1030,222,1073,351
247,5,1096,181,0.793,1068,115,1125,246
247,47,1261,272,0.791,1232,200,1291,345
247,22,497,923,0.789,454,844,539,1002
247,59,223,982,0.776,176,890,269,1074
247,17,363,541,0.753,335,471,391,610
247,23,1047,823,0.749,1004,715,1090,930
247,70,1447,1047,0.721,1406,1015,1487,1079
247,31,1507,103,0.706,1484,38,1530,167
247,29,416,557,0.652,381,477,452,638
247,6,1271,67,0.632,1248,14,1294,121
247,62,959,98,0.628,930,34,988,163
247,65,470,536,0.614,432,458,509,613
247,60,1015,100,0.579,996,44,1034,156
247,45,1401,85,0.53,1383,19,1418,152
247,57,227,179,0.508,194,112,261,246
247,53,479,543,0.503,451,474,507,612
247,25,1860,278,0.443,1828,218,1891,337
247,58,1902,285,0.405,1885,216,1919,355
247,66,139,17,0.367,126,0,153,34
248,61,775,801,0.922,736,715,814,888
248,9,996,1003,0.872,946,929,1046,1078
248,44,942,432,0.86,910,349,973,515
248,24,1251,698,0.82,1216,623,1286,774
248,22,496,925,0.804,451,847,540,1004
248,42,1052,285,0.797,1030,221,1074,349
248,51,730,375,0.788,699,295,761,456
248,16,73,183,0.778,38,124,108,243
248,47,1262,272,0.777,1234,199,1290,345
248,23,1046,829,0.767,1001,721,1090,936
248,5,1096,181,0.764,1067,114,1125,247
248,59,230,986,0.759,180,896,280,1077
248,56,1814,474,0.757,1772,392,1855,556
248,17,363,541,0.754,335,471,392,611
248,70,1444,1044,0.688,1401,1008,1486,1079
248,29,418,557,0.658,381,477,454,638
248,31,1505,103,0.644,1482,38,1528,168
248,65,470,535,0.59,431,457,509,613
248,62,960,101,0.588,931,36,988,166
248,6,1272,66,0.555,1249,13,1295,119
248,60,1013,101,0.548,993,44,1034,158
248,57,229,180,0.539,195,113,262,247
248,45,1401,85,0.49,1383,19,1418,152
248,25,1860,280,0.443,1828,221,1891,339
248,53,478,543,0.44,449,473,508,612
248,58,1901,277,0.426,1883,199,1919,354
249,61,773,798,0.919,734,709,813,887
249,9,1000,1009,0.892,948,940,1051,1078
249,44,941,435,0.856,909,352,973,518
249,24,1251,700,0.832,1212,628,1290,773
249,57,229,183,0.793,193,114,264,252
249,23,1045,833,0.793,998,727,1092,938
249,42,1051,281,0.786,1029,216,1073,345
249,59,227,991,0.784,182,905,272,1078
249,70,1433,1037,0.771,1389,996,1477,1078
249,16,73,183,0.769,38,124,108,243
249,22,494,942,0.766,450,856,538,1028
249,47,1263,270,0.752,1235,197,1291,343
249,51,733,371,0.742,701,291,764,452
249,5,1095,179,0.737,1067,111,1124,246
249,17,363,541,0.733,335,471,391,610
249,56,1815,476,0.694,1774,396,1856,556
249,31,1503,102,0.674,1478,36,1528,167
249,29,415,558,0.656,383,478,447,639
249,62,960,103,0.581,932,39,988,167
249,60,1014,101,0.56,995,46,1034,155
249,6,1274,65,0.544,1250,12,1298,117
249,45,1401,85,0.524,1383,19,1419,151
249,53,481,542,0.49,453,473,509,612
249,71,1874,175,0.474,1829,96,1919,254
249,66,154,17,0.305,129,0,179,34
249,25,1862,279,0.301,1831,222,1893,337
250,61,773,796,0.906,733,706,813,887
250,9,1002,1012,0.885,951,946,1054,1079
250,22,494,951,0.86,451,860,537,1042
250,44,942,436,0.859,911,353,973,519
250,24,1251,703,0.857,1212,630,1291,775
250,70,1428,1034,0.808,1382,990,1475,1078
250,42,1052,280,0.803,1028,215,1075,345
250,23,1047,834,0.789,1001,729,1094,938
250,47,1264,266,0.786,1236,193,1292,339
250,56,1816,478,0.784,1775,397,1857,559
250,57,229,186,0.77,194,117,265,255
250,59,229,993,0.758,183,908,274,1078
250,17,365,541,0.734,336,471,394,610
250,51,733,371,0.734,702,290,763,452
250,5,1096,178,0.73,1068,110,1123,245
250,16,74,183,0.72,39,124,109,242
250,29,415,559,0.671,383,481,446,637
250,60,1014,103,0.605,993,48,1034,158
250,31,1502,101,0.584,1476,35,1527,167
250,62,960,104,0.579,931,42,989,167
250,45,1401,85,0.508,1384,18,1419,151
250,53,482,543,0.491,455,474,509,612
250,6,1275,64,0.489,1251,11,1300,118
250,71,1875,176,0.435,1831,98,1918,255
250,65,474,536,0.375,438,461,510,611
250,66,159,17,0.344,130,0,187,35
250,43,699,81,0.304,678,38,720,124
250,25,1862,282,0.303,1831,228,1893,336
251,61,774,794,0.886,734,702,814,886
251,9,1005,1014,0.883,954,949,1056,1079
251,44,942,437,0.867,912,354,972,519
251,22,494,958,0.859,451,865,537,1051
251,24,1252,708,0.846,1211,632,1293,784
251,57,229,188,0.821,194,118,265,257
251,59,229,994,0.792,182,911,276,1078
251,70,1422,1031,0.788,1373,984,1471,1078
251,42,1050,279,0.78,1028,214,1071,345
251,56,1816,483,0.773,1775,400,1857,565
251,47,1264,264,0.757,1237,191,1291,338
251,23,1046,836,0.754,1001,733,1092,938
251,16,75,183,0.746,40,123,110,242
251,5,1095,177,0.738,1067,109,1123,245
251,17,365,541,0.735,336,471,394,610
251,51,733,370,0.712,701,286,764,453
251,29,420,557,0.667,382,477,459,638
251,60,1014,107,0.611,993,50,1034,163
251,31,1500,99,0.586,1475,33,1526,166
251,62,959,105,0.58,929,42,990,167
251,45,1402,85,0.544,1384,18,1420,151
251,6,1275,63,0.507,1249,9,1301,116
251,53,484,543,0.486,457,475,510,611
251,71,1875,175,0.408,1832,97,1918,254
251,65,475,536,0.391,440,462,511,611
251,66,161,17,0.309,130,0,191,35
252,9,1006,1015,0.887,954,951,1057,1078
252,44,942,437,0.878,912,356,972,519
252,61,775,791,0.868,735,697,814,886
252,24,1251,716,0.844,1210,638,1293,795
252,57,229,189,0.84,194,120,264,258
252,59,229,995,0.806,176,913,283,1077
252,56,1816,486,0.803,1775,401,1857,572
252,22,493,963,0.779,449,870,537,1057
252,42,1050,278,0.775,1027,211,1072,345
252,23,1050,836,0.766,1008,735,1091,938
252,47,1265,259,0.764,1237,187,1293,330
252,70,1414,1029,0.758,1361,979,1468,1078
252,17,368,539,0.756,336,470,400,609
252,16,75,181,0.731,40,123,109,240
252,5,1095,176,0.731,1067,108,1124,244
252,51,733,370,0.72,703,283,764,456
252,29,420,556,0.706,380,474,460,637
252,31,1500,98,0.585,1474,32,1525,164
252,60,1013,107,0.574,992,50,1034,164
252,62,959,104,0.571,928,41,990,167
252,45,1402,84,0.54,1384,17,1420,151
252,6,1277,61,0.53,1252,5,1301,116
252,65,472,535,0.504,433,458,510,613
252,53,482,539,0.489,454,467,510,611
252,72,9,306,0.435,0,268,19,344
252,71,1874,175,0.341,1831,96,1917,254
253,9,1008,1016,0.889,954,954,1062,1078
253,44,942,438,0.875,912,358,972,519
253,61,774,790,0.871,735,696,814,884
253,24,1252,723,0.857,1208,643,1295,803
253,57,230,190,0.834,196,121,264,259
253,59,235,997,0.8,180,916,290,1077
253,56,1816,490,0.793,1776,404,1857,577
253,47,1266,255,0.782,1238,184,1294,327
253,22,493,968,0.762,448,875,537,1061
253,42,1049,277,0.756,1027,211,1071,344
253,17,369,539,0.747,336,469,402,610
253,70,1405,1026,0.737,1345,974,1465,1079
253,29,420,555,0.725,380,473,461,637
253,23,1051,836,0.717,1010,736,1091,936
253,5,1094,175,0.713,1067,106,1122,245
253,16,74,181,0.707,40,123,108,238
253,51,733,367,0.68,701,282,765,452
253,65,472,534,0.591,433,457,510,612
253,31,1498,96,0.581,1473,30,1524,163
253,62,958,104,0.531,928,42,989,166
253,45,1402,84,0.529,1384,17,1420,151
253,60,1013,110,0.528,992,52,1034,168
253,6,1277,60,0.456,1253,4,1302,115
253,72,9,306,0.392,0,266,18,346
253,53,482,549,0.31,456,488,509,610
254,9,1010,1021,0.897,956,963,1063,1079
254,61,773,781,0.889,734,685,813,876
254,44,943,439,0.878,914,360,973,518
254,24,1252,731,0.831,1208,650,1296,813
254,56,1816,486,0.815,1775,406,1858,566
254,57,230,192,0.811,196,122,263,262
254,59,248,1000,0.805,192,923,303,1077
254,47,1266,246,0.78,1238,177,1294,315
254,70,1395,1022,0.778,1335,965,1454,1078
254,17,370,538,0.756,337,467,402,609
254,51,734,365,0.751,703,278,766,453
254,42,1049,274,0.747,1025,206,1072,341
254,22,492,976,0.725,449,882,535,1071
254,29,420,555,0.724,381,474,459,636
254,23,1053,839,0.713,1013,744,1094,934
254,16,74,180,0.687,38,121,110,239
254,5,1093,170,0.685,1067,101,1120,239
254,31,1496,92,0.609,1471,26,1522,159
254,45,1402,83,0.566,1383,17,1420,149
254,62,959,103,0.556,931,40,988,166
254,60,1014,111,0.537,993,53,1034,170
254,53,481,543,0.52,452,478,510,608
254,65,474,534,0.498,437,457,510,610
254,6,1280,54,0.482,1254,1,1305,107
254,72,9,309,0.438,0,266,19,351
254,43,714,73,0.378,684,25,744,121
254,71,1869,175,0.348,1822,92,1917,258
255,9,1010,1022,0.892,957,966,1063,1077
255,44,944,439,0.883,914,361,974,518
255,61,774,776,0.871,735,681,814,870
255,24,1251,736,0.859,1207,654,1296,818
255,57,230,193,0.817,196,124,263,262
255,47,1267,243,0.801,1237,174,1296,312
255,70,1390,1020,0.8,1334,961,1447,1078
255,59,249,1003,0.797,195,928,302,1078
255,23,1051,844,0.797,1009,748,1094,941
255,56,1817,485,0.779,1777,410,1857,559
255,51,734,362,0.752,703,276,766,448
255,42,1049,271,0.741,1026,204,1072,338
255,5,1093,167,0.738,1066,98,1120,237
255,22,492,979,0.731,448,885,535,1072
255,17,370,537,0.73,338,467,403,608
255,29,422,554,0.716,382,472,461,635
255,16,75,180,0.713,40,121,110,239
255,31,1496,90,0.596,1471,24,1522,155
255,62,960,103,0.587,932,41,988,166
255,65,472,531,0.583,433,455,510,608
255,45,1402,83,0.582,1384,17,1420,149
255,60,1014,111,0.577,994,53,1035,169
255,6,1281,53,0.537,1257,0,1305,106
255,72,10,309,0.434,0,266,20,352
255,25,1875,284,0.384,1844,224,1907,343
256,44,946,443,0.878,915,364,976,521
256,9,1010,1025,0.872,957,971,1064,1078
256,61,776,771,0.87,737,678,814,863
256,24,1253,738,0.867,1210,657,1296,819
256,47,1268,241,0.827,1240,171,1296,310
256,57,230,193,0.819,197,124,264,262
256,23,1051,853,0.795,1008,751,1095,955
256,70,1385,1017,0.788,1326,957,1444,1078
256,5,1094,164,0.782,1066,95,1122,233
256,59,249,1005,0.765,198,932,300,1078
256,51,735,359,0.747,703,274,767,444
256,42,1049,268,0.731,1026,201,1072,334
256,56,1817,486,0.725,1777,412,1858,560
256,22,491,981,0.72,447,890,535,1073
256,17,370,537,0.718,337,466,404,608
256,29,422,554,0.718,382,472,461,635
256,16,76,181,0.679,42,121,110,240
256,65,472,531,0.612,433,455,511,608
256,62,960,104,0.574,932,40,989,168
256,45,1403,82,0.574,1384,16,1422,149
256,6,1283,50,0.569,1261,0,1306,101
256,31,1496,86,0.554,1470,21,1521,151
256,73,1540,1054,0.535,1501,1030,1580,1078
256,60,1016,112,0.531,994,55,1037,169
256,25,1881,280,0.512,1846,216,1917,345
256,43,716,67,0.352,686,12,747,121
256,72,12,310,0.308,0,268,24,351
257,9,1011,1028,0.878,958,976,1064,1079
257,61,776,763,0.875,737,673,814,853
257,44,946,446,0.875,915,367,977,526
257,24,1254,740,0.862,1212,660,1296,820
257,57,231,193,0.84,198,124,264,261
257,47,1268,239,0.826,1240,168,1296,309
257,5,1093,160,0.815,1066,94,1121,226
257,23,1055,863,0.787,1012,756,1097,971
257,22,490,983,0.786,446,893,534,1073
257,42,1048,264,0.755,1025,198,1071,330
257,51,737,357,0.736,705,271,768,442
257,17,371,537,0.725,337,466,405,607
257,29,420,553,0.724,381,472,460,634
257,56,1819,487,0.713,1778,414,1860,559
257,16,75,180,0.705,42,121,109,239
257,59,250,1009,0.704,202,939,298,1079
257,70,1379,1014,0.678,1322,953,1437,1075
257,65,472,531,0.647,433,455,512,608
257,6,1284,49,0.637,1262,0,1307,99
257,73,1544,1052,0.636,1500,1025,1588,1079
257,45,1403,82,0.636,1385,15,1422,148
257,62,960,107,0.62,933,42,988,172
257,31,1495,83,0.592,1469,20,1520,146
257,25,1883,283,0.57,1849,219,1918,346
257,60,1015,112,0.568,994,55,1037,169
257,43,719,78,0.386,691,37,746,120
257,72,13,310,0.302,0,269,27,351
258,61,775,755,0.899,737,668,813,842
258,24,1256,740,0.891,1215,662,1297,818
258,9,1011,1030,0.844,958,982,1064,1078
258,44,947,449,0.834,916,369,978,529
258,23,1055,870,0.817,1013,760,1097,980
258,22,490,984,0.814,446,896,535,1072
258,47,1268,237,0.813,1241,167,1296,308
258,5,1093,157,0.805,1065,91,1121,222
258,57,231,192,0.78,199,124,264,261
258,56,1820,502,0.777,1779,416,1860,588
258,51,738,352,0.761,706,268,769,437
258,42,1048,260,0.751,1025,195,1072,325
258,16,75,179,0.735,41,120,108,237
258,29,420,553,0.712,380,472,460,634
258,17,370,537,0.712,337,466,404,607
258,73,1542,1048,0.692,1497,1018,1587,1079
258,62,962,109,0.643,935,41,990,177
258,45,1403,81,0.625,1385,14,1422,148
258,65,472,531,0.623,433,455,512,608
258,6,1285,49,0.618,1263,0,1307,99
258,70,1368,1011,0.603,1318,945,1419,1076
258,25,1885,284,0.565,1851,219,1918,349
258,31,1494,80,0.551,1468,17,1519,143
258,60,1015,112,0.53,994,55,1037,168
258,59,246,1012,0.529,202,945,289,1080
259,24,1262,742,0.859,1224,666,1300,818
259,9,1010,1036,0.859,956,994,1064,1079
259,61,776,743,0.856,739,660,813,825
259,44,948,459,0.835,917,375,979,544
259,47,1268,236,0.81,1241,164,1296,308
259,22,490,988,0.8,445,904,534,1072
259,16,76,178,0.78,42,120,109,237
259,42,1050,253,0.778,1028,191,1072,315
259,23,1055,880,0.775,1010,772,1101,987
259,51,739,342,0.772,706,263,772,422
259,5,1093,152,0.759,1065,88,1121,217
259,70,1356,1005,0.758,1311,934,1401,1076
259,56,1819,503,0.722,1778,420,1861,586
259,73,1544,1043,0.715,1499,1006,1590,1079
259,17,370,535,0.702,338,464,402,607
259,29,420,553,0.696,380,471,460,635
259,57,232,192,0.647,198,124,265,260
259,59,256,1017,0.641,209,954,303,1079
259,62,963,110,0.639,936,42,991,178
259,31,1493,77,0.627,1468,14,1518,141
259,45,1404,80,0.626,1385,14,1422,147
259,6,1286,49,0.607,1264,0,1308,99
259,65,471,532,0.539,432,456,509,607
259,60,1016,111,0.525,995,55,1037,167
259,25,1884,288,0.516,1850,221,1918,354
259,43,719,63,0.389,697,8,741,117
260,61,776,740,0.867,738,657,814,824
260,24,1262,743,0.867,1224,669,1300,818
260,9,1010,1040,0.822,955,1000,1064,1079
260,44,950,461,0.813,919,377,980,545
260,51,739,338,0.799,706,259,773,417
260,73,1545,1040,0.797,1500,1001,1591,1079
260,47,1268,236,0.792,1241,164,1296,308
260,23,1058,885,0.782,1014,776,1101,995
260,42,1050,251,0.777,1029,188,1071,314
260,16,76,178,0.774,42,120,110,237
260,70,1362,1002,0.772,1311,928,1412,1077
260,22,489,989,0.757,444,906,534,1072
260,5,1093,151,0.741,1066,86,1121,216
260,56,1821,503,0.706,1779,421,1862,584
260,29,420,553,0.699,380,470,461,635
260,17,370,535,0.695,338,463,402,607
260,59,260,1018,0.678,212,958,308,1078
260,57,232,192,0.622,198,125,266,259
260,62,964,114,0.609,937,45,990,182
260,31,1491,78,0.583,1465,14,1517,141
260,45,1404,81,0.576,1385,14,1422,147
260,6,1287,49,0.559,1265,0,1309,99
260,65,470,531,0.521,431,456,510,607
260,60,1016,111,0.51,995,56,1037,167
260,25,1884,292,0.37,1850,227,1918,356
260,74,1839,183,0.36,1799,116,1879,251
260,72,15,309,0.316,0,269,31,350
261,24,1263,745,0.869,1225,672,1300,818
261,61,777,739,0.852,739,653,814,825
261,73,1545,1036,0.826,1499,994,1591,1079
261,9,1009,1042,0.813,957,1006,1062,1078
261,51,740,335,0.808,706,258,773,411
261,23,1057,889,0.806,1011,781,1102,998
261,44,950,465,0.801,919,379,982,550
261,47,1268,235,0.799,1241,163,1295,307
261,22,488,990,0.799,443,908,533,1072
261,70,1361,1001,0.791,1310,924,1413,1077
261,42,1050,250,0.786,1030,187,1071,312
261,5,1093,151,0.767,1065,85,1121,216
261,16,76,178,0.745,42,120,110,237
261,29,421,553,0.715,381,471,461,635
261,56,1821,505,0.715,1779,423,1862,587
261,59,267,1020,0.714,215,963,320,1078
261,17,369,535,0.684,338,464,400,607
261,62,965,114,0.649,937,47,992,182
261,57,231,193,0.639,197,125,265,260
261,6,1288,48,0.625,1266,0,1310,97
261,45,1403,80,0.624,1385,14,1422,147
261,31,1490,77,0.598,1464,13,1516,140
261,60,1016,112,0.563,996,56,1037,168
261,65,472,531,0.536,433,455,512,607
261,25,1884,291,0.499,1849,224,1918,359
261,74,1835,182,0.335,1797,116,1873,248
262,61,776,736,0.876,737,648,814,823
262,24,1264,752,0.875,1225,676,1302,828
262,9,1008,1045,0.814,957,1010,1058,1079
262,73,1544,1032,0.811,1499,986,1589,1078
262,22,487,995,0.806,442,914,533,1076
262,51,739,333,0.8,705,257,772,409
262,44,950,468,0.792,919,381,982,554
262,70,1357,997,0.786,1306,918,1408,1077
262,23,1061,892,0.779,1019,784,1103,999
262,47,1268,233,0.778,1240,161,1296,305
262,42,1051,249,0.773,1031,185,1071,313
262,56,1821,506,0.773,1778,424,1863,588
262,59,269,1022,0.761,216,966,322,1078
262,5,1093,150,0.755,1065,84,1121,217
262,29,422,553,0.702,382,471,461,635
262,16,76,178,0.701,42,119,110,237
262,17,369,535,0.685,338,463,400,607
262,57,232,193,0.648,197,127,266,259
262,62,965,115,0.641,938,47,992,183
262,60,1017,114,0.602,996,57,1037,171
262,6,1289,49,0.591,1267,0,1312,98
262,45,1404,80,0.585,1385,14,1423,147
262,31,1489,77,0.562,1462,12,1515,141
262,25,1884,292,0.554,1849,224,1918,360
262,65,470,529,0.515,429,452,510,607
263,61,776,735,0.889,738,648,814,823
263,24,1264,760,0.88,1225,680,1302,840
263,44,951,469,0.839,920,384,982,554
263,22,487,998,0.817,441,918,533,1078
263,51,739,330,0.803,706,253,772,408
263,9,1008,1046,0.795,960,1015,1056,1078
263,56,1822,506,0.789,1779,425,1864,587
263,47,1267,230,0.785,1239,157,1296,303
263,59,275,1024,0.774,217,969,334,1079
263,42,1051,249,0.774,1031,184,1070,313
263,73,1544,1028,0.767,1499,978,1588,1078
263,70,1355,996,0.764,1303,913,1407,1078
263,5,1093,149,0.738,1065,82,1122,215
263,23,1061,894,0.733,1018,788,1104,1000
263,29,423,553,0.727,386,472,460,635
263,17,369,535,0.706,338,463,399,606
263,16,77,178,0.703,42,119,111,237
263,62,966,114,0.633,939,47,993,182
263,45,1404,80,0.606,1385,13,1423,147
263,60,1017,115,0.605,997,57,1037,174
263,57,232,194,0.604,196,127,267,260
263,31,1487,76,0.564,1460,11,1513,141
263,6,1290,48,0.558,1268,0,1313,97
263,25,1884,292,0.558,1849,225,1918,360
263,65,478,531,0.493,445,457,510,606
263,43,741,64,0.394,723,9,759,118
263,53,484,545,0.327,457,484,510,606
264,61,776,732,0.889,738,642,814,823
264,24,1266,769,0.88,1228,686,1304,853
264,44,952,471,0.866,923,388,982,554
264,22,486,1003,0.832,441,928,531,1078
264,51,737,330,0.808,706,250,768,409
264,56,1822,510,0.79,1778,431,1866,590
264,47,1267,224,0.779,1238,151,1297,296
264,42,1052,247,0.764,1032,183,1072,312
264,9,1012,1051,0.762,967,1024,1057,1077
264,59,273,1027,0.754,219,976,327,1079
264,70,1349,989,0.753,1302,902,1395,1077
264,5,1093,148,0.753,1064,81,1121,216
264,17,368,535,0.711,338,463,399,606
264,23,1061,898,0.697,1019,797,1104,999
264,16,76,177,0.675,43,118,110,237
264,29,423,553,0.664,387,472,459,635
264,62,966,115,0.661,939,48,993,182
264,25,1885,294,0.65,1852,229,1918,360
264,45,1404,80,0.627,1385,14,1423,146
264,73,1545,1020,0.625,1498,963,1592,1076
264,57,231,198,0.619,195,129,267,267
264,60,1018,119,0.602,998,59,1037,179
264,31,1484,71,0.577,1459,7,1509,136
264,53,484,538,0.537,458,471,509,606
264,6,1293,46,0.535,1271,0,1316,92
264,43,751,68,0.533,726,17,775,118
265,61,776,730,0.887,739,638,813,822
265,44,952,472,0.885,922,390,982,554
265,24,1266,775,0.875,1229,691,1303,858
265,70,1344,988,0.822,1294,899,1393,1077
265,56,1823,516,0.815,1778,433,1867,599
265,51,737,328,0.813,707,248,766,409
265,47,1266,218,0.794,1236,149,1297,288
265,42,1052,247,0.767,1032,182,1072,312
265,23,1062,900,0.764,1021,799,1103,1001
265,22,486,1004,0.752,440,931,532,1078
265,5,1093,148,0.732,1065,80,1121,215
265,17,369,534,0.702,338,463,400,606
265,25,1886,294,0.689,1854,228,1918,360
265,9,1011,1054,0.656,967,1029,1054,1078
265,16,76,177,0.637,43,118,110,237
265,59,271,1030,0.634,221,980,320,1079
265,62,965,115,0.621,938,48,992,182
265,60,1018,120,0.614,998,61,1037,180
265,29,424,554,0.61,388,471,460,636
265,45,1404,80,0.592,1385,14,1423,147
265,31,1483,73,0.55,1458,7,1509,139
265,53,484,542,0.52,459,477,510,606
265,57,230,200,0.476,193,131,266,269
265,73,1544,1015,0.474,1497,959,1591,1072
265,43,754,69,0.459,727,18,781,119
265,6,1294,45,0.457,1272,0,1316,90
266,61,776,728,0.891,740,636,813,819
266,44,953,473,0.882,922,392,983,554
266,24,1267,782,0.853,1229,698,1305,866
266,56,1823,522,0.84,1779,436,1867,608
266,23,1063,901,0.831,1023,801,1103,1000
266,47,1267,216,0.802,1237,147,1297,285
266,70,1333,985,0.802,1278,894,1388,1076
266,51,737,328,0.792,708,247,766,409
266,42,1052,246,0.763,1033,182,1072,310
266,5,1093,147,0.735,1066,79,1120,215
266,22,485,1008,0.701,439,938,531,1078
266,17,369,535,0.697,338,463,400,606
266,60,1018,123,0.663,999,64,1037,182
266,59,270,1033,0.626,223,986,316,1079
266,62,965,115,0.625,937,49,992,182
266,9,1012,1056,0.619,970,1034,1054,1078
266,45,1404,80,0.613,1385,14,1423,147
266,16,77,178,0.593,43,119,111,237
266,25,1889,295,0.585,1859,229,1918,360
266,31,1481,70,0.58,1456,5,1507,135
266,57,230,203,0.558,193,132,267,274
266,29,420,554,0.552,386,472,454,635
266,53,485,542,0.484,460,477,509,607
266,43,756,65,0.448,727,12,785,118
266,6,1294,44,0.435,1272,0,1316,88
266,73,1545,1009,0.433,1497,953,1593,1065
267,44,953,473,0.873,923,394,983,551
267,61,777,725,0.862,740,633,814,817
267,24,1268,786,0.844,1231,703,1306,870
267,51,733,327,0.817,702,246,765,407
267,23,1063,903,0.808,1023,805,1103,1001
267,47,1267,213,0.795,1237,144,1296,281
267,56,1823,528,0.794,1779,439,1867,618
267,70,1326,984,0.759,1270,892,1381,1076
267,42,1052,245,0.759,1033,180,1072,310
267,5,1093,146,0.746,1066,78,1120,214
267,22,483,1010,0.718,437,943,528,1078
267,17,369,535,0.675,338,463,399,607
267,60,1018,124,0.645,999,66,1037,181
267,62,964,116,0.636,935,51,993,181
267,59,272,1035,0.63,226,991,318,1079
267,25,1890,295,0.62,1861,230,1918,360
267,45,1404,80,0.604,1385,14,1423,147
267,29,423,553,0.601,385,470,461,636
267,9,1019,1059,0.591,985,1039,1052,1079
267,31,1482,69,0.59,1457,4,1506,133
267,16,77,179,0.567,43,120,112,238
267,43,757,60,0.529,728,1,786,120
267,57,230,204,0.491,193,135,267,274
267,53,484,536,0.461,459,465,510,607
267,6,1295,43,0.425,1272,0,1318,86
267,75,1905,145,0.344,1892,91,1919,200
268,44,953,475,0.881,922,397,984,554
268,61,777,722,0.881,738,629,816,814
268,24,1269,789,0.843,1232,706,1307,873
268,23,1064,906,0.802,1025,809,1104,1003
268,47,1267,210,0.801,1238,142,1296,278
268,56,1823,532,0.777,1780,442,1866,621
268,51,737,329,0.775,708,247,766,410
268,70,1333,983,0.773,1289,889,1377,1077
268,42,1052,244,0.74,1033,179,1071,309
268,5,1093,144,0.732,1065,76,1120,211
268,16,78,179,0.69,43,120,112,238
268,17,367,535,0.677,338,463,397,607
268,60,1018,125,0.676,1000,68,1037,183
268,62,962,118,0.638,932,54,992,183
268,31,1480,66,0.574,1455,4,1505,128
268,45,1403,81,0.564,1385,15,1422,148
268,25,1891,294,0.561,1863,228,1918,361
268,29,423,553,0.553,385,471,461,635
268,22,480,1014,0.515,436,951,525,1077
268,59,274,1039,0.497,230,999,319,1079
268,43,757,62,0.466,728,3,786,120
268,9,1011,1061,0.461,992,1045,1031,1077
268,57,228,207,0.461,192,137,264,278
268,53,485,544,0.456,459,482,510,607
268,73,1542,1009,0.434,1492,943,1593,1075
268,6,1295,43,0.42,1271,0,1318,86
268,74,1813,164,0.414,1777,98,1849,230
268,75,1905,144,0.359,1891,86,1919,201
269,61,774,713,0.905,733,624,814,803
269,44,953,484,0.883,923,403,984,566
269,24,1269,794,0.857,1230,713,1308,875
269,47,1268,209,0.807,1240,140,1296,278
269,51,736,327,0.804,708,244,765,409
269,56,1823,537,0.796,1781,448,1866,625
269,70,1326,980,0.775,1282,884,1369,1077
269,42,1054,236,0.742,1033,172,1075,300
269,23,1063,924,0.734,1021,820,1105,1029
269,5,1092,140,0.715,1066,74,1119,206
269,29,420,554,0.703,381,473,460,635
269,60,1017,128,0.698,998,70,1037,185
269,17,365,536,0.677,338,464,391,609
269,62,961,123,0.669,931,54,991,192
269,16,77,179,0.641,42,120,112,238
269,45,1403,82,0.58,1384,16,1421,148
269,31,1478,63,0.569,1453,1,1502,125
269,57,219,212,0.495,189,142,249,281
269,74,1803,162,0.481,1758,97,1848,227
269,65,467,532,0.48,426,456,509,609
269,53,482,537,0.437,454,466,509,607
269,6,1293,42,0.429,1267,0,1318,85
269,59,297,1047,0.427,247,1015,347,1078
269,43,760,66,0.416,731,11,789,120
269,25,1892,296,0.396,1866,227,1919,364
269,9,1012,1069,0.37,997,1058,1027,1080
270,61,773,706,0.914,733,621,814,790
270,44,954,490,0.867,923,405,985,575
270,24,1269,795,0.862,1229,716,1309,875
270,51,736,325,0.829,707,243,764,408
270,23,1063,933,0.788,1021,823,1105,1042
270,56,1823,539,0.783,1780,451,1865,628
270,47,1267,208,0.763,1239,139,1296,277
270,42,1054,234,0.733,1032,172,1075,297
270,70,1323,978,0.721,1280,880,1365,1076
270,5,1092,135,0.719,1065,72,1118,199
270,29,420,554,0.717,381,473,460,635
270,60,1018,129,0.678,999,72,1037,185
270,17,365,536,0.675,338,463,391,609
270,62,960,124,0.656,931,53,990,195
270,16,77,180,0.584,42,120,111,239
270,31,1477,63,0.579,1453,0,1501,126
270,45,1403,82,0.571,1384,17,1421,148
270,65,467,532,0.539,425,456,508,608
270,73,1543,1004,0.508,1495,931,1592,1077
270,43,762,70,0.481,734,19,790,121
270,6,1293,42,0.418,1268,0,1319,85
270,57,217,213,0.416,188,144,245,282
270,59,298,1051,0.397,249,1024,346,1078
270,74,1796,162,0.381,1751,96,1841,228
270,25,1892,301,0.346,1866,238,1918,364
270,75,1902,136,0.339,1884,69,1919,203
270,22,475,1021,0.331,430,963,519,1079
271,61,773,701,0.869,733,617,814,784
271,24,1269,798,0.861,1229,720,1310,876
271,51,735,323,0.859,707,239,764,406
271,44,954,497,0.857,922,409,986,584
271,70,1317,976,0.817,1274,876,1360,1076
271,56,1822,542,0.785,1780,453,1864,631
271,47,1268,209,0.751,1240,139,1296,279
271,42,1054,232,0.739,1033,172,1075,292
271,23,1062,941,0.736,1019,829,1105,1053
271,5,1091,134,0.727,1065,70,1117,197
271,29,421,555,0.725,381,473,460,636
271,17,365,536,0.679,337,462,393,610
271,60,1017,129,0.677,997,74,1037,184
271,65,469,533,0.675,429,457,508,609
271,62,961,126,0.632,931,55,992,196
271,45,1402,83,0.599,1384,17,1421,149
271,16,76,180,0.592,42,121,111,239
271,31,1477,63,0.576,1453,0,1501,125
271,73,1544,1002,0.567,1498,928,1591,1076
271,59,296,1056,0.488,252,1032,339,1079
271,43,765,70,0.484,740,18,789,122
271,6,1293,43,0.421,1268,0,1318,87
271,57,224,213,0.408,187,145,262,282
271,74,1791,164,0.35,1748,98,1835,231
271,75,1901,134,0.342,1883,65,1919,203
272,44,955,502,0.873,922,414,987,589
272,70,1306,973,0.859,1253,871,1359,1074
272,61,772,694,0.858,732,612,812,775
272,24,1268,800,0.854,1226,723,1310,878
272,51,734,321,0.839,706,239,763,404
272,56,1822,545,0.806,1779,457,1864,633
272,47,1269,209,0.757,1241,139,1296,280
272,5,1090,134,0.744,1064,70,1117,197
272,42,1054,231,0.733,1033,170,1075,291
272,65,469,534,0.731,429,458,509,610
272,29,421,555,0.706,382,473,460,637
272,73,1544,1000,0.69,1497,923,1590,1078
272,23,1059,947,0.689,1016,836,1103,1058
272,17,365,536,0.684,336,462,395,610
272,60,1017,128,0.676,997,73,1038,184
272,62,960,130,0.657,930,62,990,198
272,22,472,1025,0.608,426,972,518,1078
272,16,76,180,0.586,42,121,111,239
272,31,1475,62,0.581,1451,0,1498,125
272,45,1402,83,0.576,1384,17,1421,149
272,59,288,1059,0.531,254,1039,322,1079
272,57,221,216,0.488,183,146,259,285
272,74,1789,166,0.479,1747,102,1831,231
272,43,766,71,0.478,745,19,787,123
272,6,1293,45,0.425,1268,0,1317,90
272,75,1896,131,0.359,1873,65,1919,198
272,25,1893,303,0.319,1867,239,1919,367
273,44,954,504,0.884,920,416,988,592
273,24,1269,803,0.872,1226,726,1311,880
273,70,1306,969,0.861,1254,868,1357,1070
273,61,772,691,0.851,732,608,812,774
273,51,734,318,0.844,706,237,762,400
273,47,1269,209,0.769,1241,138,1296,280
273,56,1821,546,0.769,1778,460,1864,633
273,42,1053,228,0.766,1033,167,1074,290
273,23,1054,953,0.723,1007,842,1101,1064
273,5,1089,133,0.72,1063,69,1115,197
273,65,470,535,0.717,430,459,510,611
273,17,366,537,0.68,335,463,396,610
273,29,421,556,0.666,381,475,461,637
273,60,1017,131,0.653,996,77,1038,186
273,62,960,132,0.621,928,62,992,201
273,57,222,218,0.618,184,148,260,289
273,45,1402,83,0.564,1384,17,1420,149
273,73,1544,997,0.539,1498,919,1591,1075
273,31,1474,62,0.516,1451,0,1497,124
273,22,470,1026,0.48,424,975,516,1078
273,43,769,72,0.48,751,19,787,124
273,59,287,1063,0.47,254,1046,320,1079
273,16,74,180,0.458,41,121,107,239
273,74,1788,167,0.458,1746,102,1830,233
273,6,1292,45,0.436,1267,0,1317,90
273,75,1894,131,0.405,1870,63,1919,200
273,25,1893,304,0.405,1866,238,1919,371
274,61,770,689,0.889,730,604,809,773
274,44,954,510,0.881,919,423,988,598
274,51,733,309,0.836,704,232,762,387
274,56,1821,548,0.79,1778,463,1864,634
274,24,1270,822,0.772,1224,737,1315,907
274,42,1053,227,0.762,1032,164,1074,290
274,47,1270,201,0.755,1244,136,1296,266
274,5,1089,131,0.692,1062,66,1115,196
274,17,365,536,0.691,335,462,395,610
274,23,1054,964,0.69,1009,852,1099,1076
274,73,1545,991,0.685,1496,906,1594,1076
274,70,1287,948,0.667,1241,854,1333,1042
274,62,959,135,0.661,927,67,992,204
274,29,419,556,0.618,378,475,460,637
274,60,1017,136,0.586,994,78,1039,195
274,57,218,220,0.572,181,150,255,289
274,45,1401,84,0.557,1382,18,1421,149
274,16,74,180,0.548,41,121,106,239
274,31,1471,62,0.543,1446,0,1496,124
274,74,1783,165,0.513,1744,97,1823,233
274,65,470,534,0.507,431,459,509,610
274,25,1892,310,0.432,1866,242,1919,378
274,6,1292,43,0.406,1267,0,1318,87
274,43,775,70,0.391,759,18,791,122
274,75,1890,129,0.358,1862,61,1919,196
275,61,770,688,0.884,730,602,810,774
275,44,954,513,0.878,920,425,988,600
275,51,732,305,0.83,701,229,763,381
275,73,1543,988,0.828,1492,899,1595,1078
275,56,1821,549,0.784,1778,464,1864,634
275,47,1271,199,0.761,1244,133,1297,265
275,24,1270,825,0.758,1225,742,1315,907
275,42,1053,227,0.753,1031,163,1075,290
275,23,1056,967,0.725,1012,856,1101,1078
275,17,363,536,0.686,335,461,392,610
275,5,1088,133,0.645,1060,67,1115,198
275,29,419,556,0.635,378,475,460,638
275,62,959,136,0.605,926,66,991,205
275,57,218,220,0.599,178,150,257,290
275,16,74,181,0.579,42,122,106,240
275,70,1275,941,0.571,1229,850,1320,1032
275,45,1401,84,0.526,1382,18,1420,149
275,31,1470,61,0.525,1446,0,1494,123
275,22,466,1033,0.508,420,987,513,1078
275,65,469,535,0.492,430,460,509,610
275,60,1016,138,0.475,994,80,1038,196
275,74,1780,165,0.46,1744,97,1817,232
275,6,1292,44,0.421,1266,0,1319,89
275,25,1892,298,0.415,1865,216,1919,380
275,76,14,338,0.379,0,290,28,386
275,75,1891,125,0.354,1863,59,1919,192
275,43,778,70,0.353,762,19,794,121
275,53,485,552,0.311,460,494,509,610
276,44,954,515,0.897,921,427,987,602
276,61,770,687,0.879,730,601,810,773
276,73,1543,986,0.802,1491,893,1595,1078
276,51,733,303,0.796,702,226,764,381
276,47,1271,198,0.767,1245,131,1298,265
276,56,1821,551,0.763,1778,467,1865,635
276,42,1053,227,0.73,1031,164,1075,290
276,17,364,535,0.706,335,460,392,610
276,62,958,137,0.686,926,69,990,205
276,23,1056,969,0.683,1009,860,1103,1078
276,29,415,556,0.659,377,475,454,637
276,5,1087,133,0.648,1060,67,1114,198
276,16,73,182,0.615,42,123,104,240
276,22,466,1035,0.596,419,992,513,1078
276,31,1468,61,0.575,1444,0,1493,122
276,45,1401,84,0.563,1382,18,1420,149
276,57,215,221,0.547,178,153,251,289
276,43,782,71,0.545,762,20,801,122
276,60,1016,140,0.539,993,82,1039,198
276,65,468,536,0.493,426,461,509,611
276,70,1263,944,0.491,1220,857,1305,1030
276,24,1270,822,0.48,1224,748,1316,897
276,25,1892,268,0.454,1865,155,1919,381
276,76,15,339,0.421,0,288,31,390
276,74,1779,162,0.385,1743,95,1815,229
276,6,1293,43,0.366,1266,0,1319,86
276,53,485,554,0.356,461,497,509,610
277,61,770,686,0.889,730,599,810,773
277,44,955,516,0.887,922,430,987,603
277,51,735,301,0.813,705,225,764,377
277,47,1272,195,0.784,1245,128,1298,262
277,56,1822,553,0.77,1778,470,1866,635
277,73,1544,981,0.765,1491,887,1596,1076
277,42,1052,227,0.716,1029,164,1074,290
277,17,364,535,0.715,334,460,393,610
277,23,1055,972,0.703,1007,865,1104,1078
277,29,414,557,0.648,377,476,452,637
277,16,73,183,0.646,42,124,103,241
277,5,1086,132,0.62,1060,66,1112,198
277,62,957,138,0.619,925,71,989,206
277,24,1271,822,0.578,1226,753,1315,891
277,45,1401,84,0.544,1382,19,1420,148
277,57,215,222,0.542,178,154,252,290
277,31,1468,60,0.541,1443,0,1492,121
277,60,1016,140,0.508,993,82,1040,198
277,65,466,536,0.489,424,461,508,611
277,43,785,71,0.476,763,20,808,123
277,76,16,340,0.399,0,287,32,393
277,74,1779,159,0.394,1743,94,1815,224
277,53,486,555,0.368,462,498,510,611
277,6,1292,41,0.337,1266,0,1318,82
277,75,1890,121,0.332,1861,57,1919,185
278,44,955,518,0.891,922,432,987,603
278,61,770,685,0.886,730,596,810,773
278,73,1544,978,0.833,1492,881,1596,1074
278,51,736,299,0.819,707,223,765,375
278,56,1822,553,0.795,1779,471,1866,635
278,47,1272,193,0.79,1245,126,1299,260
278,23,1056,973,0.784,1009,867,1104,1079
278,17,365,535,0.734,334,460,395,610
278,70,1271,893,0.729,1227,756,1315,1029
278,42,1051,226,0.707,1029,163,1073,289
278,62,957,138,0.647,924,70,989,206
278,16,72,183,0.635,42,124,102,242
278,29,413,559,0.617,381,482,445,637
278,5,1086,132,0.578,1060,66,1112,198
278,31,1466,60,0.56,1440,0,1492,120
278,57,214,223,0.552,177,155,251,291
278,45,1401,84,0.549,1382,19,1420,148
278,65,466,537,0.545,423,462,509,613
278,77,1892,321,0.481,1866,256,1919,386
278,76,16,340,0.467,0,286,32,393
278,74,1778,157,0.461,1742,94,1813,220
278,22,464,1041,0.46,419,1004,510,1077
278,60,1016,142,0.452,993,84,1039,199
278,6,1293,40,0.375,1267,0,1319,80
278,75,1892,115,0.345,1865,54,1918,176
278,43,788,71,0.32,762,20,813,123
279,44,955,519,0.878,922,435,988,604
279,61,771,680,0.863,731,590,811,769
279,51,738,298,0.843,710,221,765,375
279,73,1550,973,0.838,1502,872,1597,1074
279,47,1273,187,0.808,1246,120,1301,255
279,56,1823,562,0.797,1779,476,1867,648
279,23,1058,977,0.769,1013,875,1103,1078
279,17,367,535,0.729,335,459,399,612
279,22,464,1045,0.707,418,1013,511,1077
279,16,72,183,0.68,43,124,100,242
279,42,1051,223,0.676,1030,160,1072,286
279,62,957,139,0.647,926,71,987,207
279,5,1086,129,0.637,1060,63,1112,195
279,70,1263,898,0.627,1209,764,1317,1032
279,29,414,560,0.624,379,482,449,638
279,57,213,225,0.577,176,157,250,293
279,60,1018,144,0.568,996,87,1040,201
279,45,1401,84,0.55,1382,19,1420,149
279,74,1777,154,0.545,1744,91,1810,217
279,77,1893,323,0.537,1868,260,1919,386
279,31,1465,58,0.533,1440,0,1490,117
279,76,15,342,0.516,0,286,31,397
279,65,466,537,0.453,425,462,508,612
279,43,795,71,0.429,765,19,824,124
279,75,1888,117,0.406,1858,51,1918,183
279,6,1295,37,0.349,1271,0,1319,75
279,53,485,554,0.342,460,497,510,612
280,44,955,521,0.889,923,438,988,604
280,61,772,676,0.85,732,587,812,766
280,73,1552,970,0.839,1505,868,1598,1072
280,51,738,297,0.822,710,220,767,373
280,47,1274,187,0.808,1246,120,1301,254
280,56,1823,569,0.777,1779,480,1866,657
280,23,1059,978,0.724,1016,880,1103,1077
280,17,367,536,0.721,335,458,399,613
280,42,1051,222,0.686,1031,158,1072,285
280,62,958,140,0.683,928,72,988,207
280,16,72,183,0.655,44,124,100,242
280,22,464,1048,0.654,417,1019,512,1077
280,5,1086,127,0.648,1060,61,1113,193
280,29,417,558,0.606,380,478,454,638
280,60,1019,144,0.59,996,87,1041,201
280,45,1401,84,0.545,1382,19,1420,149
280,31,1464,58,0.529,1439,0,1489,116
280,77,1893,324,0.521,1868,262,1919,385
280,76,16,343,0.496,0,283,32,402
280,43,797,72,0.464,767,20,827,124
280,74,1775,152,0.443,1742,89,1808,216
280,65,467,537,0.438,425,463,508,612
280,24,1276,832,0.421,1235,768,1317,896
280,75,1887,114,0.41,1857,49,1917,179
280,79,479,541,0.406,449,469,509,612
280,78,1896,195,0.392,1873,130,1919,260
280,6,1295,36,0.333,1272,0,1319,73
280,57,212,228,0.33,176,161,248,295
280,53,485,553,0.312,460,494,510,612
281,44,956,522,0.888,923,441,988,603
281,61,772,673,0.862,734,583,811,763
281,73,1552,967,0.845,1506,863,1597,1072
281,47,1274,186,0.817,1246,118,1302,254
281,51,739,298,0.779,711,219,768,378
281,23,1059,981,0.766,1013,883,1105,1078
281,56,1823,573,0.762,1779,482,1867,665
281,62,959,141,0.705,930,75,988,207
281,17,367,535,0.699,335,457,399,612
281,16,72,183,0.683,44,124,99,242
281,5,1085,124,0.674,1058,59,1113,189
281,42,1052,218,0.663,1031,154,1074,282
281,57,211,230,0.656,175,162,247,298
281,60,1019,145,0.624,996,88,1041,201
281,29,416,558,0.578,379,478,454,638
281,31,1463,56,0.537,1438,0,1488,112
281,74,1773,152,0.52,1738,88,1807,217
281,45,1401,84,0.518,1382,18,1420,151
281,76,16,343,0.488,0,283,32,402
281,80,1828,120,0.466,1801,55,1855,185
281,78,1897,186,0.465,1875,110,1919,262
281,70,1256,906,0.445,1199,780,1312,1032
281,75,1885,113,0.444,1856,50,1914,177
281,65,466,538,0.444,424,463,508,613
281,77,1893,326,0.432,1868,266,1918,385
281,43,798,72,0.418,769,20,827,124
281,22,464,1050,0.406,417,1024,512,1077
281,6,1296,36,0.32,1274,0,1319,73
282,44,956,524,0.893,924,444,988,604
282,73,1552,966,0.874,1507,858,1597,1073
282,61,773,669,0.848,735,580,812,759
282,47,1274,186,0.828,1247,118,1302,255
282,51,739,299,0.781,711,218,768,381
282,57,210,233,0.758,174,163,247,303
282,23,1055,984,0.747,1005,889,1105,1078
282,56,1823,575,0.743,1779,487,1867,664
282,16,72,183,0.712,44,124,99,242
282,62,960,143,0.709,932,76,988,210
282,17,367,535,0.708,334,457,399,612
282,5,1084,122,0.686,1056,57,1112,188
282,42,1051,214,0.685,1028,151,1074,277
282,60,1019,145,0.657,995,89,1042,201
282,76,16,342,0.606,0,283,32,402
282,29,415,558,0.575,377,479,454,638
282,24,1277,865,0.569,1234,776,1320,953
282,45,1401,84,0.556,1382,19,1420,149
282,22,461,1053,0.552,416,1027,506,1078
282,78,1896,186,0.534,1873,109,1919,262
282,75,1885,111,0.53,1855,48,1914,175
282,74,1770,152,0.521,1734,88,1806,217
282,31,1463,55,0.512,1440,0,1487,110
282,77,1894,325,0.508,1870,263,1919,387
282,80,1827,119,0.502,1800,55,1853,183
282,65,468,538,0.477,426,464,510,613
282,6,1298,36,0.401,1276,0,1319,73
282,43,800,71,0.384,772,19,827,123
282,70,1276,899,0.37,1232,777,1320,1021
283,73,1552,963,0.893,1508,855,1597,1071
283,44,956,531,0.883,925,447,987,614
283,61,774,662,0.856,737,577,811,747
283,47,1275,186,0.808,1247,117,1302,255
283,23,1056,986,0.781,1006,894,1106,1077
283,51,740,299,0.75,712,217,768,380
283,57,210,235,0.736,173,166,246,305
283,56,1823,570,0.733,1779,489,1868,650
283,17,366,535,0.702,334,457,398,612
283,70,1235,922,0.7,1186,817,1284,1027
283,62,961,146,0.699,933,77,988,215
283,42,1053,210,0.666,1031,149,1075,271
283,5,1082,119,0.642,1056,55,1109,182
283,24,1278,856,0.641,1236,779,1320,934
283,16,71,183,0.631,44,124,99,242
283,76,16,343,0.6,0,284,32,402
283,60,1019,146,0.575,996,90,1041,202
283,29,415,559,0.57,376,479,453,638
283,65,467,539,0.537,424,464,510,613
283,78,1895,184,0.534,1871,108,1919,260
283,45,1401,84,0.503,1382,19,1420,148
283,75,1882,112,0.492,1853,48,1910,175
283,31,1463,53,0.484,1439,0,1486,107
283,74,1765,151,0.456,1728,86,1801,216
283,77,1895,325,0.439,1871,262,1919,388
283,80,1825,119,0.43,1799,55,1852,182
283,43,802,70,0.383,774,19,830,122
283,6,1299,36,0.319,1278,0,1319,73
284,73,1552,955,0.868,1510,845,1595,1065
284,44,957,543,0.842,926,455,987,631
284,61,774,650,0.836,738,570,809,729
284,56,1824,587,0.808,1780,495,1869,679
284,47,1274,184,0.804,1247,113,1301,255
284,70,1231,914,0.773,1182,809,1280,1019
284,24,1285,874,0.751,1249,790,1322,958
284,23,1060,992,0.738,1011,906,1108,1079
284,57,207,238,0.736,172,168,242,308
284,42,1054,208,0.693,1035,150,1073,266
284,51,740,296,0.681,710,214,769,378
284,62,961,151,0.671,933,82,989,221
284,16,71,183,0.666,43,124,99,242
284,17,365,534,0.657,333,457,397,612
284,5,1081,114,0.621,1055,51,1107,177
284,60,1019,149,0.558,997,93,1042,206
284,29,414,559,0.53,377,480,450,639
284,45,1400,84,0.529,1382,20,1419,149
284,77,1895,329,0.521,1871,270,1919,388
284,65,465,539,0.499,421,464,509,613
284,75,1877,112,0.446,1846,46,1908,178
284,76,15,344,0.426,0,285,31,402
284,78,1895,189,0.411,1870,119,1919,258
284,80,1821,117,0.407,1796,52,1847,182
284,31,1461,53,0.399,1438,0,1485,106
284,74,1756,150,0.378,1721,86,1790,214
284,6,1298,37,0.333,1278,0,1318,74
284,43,808,70,0.314,785,20,830,121
285,73,1553,952,0.866,1510,840,1595,1065
285,61,774,645,0.849,738,566,809,723
285,44,956,546,0.845,926,457,987,635
285,70,1227,909,0.822,1182,806,1272,1012
285,47,1274,182,0.816,1246,113,1301,252
285,56,1825,589,0.807,1781,497,1870,681
285,24,1289,884,0.796,1252,798,1326,970
285,57,206,239,0.717,170,169,243,310
285,23,1058,996,0.709,1008,913,1108,1078
285,62,961,154,0.689,933,85,989,222
285,42,1055,206,0.685,1036,147,1074,265
285,51,742,292,0.676,712,211,772,374
285,17,364,534,0.664,332,456,397,612
285,16,70,183,0.638,42,124,98,242
285,5,1081,113,0.627,1055,49,1107,176
285,60,1020,153,0.61,998,94,1042,211
285,45,1400,84,0.562,1382,19,1419,149
285,77,1896,330,0.54,1873,271,1919,388
285,29,415,560,0.499,378,481,451,639
285,75,1874,112,0.478,1842,46,1907,177
285,80,1819,116,0.471,1792,50,1845,182
285,31,1460,53,0.441,1435,0,1484,106
285,65,472,539,0.412,434,465,509,613
285,76,15,344,0.402,0,287,30,401
285,74,1752,151,0.381,1717,87,1787,214
285,79,484,543,0.37,459,474,508,612
285,78,1893,189,0.365,1868,120,1918,259
285,6,1298,37,0.348,1277,0,1318,74
286,73,1552,944,0.882,1509,833,1595,1055
286,44,957,551,0.865,926,461,988,640
286,61,774,643,0.859,737,564,811,722
286,47,1273,182,0.813,1245,111,1301,252
286,56,1827,590,0.813,1782,498,1872,682
286,70,1221,901,0.781,1180,801,1262,1001
286,24,1294,888,0.776,1259,801,1328,975
286,57,206,243,0.744,170,173,242,313
286,51,743,285,0.734,713,208,772,361
286,23,1056,998,0.732,1005,918,1107,1077
286,42,1055,204,0.695,1034,144,1075,264
286,62,962,156,0.692,934,88,990,224
286,17,364,533,0.652,332,455,396,612
286,5,1080,111,0.631,1053,47,1107,175
286,60,1019,155,0.622,996,96,1041,214
286,16,70,183,0.611,42,124,98,242
286,77,1896,331,0.57,1873,272,1919,389
286,45,1400,84,0.563,1382,20,1418,149
286,74,1749,152,0.519,1713,87,1784,216
286,29,414,559,0.509,377,480,450,639
286,78,1894,184,0.496,1869,112,1919,256
286,76,15,344,0.48,0,286,30,402
286,80,1817,113,0.457,1790,49,1843,178
286,31,1459,52,0.453,1435,0,1483,105
286,75,1872,110,0.433,1838,46,1905,174
286,65,467,539,0.428,425,465,509,613
286,81,9,669,0.382,0,612,19,726
286,82,1231,37,0.325,1215,0,1248,74
287,73,1552,935,0.876,1509,828,1595,1043
287,61,774,641,0.875,738,559,809,723
287,44,957,553,0.868,926,464,988,643
287,70,1214,893,0.821,1175,796,1253,989
287,56,1828,593,0.811,1782,502,1873,683
287,24,1291,894,0.806,1253,808,1329,979
287,47,1273,179,0.789,1244,110,1301,248
287,51,744,281,0.753,714,205,774,358
287,57,206,246,0.728,170,174,241,317
287,23,1055,1001,0.705,1001,924,1109,1078
287,62,962,158,0.703,934,89,990,227
287,42,1055,204,0.698,1035,143,1076,264
287,17,364,534,0.663,332,456,396,611
287,60,1019,158,0.648,996,96,1042,220
287,5,1080,110,0.62,1052,47,1107,174
287,65,465,540,0.563,421,466,509,613
287,77,1898,334,0.562,1878,274,1919,394
287,16,70,183,0.55,42,124,98,242
287,29,414,559,0.538,377,479,451,639
287,74,1745,151,0.522,1710,87,1781,215
287,45,1400,85,0.512,1382,18,1418,153
287,78,1894,188,0.508,1869,119,1919,256
287,81,10,669,0.471,0,612,20,727
287,76,15,345,0.439,0,286,30,404
287,31,1457,52,0.406,1433,0,1481,104
287,80,1815,112,0.39,1789,48,1841,176
287,75,1872,110,0.383,1840,46,1903,175
287,82,1231,37,0.306,1215,0,1248,74
288,73,1553,926,0.867,1509,824,1597,1028
288,61,774,640,0.866,738,556,809,723
288,44,958,556,0.856,928,466,988,645
288,24,1291,900,0.834,1251,813,1331,987
288,70,1210,886,0.827,1173,792,1248,979
288,56,1830,594,0.81,1783,504,1876,683
288,51,744,278,0.807,715,203,774,353
288,47,1273,177,0.79,1245,108,1302,245
288,57,205,246,0.75,169,176,241,317
288,62,963,158,0.71,935,90,991,227
288,23,1055,1004,0.702,1000,930,1109,1078
288,17,364,534,0.674,332,456,396,611
288,42,1056,202,0.662,1035,142,1077,263
288,65,465,540,0.662,421,466,510,614
288,5,1079,109,0.648,1052,47,1107,171
288,60,1019,160,0.633,997,99,1042,221
288,74,1744,151,0.569,1709,86,1780,216
288,16,70,183,0.566,42,124,98,243
288,77,1898,336,0.553,1877,276,1919,396
288,29,416,560,0.543,380,480,452,640
288,45,1400,85,0.542,1382,18,1418,153
288,81,13,668,0.535,0,610,26,727
288,78,1894,184,0.44,1868,112,1919,257
288,31,1456,52,0.439,1432,0,1480,104
288,76,14,350,0.425,0,289,29,412
288,80,1812,110,0.375,1786,47,1838,173
288,75,1867,110,0.37,1833,45,1902,176
288,82,1233,36,0.314,1216,0,1249,73
288,6,1300,36,0.304,1279,0,1320,73
289,61,774,637,0.892,738,553,811,721
289,73,1553,908,0.869,1508,812,1597,1005
289,24,1293,908,0.848,1251,824,1334,991
289,44,960,560,0.838,929,472,991,648
289,56,1832,596,0.813,1784,508,1880,683
289,51,746,274,0.793,714,199,777,350
289,70,1210,877,0.764,1170,785,1251,969
289,47,1275,170,0.76,1247,103,1303,236
289,23,1059,1009,0.695,1004,941,1113,1078
289,17,364,534,0.669,332,456,395,611
289,57,205,247,0.669,168,178,241,316
289,65,465,540,0.661,421,466,510,614
289,42,1056,203,0.634,1037,143,1075,263
289,60,1021,163,0.619,999,102,1043,223
289,62,963,160,0.615,935,93,991,226
289,5,1078,110,0.592,1051,47,1105,172
289,74,1741,147,0.59,1706,82,1776,211
289,77,1899,340,0.559,1879,278,1919,403
289,16,70,183,0.545,42,124,98,243
289,78,1893,182,0.534,1867,110,1919,255
289,45,1400,85,0.518,1382,17,1418,152
289,29,414,560,0.501,377,480,451,639
289,80,1807,106,0.495,1779,44,1835,168
289,76,16,355,0.444,0,292,32,418
289,75,1866,108,0.43,1834,43,1898,173
289,31,1454,51,0.382,1432,0,1477,102
289,43,821,69,0.326,804,16,838,121
289,82,1233,36,0.317,1216,0,1249,72
289,6,1301,33,0.316,1279,0,1323,67
290,73,1553,906,0.877,1507,809,1599,1003
290,61,775,637,0.876,739,552,811,722
290,44,961,561,0.859,930,475,993,648
290,56,1834,596,0.834,1786,509,1881,683
290,24,1295,910,0.813,1253,827,1336,992
290,51,748,272,0.786,717,197,778,346
290,47,1275,166,0.723,1248,101,1303,232
290,23,1063,1010,0.683,1013,943,1112,1077
290,42,1057,202,0.679,1038,142,1076,262
290,17,363,534,0.646,332,456,395,611
290,57,204,248,0.636,168,180,240,317
290,60,1020,163,0.635,999,103,1041,223
290,62,963,160,0.611,935,93,991,227
290,5,1078,109,0.594,1051,46,1105,173
290,77,1898,340,0.59,1878,274,1919,407
290,70,1203,874,0.577,1162,779,1245,968
290,16,70,183,0.534,42,124,97,242
290,74,1737,145,0.528,1705,81,1770,209
290,65,466,540,0.524,422,467,509,613
290,78,1893,182,0.52,1867,109,1919,254
290,83,1491,1061,0.51,1455,1043,1527,1079
290,45,1400,85,0.499,1382,17,1418,152
290,29,414,563,0.489,383,487,446,638
290,75,1864,105,0.449,1831,43,1897,168
290,76,16,359,0.445,0,296,32,421
290,43,824,68,0.378,806,17,841,119
290,80,1806,104,0.366,1780,44,1833,164
290,31,1455,49,0.365,1432,0,1477,99
290,6,1302,32,0.337,1279,0,1325,64
290,82,1232,36,0.301,1216,0,1249,72
291,73,1552,904,0.882,1506,805,1599,1003
291,44,962,563,0.871,930,478,995,648
291,61,775,635,0.864,740,549,811,720
291,56,1834,597,0.821,1787,511,1882,683
291,24,1297,912,0.81,1256,831,1337,992
291,51,749,271,0.802,718,197,780,344
291,57,204,248,0.755,168,179,241,317
291,47,1277,162,0.743,1249,97,1304,228
291,23,1063,1013,0.737,1015,948,1111,1077
291,17,364,534,0.655,332,456,395,611
291,62,962,160,0.632,933,93,992,227
291,60,1019,164,0.622,998,105,1040,223
291,42,1057,199,0.614,1039,141,1075,256
291,65,465,541,0.599,420,467,510,614
291,5,1078,110,0.599,1051,45,1105,174
291,16,70,183,0.56,42,124,98,242
291,75,1862,103,0.499,1829,42,1894,164
291,29,414,560,0.497,376,481,453,639
291,70,1203,874,0.49,1163,777,1243,970
291,76,17,361,0.487,0,298,34,425
291,74,1736,145,0.485,1703,82,1769,208
291,45,1400,85,0.477,1382,17,1418,153
291,78,1892,181,0.468,1866,110,1919,251
291,83,1491,1059,0.454,1455,1039,1527,1078
291,77,1899,339,0.453,1879,269,1919,410
291,84,1187,863,0.437,1151,777,1222,949
291,31,1452,49,0.343,1429,0,1474,98
291,43,828,68,0.324,807,17,848,118
292,44,963,564,0.87,929,479,996,649
292,61,775,632,0.868,740,546,810,718
292,73,1553,902,0.846,1505,801,1600,1003
292,24,1297,913,0.794,1255,834,1339,993
292,51,750,270,0.781,719,195,781,345
292,56,1836,599,0.753,1788,515,1884,684
292,47,1278,161,0.739,1251,96,1304,226
292,57,204,249,0.726,168,180,240,317
292,62,963,159,0.644,932,92,993,227
292,17,364,534,0.64,332,456,395,612
292,78,1892,179,0.618,1866,109,1919,249
292,42,1057,197,0.614,1039,140,1076,254
292,60,1018,165,0.61,998,105,1039,224
292,23,1063,1016,0.595,1016,952,1110,1079
292,5,1078,108,0.588,1051,45,1104,172
292,16,70,183,0.58,43,124,98,242
292,75,1860,101,0.522,1829,41,1892,162
292,45,1400,85,0.494,1382,17,1418,153
292,70,1201,873,0.468,1161,775,1242,971
292,29,414,559,0.454,375,480,453,639
292,84,1179,858,0.443,1139,776,1220,940
292,76,17,364,0.432,0,300,34,428
292,65,466,542,0.427,421,469,510,614
292,77,1899,336,0.426,1879,261,1919,411
292,83,1490,1057,0.417,1449,1034,1532,1080
292,74,1736,142,0.407,1704,78,1768,205
292,31,1451,47,0.345,1429,0,1474,95
292,43,832,68,0.335,808,17,856,119
292,80,1802,101,0.334,1773,41,1832,160
293,44,963,565,0.865,930,481,997,648
293,61,775,629,0.86,741,542,809,716
293,73,1553,901,0.847,1506,798,1600,1004
293,56,1837,602,0.808,1790,517,1883,687
293,51,747,270,0.789,715,194,780,345
293,47,1278,161,0.766,1252,96,1304,226
293,24,1297,916,0.715,1256,838,1338,993
293,62,962,160,0.664,930,93,993,227
293,17,364,534,0.622,332,456,396,612
293,16,71,183,0.615,43,125,98,242
293,60,1017,165,0.605,997,105,1038,224
293,70,1186,871,0.583,1137,771,1235,971
293,57,204,251,0.582,168,182,240,319
293,42,1057,195,0.576,1037,137,1076,253
293,5,1079,106,0.569,1053,44,1104,169
293,45,1400,85,0.557,1382,17,1418,153
293,75,1860,101,0.555,1829,38,1891,163
293,78,1891,180,0.498,1864,111,1919,248
293,23,1060,1017,0.491,1011,955,1110,1079
293,43,836,69,0.482,810,18,862,119
293,29,414,560,0.437,375,481,453,638
293,74,1734,138,0.435,1704,74,1764,202
293,85,30,671,0.406,0,593,61,748
293,65,467,541,0.374,424,468,509,614
293,83,1489,1055,0.372,1445,1030,1533,1080
293,76,17,367,0.351,0,303,35,431
293,79,478,543,0.349,447,474,509,612
293,77,1899,345,0.335,1880,278,1919,412
293,82,1233,36,0.329,1216,0,1249,73
293,53,484,554,0.325,458,494,509,613
293,31,1451,46,0.312,1429,0,1474,93
293,80,1805,101,0.303,1779,40,1830,162
294,61,775,623,0.886,740,536,809,709
294,44,964,567,0.864,929,486,998,648
294,51,748,267,0.825,717,191,778,344
294,24,1298,928,0.822,1256,849,1341,1007
294,73,1555,895,0.807,1510,792,1600,999
294,47,1278,157,0.715,1252,94,1305,221
294,16,71,183,0.71,43,124,98,241
294,56,1840,614,0.707,1794,523,1886,704
294,62,960,163,0.672,927,93,992,232
294,23,1060,1021,0.663,1008,964,1111,1078
294,60,1017,166,0.636,997,110,1037,222
294,42,1059,191,0.622,1040,135,1078,247
294,85,30,675,0.607,0,596,61,754
294,78,1890,171,0.606,1861,103,1919,238
294,17,363,534,0.606,332,456,395,612
294,75,1858,99,0.588,1830,35,1887,162
294,45,1400,85,0.566,1382,17,1418,153
294,74,1727,135,0.528,1699,72,1756,199
294,43,837,69,0.526,810,19,863,119
294,83,1490,1050,0.518,1445,1021,1535,1079
294,57,204,250,0.487,167,182,240,318
294,29,413,560,0.478,373,482,453,638
294,53,483,544,0.402,457,476,509,613
294,76,19,368,0.351,0,306,38,431
294,65,470,541,0.347,431,468,509,614
294,70,1198,866,0.344,1166,766,1230,967
294,82,1233,36,0.339,1216,0,1250,73
294,5,1079,86,0.322,1053,39,1104,134
295,61,775,618,0.884,740,534,809,702
295,44,964,572,0.857,929,489,999,655
295,24,1299,938,0.842,1257,855,1341,1020
295,51,747,266,0.812,717,189,777,343
295,73,1556,891,0.779,1509,787,1602,995
295,16,71,183,0.758,43,124,98,241
295,60,1017,167,0.685,997,112,1038,222
295,47,1279,153,0.669,1253,93,1305,214
295,62,959,167,0.646,926,97,992,236
295,42,1061,187,0.64,1041,128,1080,247
295,83,1491,1048,0.631,1446,1016,1537,1080
295,56,1842,619,0.621,1795,527,1888,712
295,57,202,252,0.609,165,184,239,319
295,23,1060,1024,0.609,1010,969,1110,1078
295,17,363,534,0.608,332,456,395,612
295,75,1858,97,0.606,1830,34,1886,161
295,78,1889,167,0.563,1859,100,1919,233
295,85,30,675,0.55,0,595,61,755
295,45,1400,85,0.527,1382,17,1419,153
295,70,1171,863,0.506,1124,761,1218,964
295,74,1723,134,0.503,1692,71,1754,198
295,84,1161,836,0.502,1122,761,1199,911
295,29,416,562,0.448,381,485,451,638
295,5,1079,96,0.43,1054,37,1104,154
295,79,481,543,0.387,454,473,508,613
295,43,836,69,0.371,809,19,863,120
295,76,18,370,0.35,0,310,37,431
295,82,1233,36,0.326,1216,0,1250,73
296,61,775,612,0.883,740,530,810,695
296,24,1299,947,0.853,1257,861,1341,1032
296,44,965,578,0.85,929,492,1002,664
296,51,748,266,0.773,720,187,777,344
296,85,31,676,0.771,0,595,62,757
296,16,71,183,0.728,43,124,98,241
296,70,1177,859,0.725,1135,759,1220,960
296,73,1556,888,0.711,1510,785,1603,992
296,60,1018,168,0.697,997,112,1038,223
296,56,1842,608,0.687,1796,529,1889,686
296,83,1493,1045,0.676,1446,1011,1541,1080
296,42,1061,186,0.667,1041,128,1080,244
296,47,1280,154,0.649,1254,92,1306,217
296,62,959,169,0.649,926,99,991,238
296,17,364,534,0.626,332,455,396,612
296,57,199,254,0.557,164,185,234,322
296,75,1858,95,0.522,1831,31,1886,159
296,78,1887,166,0.519,1855,99,1919,233
296,74,1716,134,0.514,1681,70,1750,198
296,23,1056,1027,0.499,1001,976,1112,1079
296,45,1400,85,0.496,1382,18,1419,153
296,5,1078,94,0.478,1053,36,1104,152
296,65,472,541,0.477,436,468,508,614
296,43,837,69,0.435,808,18,866,120
296,29,417,561,0.387,382,484,452,638
296,84,1159,835,0.368,1125,759,1193,910
296,76,19,372,0.359,0,313,39,431
296,82,1233,36,0.311,1216,0,1250,73
297,61,775,605,0.898,741,526,810,685
297,44,966,585,0.851,929,496,1002,675
297,24,1299,954,0.845,1257,868,1341,1040
297,85,31,678,0.82,0,600,62,757
297,51,750,265,0.794,721,186,778,344
297,73,1558,883,0.757,1512,779,1605,987
297,70,1175,854,0.756,1132,755,1218,954
297,16,70,183,0.736,43,124,98,241
297,60,1018,170,0.702,998,114,1038,226
297,56,1844,628,0.683,1797,532,1891,723
297,42,1060,185,0.669,1041,127,1080,243
297,47,1281,156,0.661,1255,90,1307,223
297,17,364,533,0.634,332,455,396,612
297,62,958,170,0.633,926,102,990,239
297,83,1493,1042,0.626,1446,1005,1540,1079
297,78,1885,163,0.555,1851,97,1919,230
297,57,196,258,0.511,163,188,228,328
297,77,1903,356,0.503,1887,299,1919,413
297,65,471,541,0.474,433,469,508,614
297,5,1078,93,0.473,1053,34,1103,151
297,74,1711,133,0.464,1672,69,1750,197
297,45,1400,85,0.444,1382,18,1418,153
297,75,1858,93,0.414,1831,30,1885,156
297,76,19,372,0.4,0,314,39,431
297,29,416,562,0.379,381,485,452,638
297,43,838,68,0.375,809,16,866,120
297,84,1165,833,0.349,1126,754,1204,912
297,23,1057,1030,0.33,1004,981,1110,1078
297,80,1796,99,0.322,1769,37,1823,161
297,82,1233,36,0.301,1216,0,1249,73
298,61,775,600,0.858,739,521,811,678
298,24,1298,962,0.853,1255,873,1341,1050
298,44,966,590,0.846,929,498,1002,681
298,70,1172,848,0.817,1128,751,1216,945
298,51,749,264,0.805,721,186,778,342
298,85,31,679,0.783,0,600,62,758
298,73,1560,877,0.775,1513,774,1607,980
298,60,1018,175,0.729,997,115,1038,234
298,16,71,183,0.728,42,124,99,241
298,47,1283,153,0.69,1258,89,1307,217
298,42,1060,185,0.675,1041,127,1079,243
298,83,1495,1039,0.655,1448,1000,1543,1078
298,17,364,533,0.651,332,454,395,612
298,62,957,172,0.647,925,103,990,241
298,23,1062,1033,0.632,1013,988,1112,1078
298,78,1883,163,0.601,1848,96,1918,229
298,57,199,260,0.598,163,189,235,332
298,75,1857,93,0.562,1830,29,1884,158
298,56,1845,625,0.552,1798,536,1891,714
298,5,1077,92,0.539,1051,31,1102,152
298,79,476,542,0.498,445,469,508,614
298,65,461,542,0.469,419,468,504,615
298,77,1904,357,0.461,1889,302,1919,412
298,29,412,560,0.458,373,481,451,639
298,74,1707,132,0.45,1664,68,1751,196
298,45,1401,86,0.435,1384,19,1418,154
298,76,20,372,0.426,0,314,40,431
298,43,840,68,0.416,813,14,866,121
298,80,1793,98,0.408,1764,36,1823,159
298,84,1161,835,0.375,1125,752,1197,919
298,82,1233,36,0.315,1216,0,1249,73
299,44,964,598,0.874,927,507,1002,688
299,61,776,594,0.87,740,515,812,674
299,24,1298,969,0.865,1255,882,1341,1057
299,73,1560,858,0.84,1512,764,1608,953
299,51,749,262,0.768,720,183,777,341
299,70,1160,834,0.733,1115,742,1206,926
299,16,70,183,0.713,41,124,99,241
299,85,31,679,0.702,0,598,62,759
299,60,1016,178,0.684,995,116,1037,239
299,47,1285,149,0.683,1261,85,1309,213
299,56,1846,635,0.66,1800,542,1892,728
299,57,197,264,0.645,161,194,233,334
299,42,1060,185,0.638,1041,126,1078,245
299,17,364,533,0.6,332,454,396,612
299,62,958,176,0.576,925,106,991,245
299,79,480,542,0.55,452,471,508,614
299,83,1496,1034,0.515,1451,989,1541,1078
299,75,1855,92,0.511,1829,27,1881,157
299,23,1061,1040,0.487,1014,1001,1107,1079
299,29,415,562,0.487,382,487,447,638
299,78,1878,157,0.475,1840,94,1916,219
299,5,1075,91,0.43,1050,30,1101,152
299,77,1906,361,0.421,1894,309,1919,413
299,45,1400,85,0.414,1382,18,1419,153
299,76,20,374,0.397,0,316,40,432
299,80,1792,95,0.382,1764,32,1819,159
299,84,1147,829,0.359,1116,743,1178,914
299,65,449,545,0.354,417,469,482,621
299,74,1700,131,0.341,1658,68,1741,194
300,44,964,601,0.883,925,511,1003,692
300,61,777,593,0.865,741,512,813,674
300,24,1297,972,0.858,1255,888,1340,1057
300,73,1561,850,0.841,1514,760,1608,941
300,51,749,260,0.786,722,181,777,338
300,70,1154,826,0.764,1108,737,1199,915
300,16,70,183,0.723,41,124,98,241
300,47,1285,147,0.71,1261,83,1310,212
300,56,1846,638,0.691,1800,544,1892,732
300,85,31,676,0.659,0,594,62,759
300,60,1017,180,0.656,995,117,1040,243
300,57,196,265,0.645,160,194,232,336
300,42,1060,185,0.606,1042,126,1078,244
300,62,958,178,0.575,925,108,991,249
300,17,364,534,0.568,332,454,396,613
300,79,480,542,0.511,452,471,509,614
300,29,414,562,0.491,383,487,445,638
300,75,1853,92,0.486,1827,27,1879,157
300,78,1877,157,0.485,1838,95,1917,219
300,45,1401,86,0.469,1382,18,1419,154
300,76,19,375,0.442,0,316,39,435
300,83,1493,1031,0.432,1446,983,1540,1078
300,23,1059,1043,0.429,1015,1007,1102,1079
300,74,1694,132,0.427,1658,69,1730,194
300,86,1892,222,0.416,1865,147,1919,298
300,5,1075,91,0.375,1050,29,1100,152
300,77,1906,363,0.358,1894,313,1919,413
300,80,1788,94,0.338,1759,30,1816,158
300,65,448,545,0.319,418,469,478,621
301,44,963,602,0.878,924,512,1001,692
301,61,777,592,0.873,741,510,813,674
301,24,1298,974,0.862,1255,892,1341,1056
301,73,1564,847,0.829,1519,755,1610,939
301,51,748,257,0.82,720,179,776,334
301,56,1847,639,0.764,1800,546,1894,733
301,16,70,183,0.764,42,124,98,242
301,47,1286,144,0.743,1262,80,1310,209
301,85,31,675,0.738,0,591,63,759
301,70,1149,822,0.709,1102,732,1195,912
301,57,193,269,0.677,159,196,227,341
301,60,1017,181,0.672,993,118,1041,244
301,62,958,180,0.671,925,110,991,249
301,42,1061,183,0.667,1042,123,1080,243
301,23,1059,1046,0.633,1013,1012,1105,1080
301,17,364,534,0.587,332,454,397,613
301,29,412,563,0.543,383,488,442,638
301,79,480,542,0.535,451,470,509,615
301,76,20,378,0.489,0,317,41,439
301,74,1694,132,0.485,1657,69,1730,195
301,45,1400,87,0.477,1382,19,1419,154
301,65,467,543,0.466,424,471,509,615
301,78,1874,154,0.457,1836,92,1913,216
301,75,1852,92,0.436,1825,27,1878,157
301,80,1787,93,0.399,1760,30,1814,157
301,5,1074,90,0.368,1048,28,1099,151
301,77,1906,364,0.358,1894,313,1919,414
301,86,1892,219,0.356,1864,141,1919,297
302,44,964,604,0.878,925,514,1002,694
302,61,778,592,0.866,742,509,814,674
302,24,1298,976,0.858,1255,895,1341,1056
302,70,1143,820,0.835,1093,730,1192,910
302,51,749,254,0.817,721,177,776,331
302,73,1567,844,0.805,1523,749,1610,939
302,16,70,183,0.758,42,124,98,242
302,56,1847,640,0.756,1800,548,1895,732
302,57,195,270,0.752,157,198,234,342
302,47,1286,141,0.752,1261,77,1311,206
302,85,31,679,0.74,0,593,63,766
302,62,957,180,0.718,922,111,992,250
302,42,1062,184,0.69,1044,125,1079,243
302,60,1017,182,0.659,993,120,1041,244
302,17,364,534,0.62,332,454,397,614
302,23,1057,1049,0.606,1015,1018,1100,1079
302,83,1494,1023,0.563,1447,972,1542,1073
302,74,1692,132,0.562,1657,68,1728,195
302,79,480,543,0.538,451,472,509,615
302,29,411,563,0.526,383,488,440,638
302,45,1401,87,0.519,1382,19,1419,154
302,76,21,380,0.497,0,317,42,442
302,65,465,544,0.497,419,472,511,615
302,5,1073,89,0.447,1048,27,1099,151
302,78,1873,154,0.446,1835,93,1912,215
302,75,1847,90,0.432,1820,25,1875,156
302,43,850,68,0.422,833,16,868,120
302,80,1782,93,0.366,1750,30,1813,156
302,77,1906,368,0.365,1894,322,1919,414
302,86,1891,226,0.356,1862,154,1919,299
302,82,1232,37,0.316,1214,0,1249,74
303,44,962,605,0.87,924,516,1000,694
303,61,778,591,0.849,743,508,814,675
303,24,1298,978,0.836,1255,899,1342,1057
303,73,1570,843,0.828,1528,746,1611,939
303,70,1139,819,0.828,1091,727,1188,911
303,51,749,250,0.808,723,175,776,325
303,56,1848,642,0.782,1800,552,1896,733
303,16,70,183,0.767,42,124,98,242
303,62,957,181,0.755,921,111,992,251
303,85,33,684,0.744,0,593,67,775
303,47,1286,141,0.736,1260,76,1311,205
303,57,194,272,0.713,155,200,233,344
303,42,1060,182,0.696,1041,121,1079,243
303,60,1018,183,0.672,994,121,1042,244
303,79,480,548,0.634,450,481,509,614
303,17,364,534,0.585,332,454,396,614
303,23,1064,1051,0.573,1031,1023,1097,1079
303,74,1691,130,0.568,1657,67,1725,192
303,83,1495,1022,0.551,1449,967,1542,1077
303,45,1401,87,0.547,1382,20,1420,154
303,76,21,381,0.545,0,318,42,444
303,29,412,562,0.512,384,486,440,638
303,43,856,68,0.492,838,16,873,120
303,86,1890,230,0.456,1862,162,1919,297
303,78,1872,151,0.455,1834,90,1909,213
303,75,1845,89,0.413,1817,24,1874,154
303,77,1907,370,0.407,1894,325,1919,414
303,80,1778,90,0.375,1746,28,1811,152
303,5,1073,89,0.374,1047,27,1100,151
303,82,1232,37,0.335,1214,0,1249,74
304,44,961,608,0.869,926,522,997,694
304,70,1133,816,0.862,1085,721,1181,912
304,24,1300,987,0.858,1255,908,1344,1066
304,61,779,588,0.842,743,504,815,673
304,73,1571,838,0.832,1530,738,1612,937
304,51,749,242,0.799,721,170,777,314
304,85,37,694,0.797,0,596,74,792
304,62,958,182,0.772,924,114,991,251
304,47,1287,138,0.738,1259,73,1314,203
304,16,69,184,0.737,41,124,97,243
304,42,1060,180,0.703,1042,121,1079,239
304,57,192,275,0.672,152,203,231,347
304,56,1852,645,0.668,1803,557,1900,732
304,60,1020,183,0.658,997,124,1042,243
304,79,480,548,0.645,451,481,509,614
304,17,363,534,0.596,332,454,394,613
304,23,1065,1055,0.554,1033,1032,1096,1079
304,45,1403,87,0.529,1382,20,1424,154
304,74,1688,126,0.526,1657,65,1719,188
304,29,412,562,0.526,383,485,441,639
304,5,1071,88,0.504,1044,26,1098,150
304,75,1840,89,0.483,1810,24,1871,154
304,43,859,68,0.468,840,16,878,120
304,78,1870,150,0.464,1833,89,1906,210
304,83,1494,1020,0.463,1448,960,1540,1080
304,86,1890,225,0.451,1861,156,1919,293
304,76,21,386,0.431,0,323,42,450
304,77,1906,377,0.425,1894,338,1919,415
304,80,1778,86,0.39,1748,24,1807,148
304,82,1231,36,0.327,1214,0,1249,73
305,70,1128,815,0.913,1080,719,1176,912
305,44,961,610,0.859,925,525,997,695
305,24,1300,996,0.853,1254,915,1345,1077
305,73,1571,837,0.841,1530,735,1613,938
305,61,780,586,0.824,745,501,816,671
305,51,748,240,0.778,719,168,777,312
305,62,957,183,0.77,925,114,989,251
305,85,38,699,0.768,0,600,76,798
305,56,1852,645,0.757,1804,559,1901,732
305,47,1286,138,0.742,1259,72,1314,204
305,42,1061,179,0.681,1044,124,1079,235
305,16,68,184,0.678,41,124,95,243
305,60,1020,183,0.662,998,124,1043,242
305,79,480,548,0.631,450,482,509,614
305,57,191,276,0.625,152,205,230,347
305,17,363,533,0.591,332,454,393,612
305,23,1065,1058,0.558,1034,1036,1096,1079
305,29,413,562,0.557,384,486,443,639
305,45,1403,87,0.542,1382,19,1423,154
305,83,1490,1016,0.519,1441,954,1539,1078
305,75,1839,88,0.457,1809,23,1869,153
305,43,861,67,0.439,843,16,880,118
305,5,1069,87,0.429,1044,25,1094,150
305,86,1888,219,0.424,1859,151,1918,286
305,74,1686,126,0.41,1657,65,1715,187
305,76,21,387,0.406,0,323,42,450
305,78,1869,147,0.397,1833,84,1905,210
305,80,1779,85,0.392,1750,24,1807,146
305,77,1907,383,0.39,1895,350,1919,416
305,82,1231,36,0.301,1214,0,1249,73
306,70,1127,813,0.898,1081,715,1172,911
306,44,962,611,0.861,926,528,997,695
306,73,1572,835,0.859,1531,733,1613,937
306,61,781,583,0.831,746,497,815,670
306,24,1300,998,0.825,1254,920,1347,1076
306,51,747,239,0.779,717,164,777,313
306,62,958,183,0.775,927,115,988,251
306,85,38,700,0.771,0,602,77,799
306,47,1287,138,0.757,1258,72,1315,204
306,83,1488,1015,0.7,1441,952,1536,1079
306,57,189,275,0.682,149,205,228,346
306,56,1853,645,0.679,1804,561,1903,730
306,16,67,184,0.674,40,125,95,244
306,60,1021,183,0.65,998,123,1043,243
306,42,1061,174,0.637,1044,116,1078,232
306,45,1404,87,0.557,1382,20,1425,154
306,17,363,533,0.555,333,454,393,612
306,79,480,547,0.553,451,480,509,614
306,29,415,563,0.542,384,487,445,638
306,23,1066,1059,0.498,1035,1040,1096,1079
306,78,1868,149,0.466,1832,87,1904,211
306,76,21,389,0.445,0,325,42,452
306,75,1839,87,0.442,1810,22,1868,153
306,74,1684,124,0.442,1656,62,1713,186
306,43,864,66,0.42,845,15,883,117
306,80,1775,85,0.415,1747,23,1804,147
306,86,1889,217,0.4,1859,151,1918,283
306,77,1907,387,0.377,1895,358,1919,416
306,5,1068,85,0.314,1044,24,1093,146
307,44,960,613,0.863,926,531,994,695
307,70,1124,811,0.858,1079,713,1169,910
307,73,1572,832,0.835,1532,731,1612,933
307,61,781,580,0.823,745,494,817,667
307,24,1301,1002,0.818,1255,926,1347,1078
307,85,39,703,0.792,0,605,78,802
307,62,959,184,0.773,930,118,988,251
307,51,747,237,0.753,716,162,778,313
307,47,1286,138,0.74,1258,71,1314,204
307,83,1488,1013,0.734,1441,948,1534,1078
307,56,1854,649,0.699,1805,565,1903,734
307,16,67,185,0.652,40,125,94,244
307,60,1020,184,0.641,997,126,1043,242
307,42,1062,167,0.636,1044,107,1080,227
307,79,481,549,0.574,452,484,509,614
307,29,415,563,0.553,384,487,447,639
307,17,364,534,0.551,333,454,394,613
307,57,188,277,0.535,149,207,226,347
307,86,1888,212,0.527,1858,148,1918,277
307,23,1065,1063,0.526,1037,1046,1093,1079
307,45,1403,87,0.505,1382,20,1424,154
307,74,1681,124,0.496,1654,61,1709,186
307,80,1772,84,0.486,1741,23,1803,145
307,43,866,66,0.443,846,16,886,117
307,75,1839,85,0.438,1811,20,1867,149
307,78,1866,149,0.437,1832,85,1900,213
307,76,21,389,0.4,0,326,42,452
307,77,1907,391,0.316,1895,365,1919,416
308,44,960,618,0.864,926,534,994,701
308,70,1120,809,0.855,1075,709,1166,909
308,73,1573,828,0.844,1533,727,1612,929
308,61,783,576,0.839,748,490,817,663
308,85,40,707,0.801,0,609,80,805
308,24,1302,1005,0.8,1257,932,1347,1078
308,62,961,186,0.793,933,118,988,254
308,83,1486,1011,0.771,1441,943,1531,1079
308,47,1287,137,0.743,1259,71,1315,203
308,51,746,236,0.735,714,161,778,311
308,16,65,185,0.726,39,125,92,244
308,60,1020,184,0.692,997,126,1043,243
308,56,1855,656,0.668,1807,568,1903,744
308,42,1062,166,0.662,1045,107,1079,224
308,57,186,277,0.62,147,208,226,346
308,29,417,563,0.582,383,487,450,639
308,17,363,533,0.565,333,454,393,612
308,79,481,549,0.554,452,483,509,614
308,80,1771,84,0.547,1740,23,1802,145
308,45,1403,87,0.538,1382,20,1424,154
308,76,20,390,0.514,0,327,41,452
308,23,1065,1066,0.5,1040,1052,1090,1079
308,43,869,67,0.494,846,15,893,118
308,86,1888,210,0.484,1859,144,1917,275
308,78,1866,144,0.421,1830,80,1901,207
308,75,1839,84,0.416,1811,20,1867,147
308,87,1713,118,0.391,1688,56,1739,179
308,74,1678,123,0.356,1651,61,1706,186
309,73,1573,819,0.86,1534,715,1613,923
309,44,960,632,0.857,926,540,993,723
309,85,42,712,0.847,0,614,84,810
309,24,1305,1010,0.84,1258,944,1352,1077
309,70,1114,801,0.831,1071,701,1158,902
309,61,784,565,0.83,751,485,817,645
309,47,1287,135,0.779,1259,68,1315,202
309,62,961,190,0.777,933,119,990,261
309,83,1482,1005,0.776,1438,932,1527,1078
309,51,753,236,0.764,726,160,780,312
309,16,65,185,0.742,38,125,91,245
309,42,1062,163,0.722,1043,105,1081,221
309,60,1020,190,0.68,998,130,1043,249
309,57,185,277,0.666,147,209,222,346
309,56,1858,662,0.606,1809,573,1906,751
309,79,482,550,0.601,454,485,509,614
309,76,21,390,0.594,0,329,42,452
309,17,364,534,0.584,333,454,394,614
309,45,1403,87,0.578,1382,20,1424,154
309,80,1768,82,0.574,1737,20,1799,144
309,29,413,562,0.569,385,485,442,638
309,86,1886,207,0.555,1859,140,1913,274
309,75,1835,80,0.554,1808,18,1863,143
309,78,1865,141,0.506,1831,76,1899,207
309,74,1674,121,0.452,1645,58,1703,183
309,43,872,66,0.447,848,14,897,118
309,5,1066,71,0.426,1042,17,1090,124
309,87,1707,118,0.416,1681,57,1733,178
309,82,1231,36,0.368,1214,0,1248,73
310,44,960,638,0.866,928,545,992,730
310,73,1575,812,0.851,1536,711,1613,912
310,85,41,715,0.851,0,617,83,812
310,24,1305,1013,0.841,1258,949,1352,1077
310,61,785,559,0.832,753,481,818,637
310,70,1112,798,0.806,1071,697,1154,899
310,16,65,186,0.779,38,125,92,246
310,47,1287,133,0.769,1259,66,1315,201
310,62,962,192,0.765,934,120,990,264
310,51,753,235,0.763,726,158,780,312
310,83,1482,1003,0.759,1437,928,1527,1078
310,56,1860,654,0.738,1811,577,1909,732
310,57,182,278,0.708,144,209,220,346
310,60,1023,193,0.687,1000,131,1046,256
310,42,1063,160,0.672,1044,101,1082,219
310,75,1834,78,0.564,1807,16,1861,140
310,80,1764,82,0.562,1731,20,1798,143
310,17,365,533,0.557,334,454,396,613
310,29,414,562,0.556,385,486,444,638
310,79,481,550,0.545,453,485,509,614
310,45,1402,87,0.538,1381,19,1423,154
310,76,21,390,0.515,0,328,42,453
310,86,1883,207,0.508,1857,140,1909,273
310,78,1865,141,0.482,1831,76,1898,207
310,74,1667,120,0.455,1636,57,1698,183
310,5,1065,69,0.412,1042,15,1089,123
310,87,1702,114,0.391,1677,52,1728,177
310,43,873,66,0.37,849,14,897,118
310,82,1231,36,0.341,1213,0,1248,73
311,44,958,641,0.86,926,549,990,733
311,85,41,715,0.854,0,619,83,812
311,73,1575,802,0.844,1536,706,1615,898
311,61,786,555,0.836,753,479,819,632
311,24,1306,1015,0.824,1260,953,1352,1078
311,16,65,186,0.762,37,125,92,247
311,62,963,194,0.745,936,123,990,264
311,51,754,235,0.735,727,157,780,313
311,83,1481,1001,0.726,1436,922,1526,1079
311,57,182,280,0.72,143,210,221,349
311,70,1113,792,0.695,1072,693,1154,891
311,60,1022,195,0.692,999,132,1045,258
311,47,1287,130,0.683,1260,63,1314,198
311,42,1063,166,0.631,1044,112,1081,220
311,76,21,391,0.614,0,329,42,453
311,17,365,533,0.587,334,454,396,613
311,56,1861,654,0.579,1811,579,1911,729
311,29,415,561,0.573,384,484,445,638
311,75,1833,76,0.542,1806,15,1861,137
311,79,481,549,0.541,452,483,509,614
311,86,1881,205,0.512,1854,139,1908,272
311,78,1864,141,0.491,1831,75,1898,208
311,80,1769,82,0.489,1742,21,1797,144
311,5,1065,69,0.466,1041,14,1090,125
311,45,1403,87,0.45,1381,20,1425,154
311,43,873,65,0.4,850,13,897,118
311,74,1664,120,0.399,1632,55,1695,184
311,87,1702,115,0.389,1675,53,1729,178
312,61,787,551,0.889,753,475,820,626
312,44,959,644,0.86,927,552,990,735
312,85,44,717,0.84,0,622,88,812
312,73,1576,794,0.84,1537,700,1615,887
312,70,1111,784,0.838,1069,689,1152,878
312,24,1307,1018,0.813,1261,958,1353,1077
312,16,65,186,0.768,37,125,93,248
312,51,754,234,0.75,727,156,781,312
312,57,180,282,0.738,141,211,220,352
312,62,963,194,0.735,936,124,990,264
312,60,1022,196,0.701,999,134,1044,259
312,83,1481,998,0.701,1436,917,1527,1078
312,47,1287,126,0.687,1260,61,1314,191
312,76,21,392,0.657,0,329,43,456
312,17,365,533,0.641,334,454,396,613
312,42,1062,165,0.637,1044,110,1081,220
312,79,481,548,0.614,452,482,509,614
312,86,1879,205,0.599,1850,138,1908,271
312,29,415,560,0.589,384,482,446,638
312,56,1866,658,0.547,1814,582,1917,734
312,75,1832,75,0.546,1803,14,1860,136
312,5,1065,69,0.51,1040,12,1090,125
312,78,1864,140,0.426,1830,73,1897,208
312,43,874,65,0.424,851,13,897,117
312,45,1403,87,0.42,1382,19,1425,154
312,80,1764,81,0.411,1735,20,1794,143
312,74,1662,120,0.374,1631,56,1693,185
312,82,1231,36,0.332,1214,0,1248,73
312,87,1703,115,0.325,1683,53,1723,177
313,61,788,549,0.909,753,471,822,626
313,44,959,647,0.871,927,554,992,740
313,85,43,717,0.85,0,623,87,811
313,73,1576,787,0.834,1536,696,1616,878
313,16,64,187,0.788,36,125,92,249
313,24,1308,1020,0.778,1262,963,1354,1078
313,57,179,285,0.737,140,213,218,357
313,83,1481,994,0.736,1434,910,1528,1078
313,51,756,233,0.728,729,155,783,311
313,60,1022,197,0.713,1000,135,1044,260
313,70,1108,776,0.71,1068,684,1148,868
313,62,964,198,0.702,936,126,991,269
313,76,22,396,0.665,0,330,44,463
313,79,481,547,0.654,453,481,509,614
313,17,366,533,0.644,335,453,397,614
313,42,1063,166,0.642,1045,113,1081,220
313,47,1288,122,0.618,1260,58,1316,186
313,86,1877,203,0.597,1845,136,1909,269
313,29,418,560,0.55,385,482,451,639
313,75,1830,72,0.531,1802,11,1859,134
313,56,1867,661,0.5,1815,585,1919,737
313,5,1065,68,0.499,1040,11,1089,125
313,78,1863,140,0.41,1831,73,1895,207
313,80,1766,81,0.395,1739,20,1792,143
313,45,1402,86,0.366,1381,18,1423,154
313,87,1702,114,0.329,1683,52,1721,175
313,74,1660,118,0.315,1628,54,1692,182
313,43,875,65,0.309,853,13,897,117
314,61,788,547,0.897,753,467,823,627
314,85,44,719,0.882,0,627,89,811
314,44,961,652,0.876,929,560,993,745
314,73,1577,780,0.817,1536,688,1619,872
314,24,1311,1025,0.811,1265,972,1357,1078
314,83,1479,989,0.797,1433,901,1525,1077
314,60,1021,199,0.736,997,137,1045,260
314,16,63,188,0.733,34,126,93,250
314,57,178,291,0.714,140,216,216,365
314,56,1868,685,0.711,1816,590,1919,780
314,70,1107,763,0.706,1068,675,1146,852
314,62,967,200,0.705,938,129,995,271
314,51,760,224,0.68,732,150,787,297
314,76,22,405,0.669,0,338,44,472
314,79,480,547,0.661,451,480,509,614
314,47,1290,116,0.65,1264,52,1315,179
314,42,1064,163,0.648,1045,109,1082,218
314,17,366,533,0.621,335,454,398,613
314,86,1877,199,0.602,1840,133,1914,266
314,29,419,558,0.539,383,477,455,640
314,75,1826,71,0.515,1796,9,1856,133
314,74,1652,118,0.512,1619,53,1686,182
314,80,1755,76,0.393,1724,16,1787,136
314,45,1403,86,0.364,1381,18,1424,153
314,5,1064,66,0.36,1040,10,1088,123
314,78,1862,138,0.349,1829,69,1894,207
315,85,47,721,0.889,1,630,93,811
315,61,789,547,0.877,754,466,823,628
315,44,962,655,0.874,930,564,994,747
315,24,1312,1028,0.838,1266,977,1358,1079
315,83,1477,986,0.83,1431,896,1524,1076
315,57,178,292,0.772,140,220,216,365
315,73,1578,778,0.764,1536,684,1620,872
315,60,1020,199,0.751,996,138,1045,260
315,16,63,188,0.726,33,126,93,250
315,62,967,200,0.685,939,130,996,270
315,79,481,547,0.68,452,480,509,614
315,56,1869,685,0.664,1819,592,1918,778
315,51,761,221,0.648,734,147,788,295
315,42,1064,162,0.636,1046,107,1083,218
315,47,1291,114,0.635,1265,52,1317,176
315,17,366,533,0.604,335,453,397,613
315,70,1107,761,0.587,1068,673,1145,849
315,76,21,407,0.585,0,341,43,473
315,84,1093,759,0.572,1064,674,1123,844
315,74,1652,116,0.552,1618,51,1686,181
315,29,419,560,0.514,385,482,453,638
315,86,1874,197,0.48,1840,128,1909,266
315,75,1825,70,0.462,1795,8,1855,132
315,80,1755,75,0.376,1724,14,1786,135
315,5,1063,64,0.325,1039,9,1087,120
315,45,1402,86,0.324,1381,18,1422,153
316,61,789,545,0.885,754,463,824,627
316,85,53,721,0.879,3,631,104,811
316,44,962,656,0.879,930,566,995,747
316,73,1579,777,0.831,1536,682,1622,872
316,24,1312,1031,0.81,1265,984,1359,1078
316,83,1477,985,0.789,1430,893,1524,1076
316,60,1021,199,0.76,996,138,1046,261
316,57,178,295,0.746,140,223,216,368
316,16,63,188,0.726,32,127,94,250
316,62,968,200,0.698,938,129,997,270
316,51,761,218,0.684,733,144,790,291
316,56,1870,687,0.672,1821,594,1919,780
316,79,481,547,0.659,453,480,509,614
316,84,1094,757,0.658,1063,670,1124,845
316,47,1291,113,0.651,1265,49,1316,176
316,42,1065,161,0.649,1047,106,1084,216
316,17,366,533,0.606,335,453,398,613
316,76,22,409,0.589,0,342,44,476
316,74,1651,114,0.537,1618,50,1683,178
316,29,417,558,0.529,382,478,452,638
316,86,1869,193,0.488,1836,124,1901,263
316,75,1823,69,0.452,1792,7,1853,131
316,5,1063,64,0.409,1039,8,1088,119
316,80,1754,73,0.405,1725,13,1783,133
316,43,887,61,0.324,871,11,902,112
316,45,1402,87,0.309,1382,21,1423,153
317,61,789,543,0.89,755,459,823,627
317,44,963,658,0.883,929,568,996,747
317,85,59,724,0.87,5,634,114,814
317,83,1476,984,0.828,1429,890,1523,1077
317,73,1581,776,0.825,1537,679,1626,872
317,24,1313,1034,0.785,1265,990,1362,1078
317,60,1021,200,0.76,997,139,1046,261
317,57,177,298,0.736,140,224,215,371
317,70,1097,758,0.731,1057,667,1137,849
317,16,63,189,0.73,33,127,94,251
317,62,968,201,0.719,939,131,997,271
317,51,763,216,0.702,734,143,792,289
317,56,1872,688,0.671,1826,598,1919,778
317,79,481,547,0.66,452,481,509,613
317,76,22,410,0.617,0,341,44,480
317,42,1065,153,0.609,1046,96,1084,211
317,47,1291,112,0.595,1265,48,1316,176
317,17,366,533,0.594,335,454,397,613
317,29,417,558,0.528,381,479,454,638
317,75,1820,67,0.482,1788,5,1852,130
317,74,1648,112,0.444,1618,49,1679,174
317,86,1868,191,0.427,1838,125,1898,257
317,87,1689,99,0.422,1666,40,1712,157
317,80,1754,73,0.405,1726,12,1783,134
317,88,432,557,0.401,402,476,463,638
318,44,964,659,0.88,929,570,998,747
318,61,789,542,0.878,755,458,822,627
318,85,65,729,0.861,9,637,121,822
318,73,1582,774,0.827,1537,677,1627,870
318,83,1477,980,0.816,1431,887,1522,1074
318,70,1094,757,0.779,1054,665,1134,849
318,60,1021,200,0.771,995,140,1046,261
318,24,1313,1037,0.759,1262,997,1363,1078
318,51,765,214,0.737,734,142,795,287
318,16,63,189,0.732,31,127,94,250
318,62,967,202,0.728,939,132,996,271
318,56,1875,690,0.672,1830,599,1919,780
318,57,176,300,0.664,140,226,213,375
318,76,21,413,0.662,0,342,43,483
318,79,481,547,0.642,453,481,509,613
318,42,1065,151,0.618,1047,95,1083,207
318,47,1291,110,0.618,1266,48,1317,172
318,17,366,533,0.585,335,454,398,612
318,29,418,559,0.519,383,479,453,638
318,74,1646,110,0.473,1618,48,1674,172
318,86,1869,188,0.464,1833,121,1904,255
318,75,1819,66,0.44,1787,5,1851,128
318,88,433,557,0.431,403,476,463,638
318,87,1688,99,0.389,1666,41,1710,156
318,80,1753,71,0.371,1725,10,1781,131
318,5,1063,59,0.366,1039,6,1087,111
318,43,893,63,0.337,878,11,908,115
319,61,790,536,0.904,755,452,825,620
319,44,965,661,0.875,930,576,999,746
319,85,75,734,0.863,16,641,134,827
319,73,1584,767,0.856,1539,671,1629,863
319,70,1089,753,0.763,1048,658,1130,849
319,62,965,202,0.759,933,133,997,270
319,51,767,208,0.749,737,137,796,278
319,24,1316,1044,0.747,1266,1010,1366,1078
319,83,1476,974,0.74,1431,879,1521,1069
319,16,62,189,0.699,30,128,94,251
319,60,1023,200,0.687,998,141,1048,259
319,57,175,301,0.656,139,229,211,374
319,47,1292,110,0.613,1267,48,1317,172
319,79,481,547,0.595,454,481,509,613
319,76,21,416,0.562,0,345,43,487
319,17,367,533,0.535,335,454,398,612
319,42,1068,149,0.483,1050,95,1087,202
319,74,1644,106,0.475,1618,44,1670,169
319,56,1876,691,0.469,1833,603,1918,780
319,29,418,561,0.466,385,483,450,638
319,87,1681,99,0.455,1657,42,1705,157
319,86,1864,181,0.441,1834,115,1894,246
319,45,1402,87,0.44,1382,22,1422,153
319,75,1814,65,0.439,1782,2,1846,127
319,43,896,61,0.412,879,11,912,111
319,88,437,556,0.407,409,476,465,637
319,80,1751,66,0.397,1722,6,1779,126
320,61,791,533,0.902,756,449,826,617
320,85,76,738,0.869,18,645,135,832
320,44,965,662,0.859,930,578,1001,747
320,73,1585,764,0.838,1541,666,1629,862
320,83,1477,971,0.789,1432,876,1522,1066
320,62,964,204,0.756,931,134,997,273
320,70,1090,750,0.741,1051,654,1129,846
320,57,175,301,0.728,139,229,211,374
320,24,1317,1049,0.719,1268,1018,1366,1080
320,60,1023,202,0.702,998,142,1048,262
320,16,61,190,0.7,28,128,94,251
320,51,767,207,0.694,736,136,797,279
320,47,1293,110,0.62,1268,47,1318,172
320,79,481,547,0.598,454,481,509,613
320,42,1068,145,0.544,1050,91,1086,200
320,86,1858,177,0.53,1826,112,1889,243
320,17,366,533,0.515,335,454,398,611
320,29,418,562,0.493,386,485,450,638
320,56,1878,692,0.483,1837,604,1919,780
320,75,1812,63,0.483,1782,1,1843,126
320,74,1642,105,0.483,1615,43,1668,166
320,43,898,61,0.468,880,11,916,112
320,80,1749,65,0.46,1720,5,1778,124
320,76,22,418,0.459,0,349,44,487
320,87,1680,99,0.442,1656,40,1703,158
320,45,1406,88,0.44,1382,23,1430,153
320,88,436,557,0.419,409,476,464,637
320,82,1231,36,0.306,1215,0,1248,73
321,61,792,528,0.911,756,445,828,611
321,85,78,741,0.865,21,647,135,835
321,44,965,670,0.853,930,582,1000,758
321,70,1085,748,0.849,1046,652,1125,844
321,73,1587,758,0.836,1544,662,1629,855
321,62,963,206,0.758,929,135,997,277
321,51,766,207,0.722,736,134,796,279
321,16,61,189,0.7,27,128,94,250
321,57,175,301,0.698,138,229,211,374
321,83,1476,966,0.693,1432,871,1521,1061
321,24,1319,1051,0.692,1273,1024,1365,1078
321,60,1023,204,0.671,997,142,1049,266
321,47,1294,110,0.631,1269,46,1319,175
321,79,482,546,0.616,454,480,509,612
321,42,1069,143,0.604,1050,87,1087,198
321,76,22,418,0.603,0,350,44,486
321,90,1471,1057,0.569,1434,1036,1508,1078
321,17,366,532,0.539,335,454,397,611
321,29,419,561,0.538,386,484,452,638
321,56,1879,701,0.529,1840,612,1919,789
321,86,1853,173,0.52,1818,105,1888,241
321,43,901,61,0.482,880,10,922,112
321,75,1811,61,0.449,1780,1,1842,121
321,74,1639,104,0.418,1612,42,1667,165
321,80,1746,63,0.406,1716,4,1776,122
321,88,435,556,0.393,406,475,463,636
321,89,1005,101,0.355,983,46,1026,157
321,87,1676,99,0.35,1653,39,1700,159
321,45,1404,90,0.345,1382,28,1426,153
321,82,1231,36,0.328,1215,0,1248,73
321,5,1063,39,0.313,1040,0,1087,78
322,61,792,522,0.896,756,443,827,602
322,85,80,744,0.855,24,649,135,839
322,44,967,677,0.843,930,586,1004,768
322,70,1083,743,0.82,1043,649,1122,837
322,73,1586,752,0.813,1543,655,1629,848
322,51,765,206,0.8,735,133,795,279
322,62,963,208,0.779,927,135,999,282
322,57,175,302,0.764,138,230,211,374
322,83,1477,953,0.758,1433,864,1522,1043
322,47,1295,107,0.68,1270,43,1320,171
322,16,60,189,0.679,27,128,94,251
322,24,1321,1053,0.668,1277,1028,1365,1078
322,60,1024,207,0.666,998,144,1050,270
322,56,1880,706,0.637,1842,614,1919,798
322,76,23,416,0.635,0,346,47,486
322,42,1068,140,0.63,1049,83,1087,196
322,79,481,545,0.6,454,480,509,611
322,90,1471,1055,0.589,1427,1031,1515,1079
322,17,366,532,0.58,335,453,398,610
322,29,419,561,0.571,386,485,453,637
322,86,1854,177,0.537,1821,111,1887,244
322,75,1810,61,0.485,1780,0,1840,123
322,43,905,61,0.475,881,10,930,112
322,74,1634,103,0.448,1604,42,1663,164
322,87,1668,98,0.447,1638,37,1698,159
322,5,1063,41,0.411,1039,0,1087,82
322,80,1743,63,0.405,1712,3,1774,123
322,89,1006,102,0.373,984,45,1028,159
322,82,1231,36,0.333,1214,0,1248,73
322,88,432,555,0.322,401,476,463,634
323,61,791,517,0.896,755,438,827,596
323,85,81,746,0.87,26,651,135,841
323,44,966,685,0.848,930,590,1002,780
323,51,765,205,0.807,735,132,794,278
323,83,1477,949,0.802,1431,858,1522,1040
323,70,1082,739,0.786,1043,645,1120,834
323,62,963,209,0.741,927,136,999,283
323,73,1581,745,0.717,1541,654,1622,836
323,57,174,302,0.682,137,230,211,374
323,16,61,189,0.68,27,129,94,250
323,86,1847,177,0.659,1811,112,1882,242
323,60,1024,208,0.652,998,147,1050,270
323,47,1296,103,0.645,1271,41,1322,164
323,79,481,545,0.636,453,479,509,611
323,17,366,532,0.612,335,453,397,611
323,76,24,415,0.61,0,344,49,485
323,29,419,561,0.6,385,486,452,637
323,90,1469,1052,0.592,1423,1025,1515,1079
323,42,1068,140,0.567,1049,84,1086,196
323,24,1323,1056,0.553,1280,1033,1365,1078
323,56,1881,716,0.544,1843,621,1919,811
323,75,1810,61,0.492,1781,0,1839,122
323,74,1631,102,0.462,1600,42,1662,162
323,87,1668,97,0.457,1639,37,1697,158
323,91,1198,1063,0.423,1183,1047,1213,1080
323,43,908,61,0.419,881,11,935,111
323,80,1743,62,0.411,1712,2,1773,122
323,84,1072,726,0.378,1042,648,1101,805
323,82,1231,36,0.32,1215,0,1248,72
323,88,432,556,0.309,402,478,462,633
323,89,1008,103,0.308,988,50,1028,157
324,85,84,748,0.875,31,654,136,842
324,61,790,508,0.861,755,433,825,584
324,44,966,692,0.859,928,595,1004,789
324,73,1585,728,0.81,1542,639,1629,816
324,70,1077,728,0.792,1038,637,1115,819
324,62,963,212,0.752,928,140,998,284
324,16,59,189,0.72,26,129,92,249
324,60,1025,215,0.718,1000,152,1050,278
324,51,766,204,0.713,740,131,793,278
324,47,1299,95,0.685,1274,34,1324,156
324,83,1476,935,0.682,1431,847,1521,1024
324,17,367,529,0.667,335,450,398,608
324,76,27,412,0.665,0,341,55,484
324,90,1467,1045,0.639,1419,1013,1516,1078
324,86,1844,176,0.63,1808,109,1880,243
324,57,173,304,0.629,136,234,210,375
324,79,482,543,0.614,455,477,509,610
324,42,1067,137,0.558,1050,79,1085,195
324,29,420,557,0.549,384,477,457,636
324,75,1809,59,0.502,1783,0,1836,118
324,74,1615,101,0.496,1577,40,1653,162
324,87,1663,96,0.451,1637,36,1690,157
324,84,1060,720,0.447,1037,636,1084,804
324,5,1062,48,0.404,1038,0,1086,97
324,43,909,60,0.397,882,9,936,111
324,91,1196,1058,0.381,1171,1038,1220,1078
324,80,1740,61,0.375,1708,0,1772,122
324,88,440,550,0.33,416,471,464,629
324,82,1231,36,0.315,1215,0,1248,72
324,56,1882,724,0.31,1846,630,1919,818
324,78,1845,106,0.307,1808,50,1882,163
325,44,966,696,0.874,928,600,1004,792
325,85,85,748,0.864,33,655,137,841
325,73,1587,723,0.835,1543,635,1631,812
325,61,790,506,0.805,755,429,824,583
325,62,963,214,0.748,928,141,998,287
325,51,768,202,0.744,740,128,795,276
325,16,58,189,0.736,25,129,92,249
325,83,1476,926,0.734,1432,841,1521,1012
325,47,1300,92,0.727,1276,30,1324,154
325,70,1073,720,0.727,1035,632,1111,808
325,60,1025,216,0.691,1000,154,1050,279
325,90,1461,1042,0.689,1410,1007,1512,1077
325,17,367,529,0.669,335,450,400,608
325,76,29,414,0.657,0,343,58,485
325,57,172,304,0.645,135,233,209,375
325,42,1068,137,0.611,1050,79,1085,195
325,79,483,544,0.599,456,478,509,610
325,84,1061,717,0.569,1035,630,1087,804
325,86,1843,175,0.539,1808,108,1877,242
325,75,1809,57,0.536,1783,0,1835,115
325,74,1613,100,0.528,1576,38,1651,161
325,5,1062,50,0.487,1038,0,1086,100
325,29,421,563,0.48,387,491,454,636
325,43,912,59,0.426,885,7,940,111
325,91,1195,1056,0.409,1164,1033,1225,1079
325,88,431,556,0.394,400,477,462,635
325,87,1662,94,0.382,1637,34,1688,155
325,78,1843,105,0.352,1808,48,1879,162
325,80,1743,60,0.345,1716,0,1771,120
325,45,1404,82,0.31,1385,12,1423,152
325,82,1232,36,0.308,1215,0,1248,72
326,44,966,700,0.891,927,604,1005,796
326,61,790,503,0.863,755,427,825,580
326,85,87,749,0.857,36,657,138,841
326,73,1590,722,0.795,1548,631,1632,813
326,60,1027,217,0.755,1002,155,1051,278
326,62,964,217,0.754,930,143,999,290
326,51,767,202,0.749,741,128,794,276
326,83,1477,920,0.73,1432,834,1521,1007
326,16,57,188,0.726,24,128,90,248
326,70,1070,713,0.717,1032,628,1107,798
326,57,172,303,0.697,134,234,210,372
326,47,1300,91,0.695,1276,28,1324,153
326,90,1457,1040,0.68,1405,1004,1509,1077
326,17,368,529,0.662,335,450,401,608
326,76,32,417,0.636,0,345,64,489
326,42,1068,138,0.626,1050,80,1086,196
326,79,481,543,0.623,454,477,509,609
326,86,1842,172,0.604,1810,107,1875,237
326,74,1611,100,0.534,1574,37,1649,162
326,75,1809,57,0.53,1784,0,1834,114
326,5,1061,50,0.53,1038,0,1083,100
326,91,1192,1052,0.486,1158,1026,1226,1078
326,29,422,559,0.467,389,482,454,636
326,87,1663,92,0.451,1641,33,1685,152
326,78,1842,103,0.438,1807,47,1878,160
326,43,913,58,0.414,887,4,939,112
326,80,1743,61,0.402,1716,0,1769,121
326,89,1010,101,0.386,991,47,1028,155
326,45,1404,79,0.38,1385,5,1423,152
326,88,438,550,0.309,412,470,463,631
327,44,965,701,0.886,926,605,1004,796
327,85,88,750,0.859,38,657,138,842
327,61,790,501,0.852,755,422,825,580
327,73,1592,720,0.81,1551,629,1632,812
327,83,1477,915,0.779,1432,830,1522,1000
327,51,767,200,0.755,740,126,795,274
327,62,964,217,0.748,930,143,999,291
327,60,1027,216,0.745,1003,155,1052,278
327,90,1457,1038,0.713,1407,999,1508,1078
327,70,1063,708,0.707,1023,623,1102,792
327,16,56,188,0.683,24,128,88,249
327,57,172,304,0.678,133,235,210,374
327,47,1300,89,0.661,1275,27,1325,152
327,42,1068,133,0.631,1049,73,1086,193
327,17,368,529,0.63,335,450,401,608
327,79,482,543,0.609,454,476,509,610
327,91,1190,1050,0.602,1155,1022,1226,1078
327,76,34,417,0.571,0,344,68,490
327,86,1842,171,0.529,1811,107,1873,235
327,29,421,561,0.518,389,486,452,635
327,74,1610,98,0.48,1574,38,1646,159
327,75,1808,56,0.479,1784,0,1833,112
327,87,1661,89,0.458,1640,31,1682,147
327,92,650,21,0.444,640,0,660,42
327,89,1010,101,0.44,990,46,1031,157
327,78,1841,102,0.391,1806,46,1875,159
327,80,1742,60,0.351,1717,0,1767,120
327,43,914,60,0.33,890,8,938,111
327,45,1404,81,0.317,1384,13,1423,150
327,5,1060,43,0.31,1038,0,1082,87
328,44,965,701,0.881,926,606,1004,796
328,61,789,500,0.867,755,420,823,579
328,85,90,752,0.863,42,661,138,843
328,73,1593,718,0.817,1554,626,1632,811
328,83,1478,912,0.778,1433,826,1522,998
328,51,769,199,0.751,742,125,795,273
328,60,1027,215,0.743,1002,154,1053,276
328,62,964,217,0.735,930,144,998,290
328,16,54,188,0.722,24,128,84,248
328,91,1188,1047,0.71,1151,1016,1226,1079
328,90,1457,1036,0.705,1407,993,1508,1078
328,70,1058,704,0.698,1019,617,1096,792
328,57,171,307,0.698,133,236,210,377
328,47,1300,88,0.663,1274,24,1326,151
328,42,1068,134,0.65,1050,77,1086,191
328,86,1840,167,0.641,1810,100,1871,234
328,79,482,542,0.619,455,475,509,609
328,76,34,418,0.611,0,344,68,492
328,17,367,528,0.601,335,449,399,608
328,75,1808,55,0.572,1783,0,1832,110
328,29,422,560,0.559,389,485,455,635
328,80,1741,59,0.494,1716,0,1765,118
328,74,1610,98,0.484,1576,36,1644,160
328,89,1011,102,0.476,990,46,1032,158
328,92,650,21,0.445,639,0,661,43
328,87,1659,87,0.439,1638,29,1680,145
328,5,1060,45,0.43,1038,0,1083,91
328,43,917,58,0.383,894,7,939,110
328,78,1840,101,0.379,1807,45,1874,158
328,45,1404,83,0.338,1385,17,1424,150
329,85,95,756,0.893,46,665,144,847
329,73,1594,713,0.886,1557,619,1632,808
329,44,966,704,0.866,929,611,1004,796
329,70,1053,703,0.832,1013,614,1093,792
329,61,791,499,0.827,756,418,826,580
329,83,1473,906,0.8,1429,819,1517,994
329,91,1185,1041,0.792,1148,1003,1223,1078
329,90,1454,1029,0.768,1400,981,1508,1077
329,16,51,188,0.766,25,129,77,248
329,62,964,217,0.758,930,145,997,289
329,51,769,194,0.738,743,120,795,268
329,60,1027,214,0.737,1001,153,1053,276
329,17,367,528,0.67,336,448,398,609
329,57,169,312,0.663,132,239,206,386
329,86,1838,162,0.661,1809,98,1868,225
329,47,1300,86,0.66,1274,24,1327,149
329,75,1805,55,0.652,1781,0,1830,110
329,79,482,542,0.635,454,476,509,608
329,42,1068,131,0.604,1049,76,1087,185
329,76,34,421,0.584,0,348,68,494
329,29,418,559,0.556,385,483,450,634
329,80,1738,57,0.554,1714,0,1762,114
329,74,1608,95,0.534,1574,33,1642,158
329,89,1013,106,0.449,993,49,1034,162
329,78,1842,88,0.431,1810,40,1873,137
329,93,1902,417,0.39,1885,381,1919,453
329,5,1059,46,0.385,1037,0,1082,92
329,87,1654,83,0.375,1631,26,1677,140
329,92,649,23,0.359,638,0,661,46
329,43,923,56,0.351,903,4,942,108
329,56,1884,742,0.337,1848,654,1919,831
330,73,1595,712,0.87,1558,617,1633,807
330,44,966,707,0.854,927,617,1006,796
330,85,97,762,0.845,47,666,147,858
330,83,1473,901,0.831,1427,815,1519,986
330,61,791,498,0.83,757,417,826,579
330,91,1185,1037,0.801,1147,995,1224,1079
330,16,49,189,0.797,24,129,74,248
330,90,1455,1023,0.796,1400,968,1510,1078
330,84,1044,701,0.795,1010,611,1077,791
330,62,964,218,0.768,930,146,998,289
330,60,1027,214,0.753,1002,153,1053,274
330,51,769,192,0.739,744,118,795,265
330,57,169,314,0.714,132,240,207,388
330,47,1300,85,0.668,1274,23,1327,148
330,42,1068,124,0.654,1049,69,1088,179
330,17,367,527,0.651,336,448,398,606
330,79,482,542,0.641,454,475,509,608
330,76,35,425,0.616,0,353,69,498
330,86,1837,157,0.607,1809,94,1866,221
330,75,1805,55,0.607,1780,0,1830,110
330,80,1733,55,0.543,1704,0,1762,111
330,29,421,555,0.528,390,474,453,635
330,74,1606,93,0.474,1573,30,1639,156
330,89,1013,105,0.456,994,47,1033,163
330,87,1652,85,0.43,1629,24,1675,146
330,93,1902,414,0.425,1886,374,1919,454
330,92,650,24,0.36,638,0,661,48
330,43,928,54,0.36,910,1,946,107
330,78,1840,85,0.346,1808,37,1872,133
330,45,1405,83,0.343,1385,17,1424,149
330,5,1058,44,0.317,1036,0,1080,89
331,73,1595,708,0.869,1559,613,1632,803
331,61,791,496,0.838,756,416,826,577
331,44,967,706,0.837,930,618,1004,795
331,85,101,768,0.828,49,668,153,868
331,91,1185,1033,0.815,1146,989,1224,1077
331,16,48,189,0.811,24,129,72,249
331,83,1473,898,0.808,1428,810,1517,986
331,51,770,189,0.784,744,115,796,262
331,62,965,218,0.768,932,147,998,289
331,70,1046,700,0.768,1009,608,1082,792
331,60,1028,215,0.764,1003,154,1053,275
331,57,169,315,0.731,130,241,209,389
331,90,1455,1022,0.726,1402,965,1508,1079
331,47,1300,85,0.67,1273,22,1327,148
331,76,34,427,0.661,0,353,69,501
331,17,367,527,0.647,336,447,398,606
331,42,1069,120,0.581,1049,65,1088,176
331,75,1801,55,0.58,1774,0,1828,109
331,79,482,542,0.571,455,476,510,608
331,29,424,553,0.554,390,472,459,634
331,93,1902,407,0.529,1886,360,1919,454
331,74,1606,91,0.512,1573,28,1638,153
331,80,1728,54,0.502,1695,0,1760,109
331,89,1014,106,0.484,994,48,1035,164
331,86,1837,154,0.472,1808,90,1865,218
331,87,1649,85,0.446,1625,24,1674,146
331,45,1406,81,0.421,1386,14,1425,148
331,43,930,54,0.399,911,0,949,108
331,92,650,24,0.368,638,0,661,48
331,56,1886,746,0.355,1852,659,1919,834
331,78,1841,82,0.315,1810,35,1871,129
332,85,106,774,0.863,53,671,159,876
332,44,966,708,0.849,930,621,1001,795
332,61,790,494,0.845,756,412,824,576
332,73,1596,705,0.844,1559,608,1633,802
332,83,1471,893,0.834,1427,806,1514,979
332,91,1185,1030,0.809,1145,983,1225,1077
332,51,769,185,0.809,743,112,796,258
332,70,1046,699,0.795,1008,606,1084,791
332,16,48,188,0.786,24,129,72,248
332,62,967,218,0.764,935,148,998,289
332,60,1028,218,0.731,1002,155,1054,280
332,57,169,317,0.694,129,243,208,390
332,90,1452,1020,0.692,1399,963,1505,1078
332,17,366,527,0.681,336,448,397,607
332,47,1301,85,0.643,1274,22,1327,147
332,42,1069,118,0.619,1050,62,1088,173
332,79,482,542,0.574,455,477,510,607
332,29,424,552,0.563,388,471,461,633
332,76,35,433,0.56,0,366,69,501
332,80,1726,53,0.525,1692,0,1760,107
332,87,1643,83,0.489,1617,23,1669,143
332,74,1604,88,0.483,1572,27,1636,150
332,89,1016,107,0.476,996,52,1036,162
332,75,1799,54,0.475,1770,0,1827,109
332,86,1835,153,0.434,1807,89,1863,216
332,45,1406,81,0.42,1386,14,1425,148
332,43,932,55,0.413,913,0,951,109
332,92,649,24,0.374,637,0,661,48
332,78,1841,78,0.333,1811,33,1870,124
332,56,1888,747,0.3,1857,661,1919,833
333,44,967,710,0.869,931,624,1003,795
333,61,791,491,0.856,757,408,825,574
333,70,1044,696,0.852,1005,603,1082,790
333,85,109,778,0.85,55,675,162,880
333,73,1597,700,0.837,1560,604,1634,796
333,91,1185,1027,0.825,1146,977,1225,1078
333,83,1469,887,0.786,1426,803,1512,972
333,51,769,180,0.766,741,109,797,250
333,62,968,219,0.752,938,149,999,289
333,16,47,188,0.749,22,129,71,247
333,60,1029,221,0.729,1004,158,1054,285
333,17,367,527,0.706,336,447,398,607
333,57,168,320,0.666,129,246,207,394
333,79,482,541,0.64,455,475,510,607
333,42,1069,117,0.62,1050,63,1088,172
333,47,1301,83,0.62,1274,20,1327,145
333,29,423,552,0.619,385,470,461,633
333,90,1453,1017,0.605,1400,957,1506,1078
333,75,1797,54,0.577,1768,0,1826,109
333,86,1834,151,0.538,1807,86,1862,216
333,93,1902,393,0.507,1885,333,1919,453
333,76,35,427,0.472,0,354,70,501
333,74,1602,87,0.468,1571,26,1634,149
333,89,1017,107,0.463,998,53,1037,162
333,45,1406,81,0.46,1386,15,1426,148
333,80,1726,52,0.423,1693,0,1760,105
333,92,649,24,0.415,637,0,661,48
333,87,1642,80,0.411,1618,20,1667,141
333,43,934,55,0.356,916,2,951,108
333,78,1841,73,0.349,1811,31,1870,116
334,61,793,482,0.855,760,402,826,562
334,91,1184,1022,0.85,1143,965,1224,1078
334,85,111,782,0.833,61,681,162,883
334,44,966,722,0.829,930,630,1002,813
334,73,1598,686,0.822,1560,593,1635,779
334,83,1467,874,0.773,1424,793,1509,955
334,70,1037,690,0.769,1000,597,1074,784
334,90,1451,1011,0.769,1397,943,1505,1078
334,51,770,177,0.741,742,107,797,247
334,60,1028,226,0.737,1003,162,1054,290
334,16,47,188,0.718,22,129,72,248
334,62,971,221,0.717,943,151,999,292
334,17,367,526,0.69,336,446,397,607
334,57,165,324,0.667,125,250,206,398
334,76,36,426,0.66,0,352,73,501
334,42,1069,115,0.659,1051,59,1088,171
334,79,483,541,0.616,455,476,511,607
334,47,1301,79,0.614,1276,16,1327,142
334,93,1898,385,0.602,1878,316,1919,453
334,29,426,553,0.584,389,471,463,634
334,45,1406,83,0.579,1386,17,1426,148
334,75,1794,54,0.577,1763,0,1825,109
334,56,1892,751,0.574,1865,671,1919,832
334,87,1639,78,0.526,1615,18,1664,138
334,86,1831,150,0.514,1806,85,1856,215
334,74,1598,85,0.506,1569,23,1628,147
334,89,1019,107,0.493,999,54,1039,161
334,43,941,56,0.457,920,0,963,113
334,92,650,23,0.422,638,0,662,47
334,78,1839,71,0.32,1811,29,1868,113
334,82,1232,34,0.31,1215,0,1249,69
335,85,113,785,0.856,62,684,165,886
335,91,1183,1019,0.848,1141,960,1225,1078
335,61,793,475,0.847,761,397,825,553
335,73,1598,678,0.845,1559,589,1636,767
335,44,965,732,0.819,929,635,1001,829
335,83,1465,869,0.8,1423,787,1508,951
335,70,1036,687,0.74,998,592,1073,781
335,60,1029,228,0.732,1004,164,1054,292
335,62,973,225,0.707,944,153,1001,296
335,90,1453,1008,0.691,1400,937,1505,1078
335,76,37,426,0.688,0,352,75,501
335,16,47,189,0.663,21,129,72,249
335,51,773,175,0.662,748,104,798,246
335,17,366,526,0.641,336,445,395,606
335,42,1069,114,0.628,1051,59,1087,169
335,47,1301,78,0.615,1275,14,1327,142
335,56,1893,755,0.613,1867,674,1919,835
335,79,484,541,0.592,456,475,511,607
335,29,427,553,0.584,391,471,463,634
335,93,1894,382,0.583,1869,312,1919,451
335,45,1406,84,0.574,1386,20,1427,148
335,75,1793,53,0.572,1761,0,1824,106
335,86,1831,151,0.546,1804,87,1857,214
335,57,164,326,0.545,123,250,205,401
335,89,1020,108,0.471,999,53,1042,163
335,74,1596,85,0.465,1567,23,1625,146
335,87,1636,78,0.439,1613,19,1660,137
335,43,942,56,0.416,921,0,963,112
335,92,651,23,0.403,638,0,663,47
335,78,1840,69,0.34,1813,28,1867,110
336,85,114,788,0.85,65,688,164,888
336,61,792,472,0.843,760,396,825,547
336,73,1598,671,0.842,1559,583,1638,759
336,91,1182,1017,0.835,1140,957,1224,1078
336,44,967,739,0.828,928,640,1006,837
336,70,1034,683,0.782,996,589,1071,778
336,62,973,227,0.742,944,154,1003,299
336,76,37,427,0.733,0,352,75,502
336,60,1030,229,0.697,1005,165,1054,293
336,17,366,525,0.663,336,445,397,606
336,83,1464,864,0.655,1422,783,1505,946
336,51,773,174,0.648,748,102,798,245
336,42,1070,113,0.616,1052,56,1087,169
336,16,47,190,0.615,21,129,72,251
336,90,1451,1005,0.609,1400,932,1502,1079
336,47,1302,73,0.604,1275,10,1328,136
336,79,483,541,0.598,456,474,510,607
336,45,1407,83,0.597,1386,18,1427,148
336,29,427,552,0.584,391,470,464,635
336,93,1897,383,0.542,1874,311,1919,456
336,75,1791,52,0.517,1759,0,1822,105
336,57,161,325,0.505,121,250,202,400
336,89,1022,108,0.481,1000,54,1044,163
336,74,1592,84,0.422,1563,22,1622,147
336,87,1634,79,0.403,1611,22,1657,136
336,86,1827,153,0.387,1801,92,1853,213
336,56,1893,766,0.371,1867,681,1919,852
336,92,651,24,0.359,639,0,663,47
336,78,1839,70,0.311,1813,27,1866,113
337,85,116,790,0.865,67,690,165,890
337,73,1598,666,0.853,1557,580,1638,752
337,61,792,466,0.844,760,393,824,539
337,91,1182,1014,0.832,1140,951,1224,1078
337,44,966,743,0.824,929,644,1004,842
337,62,974,226,0.779,944,156,1004,296
337,70,1030,679,0.77,993,586,1067,773
337,83,1463,860,0.769,1420,777,1506,943
337,76,38,432,0.74,0,355,76,509
337,60,1030,229,0.738,1004,164,1055,294
337,90,1449,1003,0.717,1395,928,1504,1079
337,16,47,190,0.698,21,130,72,251
337,17,366,526,0.694,336,445,397,606
337,51,773,173,0.685,747,101,798,245
337,42,1070,112,0.666,1054,56,1087,169
337,79,483,541,0.662,456,474,510,607
337,47,1302,69,0.638,1276,6,1327,132
337,45,1407,83,0.592,1387,19,1427,148
337,29,427,552,0.585,391,470,463,635
337,93,1888,382,0.569,1858,307,1919,457
337,75,1790,52,0.532,1759,0,1820,104
337,89,1023,110,0.514,1001,53,1046,166
337,87,1633,77,0.5,1611,18,1655,136
337,80,1722,50,0.485,1691,0,1754,100
337,57,161,326,0.464,121,252,202,401
337,86,1824,147,0.447,1797,83,1851,212
337,74,1588,85,0.392,1555,23,1621,147
337,92,651,24,0.347,637,0,664,49
337,78,1838,69,0.309,1812,27,1865,110
338,85,119,791,0.869,71,692,166,891
338,73,1598,663,0.855,1557,577,1639,750
338,61,792,464,0.852,760,391,825,538
338,91,1182,1013,0.825,1139,947,1224,1078
338,83,1463,856,0.819,1420,773,1505,939
338,44,967,746,0.803,929,647,1005,845
338,62,974,229,0.783,946,159,1003,300
338,76,37,436,0.778,0,356,74,517
338,60,1030,230,0.776,1005,165,1055,294
338,51,773,172,0.718,747,100,798,244
338,93,1887,364,0.702,1854,278,1919,450
338,79,483,540,0.702,457,474,510,607
338,70,1025,670,0.684,991,582,1059,759
338,17,365,525,0.669,336,445,394,606
338,16,46,191,0.657,20,130,72,252
338,90,1443,1000,0.654,1386,923,1500,1078
338,42,1071,112,0.645,1054,55,1088,169
338,47,1302,67,0.637,1276,3,1327,130
338,57,159,327,0.601,118,253,201,401
338,45,1408,84,0.591,1388,20,1429,148
338,29,428,552,0.584,392,469,463,635
338,89,1026,110,0.57,1006,53,1046,168
338,80,1720,51,0.537,1689,0,1752,102
338,87,1633,77,0.506,1613,17,1652,137
338,75,1788,51,0.494,1759,0,1818,102
338,86,1823,148,0.44,1796,85,1850,211
338,74,1584,85,0.43,1551,22,1617,148
338,92,650,26,0.418,636,0,665,52
339,85,120,794,0.872,73,698,167,891
339,91,1180,1008,0.861,1138,938,1222,1077
339,73,1600,661,0.843,1556,572,1643,750
339,83,1461,848,0.84,1418,765,1505,931
339,61,793,462,0.838,759,385,826,538
339,44,969,752,0.823,930,650,1008,853
339,76,38,443,0.795,0,363,76,522
339,16,45,192,0.788,20,131,71,252
339,60,1031,232,0.786,1006,168,1057,295
339,62,976,233,0.781,947,162,1005,304
339,70,1025,660,0.739,988,574,1061,746
339,79,483,540,0.735,457,473,510,607
339,93,1885,359,0.733,1852,273,1919,446
339,57,158,328,0.7,117,257,199,400
339,17,367,526,0.66,336,445,398,606
339,47,1303,65,0.633,1279,4,1327,125
339,51,775,171,0.629,750,98,799,244
339,45,1409,84,0.625,1388,21,1430,148
339,90,1440,995,0.619,1383,913,1496,1076
339,29,427,552,0.601,391,469,463,635
339,42,1071,109,0.581,1054,52,1089,166
339,89,1029,112,0.539,1008,54,1050,171
339,86,1821,141,0.455,1793,76,1848,205
339,74,1579,84,0.42,1545,21,1614,147
339,80,1719,51,0.415,1687,0,1750,102
339,92,649,28,0.38,633,0,665,57
339,87,1629,73,0.319,1606,15,1651,131
340,85,121,795,0.876,74,700,168,891
340,91,1180,1006,0.865,1138,936,1222,1077
340,83,1461,847,0.855,1418,761,1503,933
340,61,794,461,0.852,760,384,828,538
340,73,1601,660,0.833,1557,571,1645,750
340,76,39,446,0.829,0,365,78,527
340,44,971,755,0.828,931,655,1011,855
340,62,977,236,0.798,948,164,1007,307
340,60,1032,232,0.782,1006,168,1058,296
340,57,157,328,0.751,115,256,198,399
340,90,1438,993,0.749,1384,910,1493,1076
340,16,45,192,0.748,19,131,71,253
340,79,483,540,0.746,456,473,510,607
340,93,1885,355,0.732,1851,268,1919,441
340,70,1024,656,0.71,989,571,1059,742
340,17,367,526,0.67,335,445,400,606
340,47,1303,63,0.65,1279,2,1326,124
340,51,775,171,0.637,750,97,799,245
340,45,1409,85,0.625,1388,21,1429,148
340,42,1071,108,0.569,1053,50,1089,166
340,29,425,553,0.55,390,471,460,635
340,89,1029,113,0.547,1009,54,1050,172
340,74,1575,84,0.511,1541,21,1609,148
340,92,644,29,0.425,623,0,666,58
340,88,446,527,0.424,424,465,467,589
340,87,1625,71,0.369,1603,14,1648,127
340,80,1718,51,0.351,1688,0,1748,102
340,86,1821,136,0.328,1794,71,1847,201
341,85,123,796,0.882,77,701,170,891
341,73,1603,659,0.861,1558,569,1647,749
341,61,794,460,0.858,761,383,828,538
341,91,1180,1003,0.848,1139,929,1221,1077
341,83,1460,841,0.842,1417,758,1503,924
341,44,968,757,0.818,932,658,1005,856
341,76,39,447,0.818,0,367,79,527
341,62,979,236,0.799,950,165,1009,307
341,60,1033,233,0.795,1008,169,1058,296
341,57,156,328,0.78,115,257,197,400
341,93,1885,353,0.757,1851,267,1919,439
341,90,1436,992,0.748,1383,908,1489,1076
341,16,45,192,0.74,19,131,71,253
341,79,483,540,0.734,457,473,510,607
341,51,775,170,0.692,751,96,799,245
341,47,1302,63,0.689,1278,2,1326,124
341,70,1020,655,0.683,984,569,1056,740
341,17,367,526,0.668,335,445,400,606
341,45,1408,85,0.666,1387,22,1429,149
341,74,1573,84,0.61,1539,20,1608,148
341,89,1030,114,0.609,1008,57,1052,172
341,42,1072,107,0.585,1054,50,1089,163
341,29,426,553,0.566,390,471,461,635
341,92,645,30,0.47,622,0,667,61
341,84,1009,652,0.455,984,569,1034,734
341,88,446,527,0.454,425,464,467,589
341,80,1717,50,0.433,1688,0,1747,101
341,86,1822,134,0.407,1794,72,1850,197
341,87,1623,69,0.341,1601,13,1644,126
341,82,1232,34,0.316,1215,0,1249,69
341,75,1786,47,0.312,1758,0,1814,94
